[540:1260:0610/165913.849:VERBOSE1:chrome\updater\updater.cc:328] Version: 138.0.7194.0, opt, 32 bit (x86), command line: "C:\Program Files (x86)\Google\GoogleUpdater\138.0.7194.0\updater.exe" --system --windows-service --service=update
[540:1260:0610/165913.865:VERBOSE1:chrome\updater\updater.cc:330] OS version: 10.0.22631.5335, System uptime (seconds): 22550, parent pid: 984
[10616:12584:0610/165913.974:VERBOSE1:chrome\updater\updater.cc:328] Version: 138.0.7194.0, opt, 32 bit (x86), command line: "C:\Program Files (x86)\Google\GoogleUpdater\138.0.7194.0\updater.exe" --crash-handler --system "--database=C:\Program Files (x86)\Google\GoogleUpdater\138.0.7194.0\Crashpad" --url=https://clients2.google.com/cr/report --annotation=prod=Update4 --annotation=ver=138.0.7194.0 "--attachment=C:\Program Files (x86)\Google\GoogleUpdater\updater.log" --initial-client-data=0x2c8,0x2cc,0x2d0,0x2a4,0x2d4,0xc429c0,0xc429cc,0xc429d8
[10616:12584:0610/165913.974:VERBOSE1:chrome\updater\updater.cc:330] OS version: 10.0.22631.5335, System uptime (seconds): 22550, parent pid: 540
[540:1260:0610/165913.974:VERBOSE1:chrome\updater\crash_reporter.cc:120] Crash handler launched and ready.
[540:1260:0610/165913.974:VERBOSE1:chrome\updater\crash_client.cc:106] Found 0 completed crash reports
[540:1260:0610/165913.990:VERBOSE1:chrome\updater\crash_client.cc:124] Found 0 pending crash reports
[540:1260:0610/165913.990:VERBOSE2:chrome\updater\update_usage_stats_task_win.cc:41] usage stats enabled by app {8a69d345-d564-463c-aff1-a69d9e530f96}
[540:1260:0610/165913.990:VERBOSE1:chrome\updater\updater.cc:90] Crash reporting initialized.
[540:1260:0610/165913.990:VERBOSE1:chrome\updater\updater.cc:145] IsUserAdmin: 1, IsUserNonElevatedAdmin: 0, IsUACOn: 1, IsElevatedWithUACOn: 1, LUA: 1
[540:3268:0610/165914.200:VERBOSE2:chrome\updater\app\server\win\updater_service_delegate.cc:60] Running COM server within the Windows Service
[540:3268:0610/165914.200:VERBOSE2:chrome\updater\app\app_server.cc:57] ModeCheck
[540:3268:0610/165914.200:VERBOSE2:chrome\updater\prefs.cc:89] CreateGlobalPrefsInternal
[540:3268:0610/165914.203:VERBOSE1:chrome\updater\prefs.cc:135] UpdaterPrefsImpl (global): C:\Program Files (x86)\Google\GoogleUpdater
[540:3268:0610/165914.203:VERBOSE2:chrome\updater\app\app_server.cc:70] This version: 138.0.7194.0, active version: 138.0.7194.0
[540:3268:0610/165914.203:VERBOSE1:chrome\updater\win\setup\setup_util.cc:263] AreComInterfacesPresent: scope: System: is_internal: 0
[540:3268:0610/165914.293:VERBOSE2:chrome\updater\win\setup\setup_util.cc:284] AreComInterfacesPresent: all interfaces present
[540:3268:0610/165914.293:VERBOSE2:chrome\updater\prefs.cc:208] CreateLocalPrefs
[540:3268:0610/165914.294:VERBOSE1:chrome\updater\prefs.cc:135] UpdaterPrefsImpl (local): C:\Program Files (x86)\Google\GoogleUpdater\138.0.7194.0
[540:3268:0610/165914.295:VERBOSE1:chrome\enterprise_companion\device_management_storage\dm_storage_win.cc:242] GetDmToken: token not found.
[540:3268:0610/165914.295:VERBOSE1:chrome\enterprise_companion\device_management_storage\dm_storage.cc:218] No valid DM token.
[540:3268:0610/165914.355:VERBOSE1:chrome\updater\policy\service.cc:146] Current effective policies:
{
  LastCheckPeriod = 270 (Default)
}

[540:3268:0610/165914.355:VERBOSE1:chrome\updater\prefs.cc:140] ~UpdaterPrefsImpl: C:\Program Files (x86)\Google\GoogleUpdater\138.0.7194.0
[540:3268:0610/165914.483:VERBOSE2:chrome\updater\app\app_server_win.cc:300] Starting task, Microsoft::WRL::Module count: 2
[540:3268:0610/165914.483:VERBOSE2:chrome\updater\util\win_util.cc:1433] OemInstallTime not found
[540:3268:0610/165914.483:VERBOSE1:chrome\updater\update_service_impl_impl.cc:820] RunPeriodicTasks
[540:3268:0610/165914.483:VERBOSE1:chrome\updater\update_service_impl_impl.cc:825] last_started updated.
[540:3268:0610/165914.842:VERBOSE2:chrome\updater\util\win_util.cc:1239] Cohort values: 1:gu/32zf:32zx@0.5, 137.0.7151.103 Rollout, 
[540:11804:0610/165915.516:VERBOSE2:chrome\updater\update_usage_stats_task_win.cc:41] usage stats enabled by app {8a69d345-d564-463c-aff1-a69d9e530f96}
[540:3268:0610/165916.310:VERBOSE1:chrome\updater\update_service_impl_impl.cc:713] FetchPolicies
[540:11804:0610/165916.310:VERBOSE1:chrome\enterprise_companion\device_management_storage\dm_storage_win.cc:242] GetDmToken: token not found.
[540:11804:0610/165916.311:VERBOSE1:chrome\enterprise_companion\device_management_storage\dm_storage_win.cc:40] ReadRegistryString: failed to read registry: Software\Policies\Google\CloudManagement\@EnrollmentToken
[540:11804:0610/165916.311:VERBOSE1:chrome\enterprise_companion\device_management_storage\dm_storage_win.cc:40] ReadRegistryString: failed to read registry: Software\Policies\Google\Chrome\@CloudManagementEnrollmentToken
[540:11804:0610/165916.311:VERBOSE1:chrome\enterprise_companion\device_management_storage\dm_storage_win.cc:40] ReadRegistryString: failed to read registry: Software\Google\Update\Clients\{44fc7fe2-65ce-487c-93f4-edee46eeaaab}@CloudManagementEnrollmentToken
[540:11804:0610/165916.311:VERBOSE1:chrome\enterprise_companion\device_management_storage\dm_storage_win.cc:40] ReadRegistryString: failed to read registry: Software\Google\Update\Clients\{430fd4d0-b729-4f61-aa34-91526481799d}@CloudManagementEnrollmentToken
[540:3268:0610/165916.311:VERBOSE2:chrome\updater\policy\service.cc:182] Device is not CBCM managed, skipped policy fetch.
[540:3268:0610/165916.311:VERBOSE1:chrome\updater\policy\service.cc:207] FetchPoliciesDone: 0
[540:3268:0610/165916.311:VERBOSE1:chrome\updater\policy\service.cc:212] Policies after refresh:
{
  LastCheckPeriod = 270 (Default)
}

[540:3268:0610/165916.833:VERBOSE1:chrome\updater\update_service_impl_impl.cc:1083] UpdateAll
[540:3268:0610/165916.833:VERBOSE1:chrome\updater\update_service_impl_impl.cc:128] GetComponents. Same version update: not allowed
[540:3268:0610/165916.833:VERBOSE1:chrome\updater\installer.cc:134] MakeCrxComponentFromAppInfo for {44fc7fe2-65ce-487c-93f4-edee46eeaaab}
[540:3268:0610/165916.833:VERBOSE1:chrome\updater\installer.cc:134] MakeCrxComponentFromAppInfo for {8a69d345-d564-463c-aff1-a69d9e530f96}
[540:3268:0610/165916.849:VERBOSE1:chrome\updater\net\network_fetcher_win.cc:54] Using the system configuration for proxy.
[540:3268:0610/165916.963:VERBOSE2:chrome\updater\net\network_fetcher_win.cc:203] Impl: Successfully got logged on user token. Impersonate result: 0
[540:3268:0610/165917.027:VERBOSE2:components\update_client\request_sender.cc:95] url: https://update.googleapis.com/service/update2/json
[540:3268:0610/165917.028:VERBOSE2:components\update_client\request_sender.cc:104] Sending Omaha request: {"request":{"@os":"win","@updater":"updater","acceptformat":"crx3,download,puff,run,xz,zucc","apps":[{"appid":"{44fc7fe2-65ce-487c-93f4-edee46eeaaab}","enabled":true,"installdate":-1,"ping":{"rd":-1},"updatecheck":{},"version":"138.0.7194.0"},{"ap":"x64-statsdef_1","appid":"{8a69d345-d564-463c-aff1-a69d9e530f96}","brand":"ONGR","cached_items":[{"sha256":"a017a3bf1dbaf31d3ae7114cc3cf1767b0ef199ff6dd08303e54083f7a9f5048"}],"cohort":"1:gu/32zf:32zx@0.5","cohortname":"137.0.7151.103 Rollout","enabled":true,"installdate":6735,"lang":"en","ping":{"ping_freshness":"{f2367789-0a83-42be-bf86-1cffb89f0987}","rd":6735},"updatecheck":{},"version":"137.0.7151.104"}],"arch":"x86","dedup":"cr","domainjoined":false,"hw":{"avx":false,"physmemory":16,"sse":true,"sse2":true,"sse3":true,"sse41":true,"sse42":true,"ssse3":true},"ismachine":true,"nacl_arch":"x86-64","os":{"arch":"x86_64","platform":"Windows","version":"10.0.22631.5335"},"prodversion":"138.0.7194.0","protocol":"4.0","requestid":"{e9a33c07-324d-41a8-b268-1227860d8858}","sessionid":"{e412b2e3-eeb1-40de-b939-9e2bd73b5403}","updaterversion":"138.0.7194.0","wow64":true}}
[540:3268:0610/165917.028:VERBOSE2:chrome\updater\net\network_fetcher_win.cc:123] PostRequest
[540:11804:0610/165917.028:VERBOSE1:components\winhttp\proxy_configuration.cc:123] Auto-proxy: winhttp uses the user settings for proxy.
[540:8932:0610/165917.082:VERBOSE1:components\winhttp\network_fetcher.cc:526] hostname: update.googleapis.com
[540:8932:0610/165917.136:VERBOSE1:components\winhttp\network_fetcher.cc:535] ip: [2607:f8b0:4006:823::2003]
[540:3268:0610/165917.506:VERBOSE2:chrome\updater\net\network_fetcher_win.cc:151] PostRequestComplete: response code=200
[540:3268:0610/165917.507:VERBOSE1:components\update_client\request_sender.cc:188] Request completed from url: https://update.googleapis.com/service/update2/json?cup2key=15:lIDegoOk_o9W5gMkFFxJ6kGd8Nggt4tnBRjG4n-kfgI&cup2hreq=d20dd1eebc06071900ae5bfdccc83507c15fcf1548554b3c894dc9b2d685a8bf
[540:3268:0610/165917.507:VERBOSE2:components\update_client\request_sender.cc:136] Omaha response received: )]}'
{"response":{"server":"prod","protocol":"4.0","daystart":{"elapsed_seconds":50362,"elapsed_days":6735},"apps":[{"appid":"{44fc7fe2-65ce-487c-93f4-edee46eeaaab}","cohort":"1:scr:","status":"ok","cohortname":"Everyone","ping":{"status":"ok"},"updatecheck":{"status":"noupdate"}},{"appid":"{8a69d345-d564-463c-aff1-a69d9e530f96}","cohort":"1:gu/32zf:32zx@0.5","status":"ok","cohortname":"137.0.7151.103 Rollout","ping":{"status":"ok"},"updatecheck":{"status":"noupdate"}}]}}
[540:3268:0610/165917.523:VERBOSE1:chrome\updater\update_service_impl_impl.cc:1106] last_checked updated.
[540:3268:0610/165917.523:INFO:chrome\updater\check_for_updates_task.cc:88] UpdateAll task complete: 0
[540:3268:0610/165917.949:VERBOSE1:chrome\updater\update_service_impl_impl.cc:928] ForceInstall
[540:3268:0610/165917.949:INFO:chrome\updater\update_service_impl_impl.cc:884] ForceInstall task complete: 0
[540:3268:0610/165929.322:VERBOSE2:chrome\updater\app\app_server_win.cc:252] Stop: COM server is shutting down.
[540:3268:0610/165929.337:VERBOSE2:chrome\updater\app\app_server_win.cc:312] Completed task, Microsoft::WRL::Module count: 0
[540:11804:0610/165929.337:VERBOSE1:chrome\updater\prefs.cc:235] Prefs committed.
[540:3268:0610/165929.400:VERBOSE1:chrome\updater\prefs.cc:140] ~UpdaterPrefsImpl: C:\Program Files (x86)\Google\GoogleUpdater
[540:1260:0610/165933.775:VERBOSE1:chrome\updater\updater.cc:335] UpdaterMain (--windows-service) returned 0.
[10616:12584:0610/165933.792:VERBOSE1:chrome\updater\updater.cc:335] UpdaterMain (--crash-handler) returned 0.
[7328:4136:0610/170106.601:VERBOSE1:chrome\updater\updater.cc:328] Version: 138.0.7194.0, opt, 32 bit (x86), command line: "C:\Program Files (x86)\Google\GoogleUpdater\138.0.7194.0\updater.exe" --system --windows-service --service=update
[7328:4136:0610/170106.601:VERBOSE1:chrome\updater\updater.cc:330] OS version: 10.0.22631.5335, System uptime (seconds): 22663, parent pid: 984
[13660:7852:0610/170106.791:VERBOSE1:chrome\updater\updater.cc:328] Version: 138.0.7194.0, opt, 32 bit (x86), command line: "C:\Program Files (x86)\Google\GoogleUpdater\138.0.7194.0\updater.exe" --crash-handler --system "--database=C:\Program Files (x86)\Google\GoogleUpdater\138.0.7194.0\Crashpad" --url=https://clients2.google.com/cr/report --annotation=prod=Update4 --annotation=ver=138.0.7194.0 "--attachment=C:\Program Files (x86)\Google\GoogleUpdater\updater.log" --initial-client-data=0x2c8,0x2cc,0x2d0,0x2a4,0x2d4,0xc429c0,0xc429cc,0xc429d8
[13660:7852:0610/170106.791:VERBOSE1:chrome\updater\updater.cc:330] OS version: 10.0.22631.5335, System uptime (seconds): 22663, parent pid: 7328
[7328:4136:0610/170106.811:VERBOSE1:chrome\updater\crash_reporter.cc:120] Crash handler launched and ready.
[7328:4136:0610/170106.813:VERBOSE1:chrome\updater\crash_client.cc:106] Found 0 completed crash reports
[7328:4136:0610/170106.813:VERBOSE1:chrome\updater\crash_client.cc:124] Found 0 pending crash reports
[7328:4136:0610/170106.813:VERBOSE2:chrome\updater\update_usage_stats_task_win.cc:41] usage stats enabled by app {8a69d345-d564-463c-aff1-a69d9e530f96}
[7328:4136:0610/170106.813:VERBOSE1:chrome\updater\updater.cc:90] Crash reporting initialized.
[7328:4136:0610/170106.816:VERBOSE1:chrome\updater\updater.cc:145] IsUserAdmin: 1, IsUserNonElevatedAdmin: 0, IsUACOn: 1, IsElevatedWithUACOn: 1, LUA: 1
[7328:12304:0610/170106.881:VERBOSE2:chrome\updater\app\server\win\updater_service_delegate.cc:60] Running COM server within the Windows Service
[7328:12304:0610/170106.881:VERBOSE2:chrome\updater\app\app_server.cc:57] ModeCheck
[7328:12304:0610/170106.881:VERBOSE2:chrome\updater\prefs.cc:89] CreateGlobalPrefsInternal
[7328:12304:0610/170106.881:VERBOSE1:chrome\updater\prefs.cc:135] UpdaterPrefsImpl (global): C:\Program Files (x86)\Google\GoogleUpdater
[7328:12304:0610/170106.881:VERBOSE2:chrome\updater\app\app_server.cc:70] This version: 138.0.7194.0, active version: 138.0.7194.0
[7328:12304:0610/170106.881:VERBOSE1:chrome\updater\win\setup\setup_util.cc:263] AreComInterfacesPresent: scope: System: is_internal: 0
[7328:12304:0610/170106.916:VERBOSE2:chrome\updater\win\setup\setup_util.cc:284] AreComInterfacesPresent: all interfaces present
[7328:12304:0610/170106.916:VERBOSE2:chrome\updater\prefs.cc:208] CreateLocalPrefs
[7328:12304:0610/170106.916:VERBOSE1:chrome\updater\prefs.cc:135] UpdaterPrefsImpl (local): C:\Program Files (x86)\Google\GoogleUpdater\138.0.7194.0
[7328:12304:0610/170106.916:VERBOSE1:chrome\enterprise_companion\device_management_storage\dm_storage_win.cc:242] GetDmToken: token not found.
[7328:12304:0610/170106.916:VERBOSE1:chrome\enterprise_companion\device_management_storage\dm_storage.cc:218] No valid DM token.
[7328:12304:0610/170106.971:VERBOSE1:chrome\updater\policy\service.cc:146] Current effective policies:
{
  LastCheckPeriod = 270 (Default)
}

[7328:12304:0610/170106.971:VERBOSE1:chrome\updater\prefs.cc:140] ~UpdaterPrefsImpl: C:\Program Files (x86)\Google\GoogleUpdater\138.0.7194.0
[7328:12304:0610/170107.175:VERBOSE2:chrome\updater\app\app_server_win.cc:300] Starting task, Microsoft::WRL::Module count: 2
[7328:12304:0610/170107.175:VERBOSE2:chrome\updater\util\win_util.cc:1433] OemInstallTime not found
[7328:12304:0610/170107.175:VERBOSE1:chrome\updater\update_service_impl_impl.cc:820] RunPeriodicTasks
[7328:12304:0610/170107.175:VERBOSE1:chrome\updater\update_service_impl_impl.cc:825] last_started updated.
[7328:12304:0610/170107.969:VERBOSE2:chrome\updater\util\win_util.cc:1239] Cohort values: 1:gu/32zf:32zx@0.5, 137.0.7151.103 Rollout, 
[7328:5320:0610/170108.713:VERBOSE2:chrome\updater\update_usage_stats_task_win.cc:41] usage stats enabled by app {8a69d345-d564-463c-aff1-a69d9e530f96}
[7328:12304:0610/170109.388:VERBOSE1:chrome\updater\update_service_impl_impl.cc:713] FetchPolicies
[7328:5320:0610/170109.388:VERBOSE1:chrome\enterprise_companion\device_management_storage\dm_storage_win.cc:242] GetDmToken: token not found.
[7328:5320:0610/170109.388:VERBOSE1:chrome\enterprise_companion\device_management_storage\dm_storage_win.cc:40] ReadRegistryString: failed to read registry: Software\Policies\Google\CloudManagement\@EnrollmentToken
[7328:5320:0610/170109.388:VERBOSE1:chrome\enterprise_companion\device_management_storage\dm_storage_win.cc:40] ReadRegistryString: failed to read registry: Software\Policies\Google\Chrome\@CloudManagementEnrollmentToken
[7328:5320:0610/170109.388:VERBOSE1:chrome\enterprise_companion\device_management_storage\dm_storage_win.cc:40] ReadRegistryString: failed to read registry: Software\Google\Update\Clients\{44fc7fe2-65ce-487c-93f4-edee46eeaaab}@CloudManagementEnrollmentToken
[7328:5320:0610/170109.388:VERBOSE1:chrome\enterprise_companion\device_management_storage\dm_storage_win.cc:40] ReadRegistryString: failed to read registry: Software\Google\Update\Clients\{430fd4d0-b729-4f61-aa34-91526481799d}@CloudManagementEnrollmentToken
[7328:12304:0610/170109.388:VERBOSE2:chrome\updater\policy\service.cc:182] Device is not CBCM managed, skipped policy fetch.
[7328:12304:0610/170109.388:VERBOSE1:chrome\updater\policy\service.cc:207] FetchPoliciesDone: 0
[7328:12304:0610/170109.388:VERBOSE1:chrome\updater\policy\service.cc:212] Policies after refresh:
{
  LastCheckPeriod = 270 (Default)
}

[7328:12304:0610/170109.937:INFO:chrome\updater\check_for_updates_task.cc:49] Skipping UpdateAll: last update was 1 minutes ago. check_delay == 324
[7328:12304:0610/170110.110:VERBOSE1:chrome\updater\update_service_impl_impl.cc:928] ForceInstall
[7328:12304:0610/170110.110:INFO:chrome\updater\update_service_impl_impl.cc:884] ForceInstall task complete: 0
[7328:12304:0610/170121.002:VERBOSE2:chrome\updater\app\app_server_win.cc:252] Stop: COM server is shutting down.
[7328:12304:0610/170121.002:VERBOSE2:chrome\updater\app\app_server_win.cc:312] Completed task, Microsoft::WRL::Module count: 0
[7328:5320:0610/170121.002:VERBOSE1:chrome\updater\prefs.cc:235] Prefs committed.
[7328:12304:0610/170121.002:VERBOSE1:chrome\updater\prefs.cc:140] ~UpdaterPrefsImpl: C:\Program Files (x86)\Google\GoogleUpdater
[7328:4136:0610/170126.789:VERBOSE1:chrome\updater\updater.cc:335] UpdaterMain (--windows-service) returned 0.
[13660:7852:0610/170126.847:VERBOSE1:chrome\updater\updater.cc:335] UpdaterMain (--crash-handler) returned 0.
[2464:15848:0610/170211.809:VERBOSE1:chrome\updater\updater.cc:328] Version: 138.0.7194.0, opt, 32 bit (x86), command line: "C:\Program Files (x86)\Google\GoogleUpdater\138.0.7194.0\updater.exe" --wake --system
[2464:15848:0610/170211.875:VERBOSE1:chrome\updater\updater.cc:330] OS version: 10.0.22631.5335, System uptime (seconds): 22728, parent pid: 3044
[12020:8124:0610/170213.212:VERBOSE1:chrome\updater\updater.cc:328] Version: 138.0.7194.0, opt, 32 bit (x86), command line: "C:\Program Files (x86)\Google\GoogleUpdater\138.0.7194.0\updater.exe" --crash-handler --system "--database=C:\Program Files (x86)\Google\GoogleUpdater\138.0.7194.0\Crashpad" --url=https://clients2.google.com/cr/report --annotation=prod=Update4 --annotation=ver=138.0.7194.0 "--attachment=C:\Program Files (x86)\Google\GoogleUpdater\updater.log" --initial-client-data=0x2c8,0x2cc,0x2d0,0x2a4,0x2d4,0xc429c0,0xc429cc,0xc429d8
[12020:8124:0610/170213.212:VERBOSE1:chrome\updater\updater.cc:330] OS version: 10.0.22631.5335, System uptime (seconds): 22729, parent pid: 2464
[2464:15848:0610/170213.229:VERBOSE1:chrome\updater\crash_reporter.cc:120] Crash handler launched and ready.
[2464:15848:0610/170213.231:VERBOSE1:chrome\updater\crash_client.cc:106] Found 0 completed crash reports
[2464:15848:0610/170213.232:VERBOSE1:chrome\updater\crash_client.cc:124] Found 0 pending crash reports
[2464:15848:0610/170213.233:VERBOSE2:chrome\updater\update_usage_stats_task_win.cc:41] usage stats enabled by app {8a69d345-d564-463c-aff1-a69d9e530f96}
[2464:15848:0610/170213.237:VERBOSE1:chrome\updater\updater.cc:90] Crash reporting initialized.
[2464:15848:0610/170213.241:VERBOSE1:chrome\updater\updater.cc:145] IsUserAdmin: 1, IsUserNonElevatedAdmin: 0, IsUACOn: 1, IsElevatedWithUACOn: 1, LUA: 1
[2464:15848:0610/170213.276:VERBOSE1:chrome\updater\ipc\update_service_internal_proxy_win.cc:156] Run
[14248:12256:0610/170214.003:VERBOSE1:chrome\updater\updater.cc:328] Version: 138.0.7194.0, opt, 32 bit (x86), command line: "C:\Program Files (x86)\Google\GoogleUpdater\138.0.7194.0\updater.exe" --system --windows-service --service=update-internal
[14248:12256:0610/170214.003:VERBOSE1:chrome\updater\updater.cc:330] OS version: 10.0.22631.5335, System uptime (seconds): 22730, parent pid: 984
[14244:12360:0610/170214.159:VERBOSE1:chrome\updater\updater.cc:328] Version: 138.0.7194.0, opt, 32 bit (x86), command line: "C:\Program Files (x86)\Google\GoogleUpdater\138.0.7194.0\updater.exe" --crash-handler --system "--database=C:\Program Files (x86)\Google\GoogleUpdater\138.0.7194.0\Crashpad" --url=https://clients2.google.com/cr/report --annotation=prod=Update4 --annotation=ver=138.0.7194.0 "--attachment=C:\Program Files (x86)\Google\GoogleUpdater\updater.log" --initial-client-data=0x2c8,0x2cc,0x2d0,0x2ac,0x2d4,0xc429c0,0xc429cc,0xc429d8
[14244:12360:0610/170214.159:VERBOSE1:chrome\updater\updater.cc:330] OS version: 10.0.22631.5335, System uptime (seconds): 22730, parent pid: 14248
[14248:12256:0610/170214.174:VERBOSE1:chrome\updater\crash_reporter.cc:120] Crash handler launched and ready.
[14248:12256:0610/170214.174:VERBOSE1:chrome\updater\crash_client.cc:106] Found 0 completed crash reports
[14248:12256:0610/170214.174:VERBOSE1:chrome\updater\crash_client.cc:124] Found 0 pending crash reports
[14248:12256:0610/170214.174:VERBOSE2:chrome\updater\update_usage_stats_task_win.cc:41] usage stats enabled by app {8a69d345-d564-463c-aff1-a69d9e530f96}
[14248:12256:0610/170214.174:VERBOSE1:chrome\updater\updater.cc:90] Crash reporting initialized.
[14248:12256:0610/170214.174:VERBOSE1:chrome\updater\updater.cc:145] IsUserAdmin: 1, IsUserNonElevatedAdmin: 0, IsUACOn: 1, IsElevatedWithUACOn: 1, LUA: 1
[14248:13868:0610/170214.265:VERBOSE2:chrome\updater\app\server\win\updater_service_delegate.cc:60] Running COM server within the Windows Service
[14248:13868:0610/170214.265:VERBOSE2:chrome\updater\app\app_server.cc:57] ModeCheck
[14248:13868:0610/170214.265:VERBOSE2:chrome\updater\prefs.cc:89] CreateGlobalPrefsInternal
[14248:13868:0610/170214.265:VERBOSE1:chrome\updater\prefs.cc:135] UpdaterPrefsImpl (global): C:\Program Files (x86)\Google\GoogleUpdater
[14248:13868:0610/170214.265:VERBOSE2:chrome\updater\app\app_server.cc:70] This version: 138.0.7194.0, active version: 138.0.7194.0
[14248:13868:0610/170214.265:VERBOSE1:chrome\updater\win\setup\setup_util.cc:263] AreComInterfacesPresent: scope: System: is_internal: 1
[14248:13868:0610/170214.265:VERBOSE2:chrome\updater\win\setup\setup_util.cc:284] AreComInterfacesPresent: all interfaces present
[14248:13868:0610/170214.265:VERBOSE2:chrome\updater\prefs.cc:208] CreateLocalPrefs
[14248:13868:0610/170214.265:VERBOSE1:chrome\updater\prefs.cc:135] UpdaterPrefsImpl (local): C:\Program Files (x86)\Google\GoogleUpdater\138.0.7194.0
[14248:13868:0610/170214.265:VERBOSE1:chrome\updater\prefs.cc:140] ~UpdaterPrefsImpl: C:\Program Files (x86)\Google\GoogleUpdater
[14248:13868:0610/170216.649:VERBOSE2:chrome\updater\app\app_server_win.cc:300] Starting task, Microsoft::WRL::Module count: 2
[14248:13868:0610/170216.649:VERBOSE1:chrome\updater\update_service_internal_impl.cc:25] Run
[14248:13868:0610/170216.649:VERBOSE1:chrome\updater\ipc\update_service_proxy_win.cc:1090] RunPeriodicTasks
[7668:6920:0610/170216.790:VERBOSE1:chrome\updater\updater.cc:328] Version: 138.0.7194.0, opt, 32 bit (x86), command line: "C:\Program Files (x86)\Google\GoogleUpdater\138.0.7194.0\updater.exe" --system --windows-service --service=update
[7668:6920:0610/170216.790:VERBOSE1:chrome\updater\updater.cc:330] OS version: 10.0.22631.5335, System uptime (seconds): 22733, parent pid: 984
[9604:14892:0610/170217.112:VERBOSE1:chrome\updater\updater.cc:328] Version: 138.0.7194.0, opt, 32 bit (x86), command line: "C:\Program Files (x86)\Google\GoogleUpdater\138.0.7194.0\updater.exe" --crash-handler --system "--database=C:\Program Files (x86)\Google\GoogleUpdater\138.0.7194.0\Crashpad" --url=https://clients2.google.com/cr/report --annotation=prod=Update4 --annotation=ver=138.0.7194.0 "--attachment=C:\Program Files (x86)\Google\GoogleUpdater\updater.log" --initial-client-data=0x2c8,0x2cc,0x2d0,0x2ac,0x2d4,0xc429c0,0xc429cc,0xc429d8
[9604:14892:0610/170217.112:VERBOSE1:chrome\updater\updater.cc:330] OS version: 10.0.22631.5335, System uptime (seconds): 22733, parent pid: 7668
[7668:6920:0610/170217.174:VERBOSE1:chrome\updater\crash_reporter.cc:120] Crash handler launched and ready.
[7668:6920:0610/170217.177:VERBOSE1:chrome\updater\crash_client.cc:106] Found 0 completed crash reports
[7668:6920:0610/170217.179:VERBOSE1:chrome\updater\crash_client.cc:124] Found 0 pending crash reports
[7668:6920:0610/170217.180:VERBOSE2:chrome\updater\update_usage_stats_task_win.cc:41] usage stats enabled by app {8a69d345-d564-463c-aff1-a69d9e530f96}
[7668:6920:0610/170217.182:VERBOSE1:chrome\updater\updater.cc:90] Crash reporting initialized.
[7668:6920:0610/170217.192:VERBOSE1:chrome\updater\updater.cc:145] IsUserAdmin: 1, IsUserNonElevatedAdmin: 0, IsUACOn: 1, IsElevatedWithUACOn: 1, LUA: 1
[7668:11460:0610/170217.309:VERBOSE2:chrome\updater\app\server\win\updater_service_delegate.cc:60] Running COM server within the Windows Service
[7668:11460:0610/170217.309:VERBOSE2:chrome\updater\app\app_server.cc:57] ModeCheck
[7668:11460:0610/170217.309:VERBOSE2:chrome\updater\prefs.cc:89] CreateGlobalPrefsInternal
[7668:11460:0610/170217.311:VERBOSE1:chrome\updater\prefs.cc:135] UpdaterPrefsImpl (global): C:\Program Files (x86)\Google\GoogleUpdater
[7668:11460:0610/170217.311:VERBOSE2:chrome\updater\app\app_server.cc:70] This version: 138.0.7194.0, active version: 138.0.7194.0
[7668:11460:0610/170217.311:VERBOSE1:chrome\updater\win\setup\setup_util.cc:263] AreComInterfacesPresent: scope: System: is_internal: 0
[7668:11460:0610/170217.357:VERBOSE2:chrome\updater\win\setup\setup_util.cc:284] AreComInterfacesPresent: all interfaces present
[7668:11460:0610/170217.357:VERBOSE2:chrome\updater\prefs.cc:208] CreateLocalPrefs
[7668:11460:0610/170217.358:VERBOSE1:chrome\updater\prefs.cc:135] UpdaterPrefsImpl (local): C:\Program Files (x86)\Google\GoogleUpdater\138.0.7194.0
[7668:11460:0610/170217.358:VERBOSE1:chrome\enterprise_companion\device_management_storage\dm_storage_win.cc:242] GetDmToken: token not found.
[7668:11460:0610/170217.358:VERBOSE1:chrome\enterprise_companion\device_management_storage\dm_storage.cc:218] No valid DM token.
[7668:11460:0610/170217.389:VERBOSE1:chrome\updater\policy\service.cc:146] Current effective policies:
{
  LastCheckPeriod = 270 (Default)
}

[7668:11460:0610/170217.390:VERBOSE1:chrome\updater\prefs.cc:140] ~UpdaterPrefsImpl: C:\Program Files (x86)\Google\GoogleUpdater\138.0.7194.0
[7668:11460:0610/170217.539:VERBOSE2:chrome\updater\app\app_server_win.cc:300] Starting task, Microsoft::WRL::Module count: 2
[7668:11460:0610/170217.540:VERBOSE2:chrome\updater\util\win_util.cc:1433] OemInstallTime not found
[7668:11460:0610/170217.540:VERBOSE1:chrome\updater\update_service_impl_impl.cc:820] RunPeriodicTasks
[7668:11460:0610/170217.540:VERBOSE1:chrome\updater\update_service_impl_impl.cc:825] last_started updated.
[7668:11460:0610/170218.022:VERBOSE2:chrome\updater\util\win_util.cc:1239] Cohort values: 1:gu/32zf:32zx@0.5, 137.0.7151.103 Rollout, 
[7668:3428:0610/170219.219:VERBOSE2:chrome\updater\update_usage_stats_task_win.cc:41] usage stats enabled by app {8a69d345-d564-463c-aff1-a69d9e530f96}
[7668:11460:0610/170219.422:VERBOSE1:chrome\updater\update_service_impl_impl.cc:713] FetchPolicies
[7668:3428:0610/170219.422:VERBOSE1:chrome\enterprise_companion\device_management_storage\dm_storage_win.cc:242] GetDmToken: token not found.
[7668:3428:0610/170219.422:VERBOSE1:chrome\enterprise_companion\device_management_storage\dm_storage_win.cc:40] ReadRegistryString: failed to read registry: Software\Policies\Google\CloudManagement\@EnrollmentToken
[7668:3428:0610/170219.422:VERBOSE1:chrome\enterprise_companion\device_management_storage\dm_storage_win.cc:40] ReadRegistryString: failed to read registry: Software\Policies\Google\Chrome\@CloudManagementEnrollmentToken
[7668:3428:0610/170219.422:VERBOSE1:chrome\enterprise_companion\device_management_storage\dm_storage_win.cc:40] ReadRegistryString: failed to read registry: Software\Google\Update\Clients\{44fc7fe2-65ce-487c-93f4-edee46eeaaab}@CloudManagementEnrollmentToken
[7668:3428:0610/170219.422:VERBOSE1:chrome\enterprise_companion\device_management_storage\dm_storage_win.cc:40] ReadRegistryString: failed to read registry: Software\Google\Update\Clients\{430fd4d0-b729-4f61-aa34-91526481799d}@CloudManagementEnrollmentToken
[7668:11460:0610/170219.422:VERBOSE2:chrome\updater\policy\service.cc:182] Device is not CBCM managed, skipped policy fetch.
[7668:11460:0610/170219.422:VERBOSE1:chrome\updater\policy\service.cc:207] FetchPoliciesDone: 0
[7668:11460:0610/170219.422:VERBOSE1:chrome\updater\policy\service.cc:212] Policies after refresh:
{
  LastCheckPeriod = 270 (Default)
}

[7668:11460:0610/170220.079:INFO:chrome\updater\check_for_updates_task.cc:49] Skipping UpdateAll: last update was 3 minutes ago. check_delay == 270
[7668:11460:0610/170220.816:VERBOSE1:chrome\updater\update_service_impl_impl.cc:928] ForceInstall
[7668:11460:0610/170220.816:INFO:chrome\updater\update_service_impl_impl.cc:884] ForceInstall task complete: 0
[14248:7252:0610/170221.646:VERBOSE2:chrome\updater\ipc\update_service_proxy_win.cc:255] Run
[14248:13868:0610/170221.646:VERBOSE1:chrome\updater\ipc\update_service_proxy_win.cc:1048] ~UpdateServiceProxyImpl
[14248:5836:0610/170221.646:VERBOSE2:chrome\updater\ipc\proxy_impl_base_win.h:62] ~ProxyImplBase
[2464:8216:0610/170221.646:VERBOSE2:chrome\updater\ipc\update_service_internal_proxy_win.cc:65] Run result 0.
[14248:532:0610/170221.646:VERBOSE2:chrome\updater\app\server\win\com_classes.cc:891] UpdaterInternalImpl::Run. IUpdaterInternalCallback::Run returned 0
[2464:15848:0610/170227.288:VERBOSE1:chrome\updater\ipc\update_service_internal_proxy_win.cc:148] ~UpdateServiceInternalProxyImpl
[2464:10796:0610/170230.762:VERBOSE2:chrome\updater\ipc\proxy_impl_base_win.h:62] ~ProxyImplBase
[14248:13868:0610/170231.666:VERBOSE2:chrome\updater\app\app_server_win.cc:252] Stop: COM server is shutting down.
[14248:13868:0610/170231.666:VERBOSE2:chrome\updater\app\app_server_win.cc:312] Completed task, Microsoft::WRL::Module count: 0
[14248:532:0610/170231.666:VERBOSE1:chrome\updater\prefs.cc:235] Prefs committed.
[14248:13868:0610/170231.666:VERBOSE1:chrome\updater\prefs.cc:140] ~UpdaterPrefsImpl: C:\Program Files (x86)\Google\GoogleUpdater\138.0.7194.0
[7668:11460:0610/170231.666:VERBOSE2:chrome\updater\app\app_server_win.cc:252] Stop: COM server is shutting down.
[7668:11460:0610/170231.666:VERBOSE2:chrome\updater\app\app_server_win.cc:312] Completed task, Microsoft::WRL::Module count: 0
[7668:3428:0610/170231.666:VERBOSE1:chrome\updater\prefs.cc:235] Prefs committed.
[7668:11460:0610/170231.666:VERBOSE1:chrome\updater\prefs.cc:140] ~UpdaterPrefsImpl: C:\Program Files (x86)\Google\GoogleUpdater
[2464:15848:0610/170236.294:VERBOSE1:chrome\updater\updater.cc:335] UpdaterMain (--wake) returned 0.
[12020:8124:0610/170236.357:VERBOSE1:chrome\updater\updater.cc:335] UpdaterMain (--crash-handler) returned 0.
[14248:12256:0610/170236.435:VERBOSE1:chrome\updater\updater.cc:335] UpdaterMain (--windows-service) returned 0.
[14244:12360:0610/170236.451:VERBOSE1:chrome\updater\updater.cc:335] UpdaterMain (--crash-handler) returned 0.
[7668:6920:0610/170236.466:VERBOSE1:chrome\updater\updater.cc:335] UpdaterMain (--windows-service) returned 0.
[9604:14892:0610/170236.482:VERBOSE1:chrome\updater\updater.cc:335] UpdaterMain (--crash-handler) returned 0.
[15780:11452:0610/180210.256:VERBOSE1:chrome\updater\updater.cc:328] Version: 138.0.7194.0, opt, 32 bit (x86), command line: "C:\Program Files (x86)\Google\GoogleUpdater\138.0.7194.0\updater.exe" --wake --system
[15780:11452:0610/180210.256:VERBOSE1:chrome\updater\updater.cc:330] OS version: 10.0.22631.5335, System uptime (seconds): 26326, parent pid: 3044
[1276:6604:0610/180210.356:VERBOSE1:chrome\updater\updater.cc:328] Version: 138.0.7194.0, opt, 32 bit (x86), command line: "C:\Program Files (x86)\Google\GoogleUpdater\138.0.7194.0\updater.exe" --crash-handler --system "--database=C:\Program Files (x86)\Google\GoogleUpdater\138.0.7194.0\Crashpad" --url=https://clients2.google.com/cr/report --annotation=prod=Update4 --annotation=ver=138.0.7194.0 "--attachment=C:\Program Files (x86)\Google\GoogleUpdater\updater.log" --initial-client-data=0x2dc,0x2e0,0x2e4,0x2b8,0x2e8,0xc429c0,0xc429cc,0xc429d8
[1276:6604:0610/180210.356:VERBOSE1:chrome\updater\updater.cc:330] OS version: 10.0.22631.5335, System uptime (seconds): 26326, parent pid: 15780
[15780:11452:0610/180210.359:VERBOSE1:chrome\updater\crash_reporter.cc:120] Crash handler launched and ready.
[15780:11452:0610/180210.360:VERBOSE1:chrome\updater\crash_client.cc:106] Found 0 completed crash reports
[15780:11452:0610/180210.361:VERBOSE1:chrome\updater\crash_client.cc:124] Found 0 pending crash reports
[15780:11452:0610/180210.361:VERBOSE2:chrome\updater\update_usage_stats_task_win.cc:41] usage stats enabled by app {8a69d345-d564-463c-aff1-a69d9e530f96}
[15780:11452:0610/180210.362:VERBOSE1:chrome\updater\updater.cc:90] Crash reporting initialized.
[15780:11452:0610/180210.366:VERBOSE1:chrome\updater\updater.cc:145] IsUserAdmin: 1, IsUserNonElevatedAdmin: 0, IsUACOn: 1, IsElevatedWithUACOn: 1, LUA: 1
[15780:11452:0610/180210.389:VERBOSE1:chrome\updater\ipc\update_service_internal_proxy_win.cc:156] Run
[688:7260:0610/180210.500:VERBOSE1:chrome\updater\updater.cc:328] Version: 138.0.7194.0, opt, 32 bit (x86), command line: "C:\Program Files (x86)\Google\GoogleUpdater\138.0.7194.0\updater.exe" --system --windows-service --service=update-internal
[688:7260:0610/180210.500:VERBOSE1:chrome\updater\updater.cc:330] OS version: 10.0.22631.5335, System uptime (seconds): 26327, parent pid: 984
[3752:1532:0610/180210.592:VERBOSE1:chrome\updater\updater.cc:328] Version: 138.0.7194.0, opt, 32 bit (x86), command line: "C:\Program Files (x86)\Google\GoogleUpdater\138.0.7194.0\updater.exe" --crash-handler --system "--database=C:\Program Files (x86)\Google\GoogleUpdater\138.0.7194.0\Crashpad" --url=https://clients2.google.com/cr/report --annotation=prod=Update4 --annotation=ver=138.0.7194.0 "--attachment=C:\Program Files (x86)\Google\GoogleUpdater\updater.log" --initial-client-data=0x2d0,0x2d4,0x2d8,0x2ac,0x2dc,0xc429c0,0xc429cc,0xc429d8
[3752:1532:0610/180210.592:VERBOSE1:chrome\updater\updater.cc:330] OS version: 10.0.22631.5335, System uptime (seconds): 26327, parent pid: 688
[688:7260:0610/180210.595:VERBOSE1:chrome\updater\crash_reporter.cc:120] Crash handler launched and ready.
[688:7260:0610/180210.596:VERBOSE1:chrome\updater\crash_client.cc:106] Found 0 completed crash reports
[688:7260:0610/180210.596:VERBOSE1:chrome\updater\crash_client.cc:124] Found 0 pending crash reports
[688:7260:0610/180210.597:VERBOSE2:chrome\updater\update_usage_stats_task_win.cc:41] usage stats enabled by app {8a69d345-d564-463c-aff1-a69d9e530f96}
[688:7260:0610/180210.599:VERBOSE1:chrome\updater\updater.cc:90] Crash reporting initialized.
[688:7260:0610/180210.602:VERBOSE1:chrome\updater\updater.cc:145] IsUserAdmin: 1, IsUserNonElevatedAdmin: 0, IsUACOn: 1, IsElevatedWithUACOn: 1, LUA: 1
[688:11576:0610/180210.630:VERBOSE2:chrome\updater\app\server\win\updater_service_delegate.cc:60] Running COM server within the Windows Service
[688:11576:0610/180210.631:VERBOSE2:chrome\updater\app\app_server.cc:57] ModeCheck
[688:11576:0610/180210.631:VERBOSE2:chrome\updater\prefs.cc:89] CreateGlobalPrefsInternal
[688:11576:0610/180210.632:VERBOSE1:chrome\updater\prefs.cc:135] UpdaterPrefsImpl (global): C:\Program Files (x86)\Google\GoogleUpdater
[688:11576:0610/180210.632:VERBOSE2:chrome\updater\app\app_server.cc:70] This version: 138.0.7194.0, active version: 138.0.7194.0
[688:11576:0610/180210.632:VERBOSE1:chrome\updater\win\setup\setup_util.cc:263] AreComInterfacesPresent: scope: System: is_internal: 1
[688:11576:0610/180210.635:VERBOSE2:chrome\updater\win\setup\setup_util.cc:284] AreComInterfacesPresent: all interfaces present
[688:11576:0610/180210.635:VERBOSE2:chrome\updater\prefs.cc:208] CreateLocalPrefs
[688:11576:0610/180210.635:VERBOSE1:chrome\updater\prefs.cc:135] UpdaterPrefsImpl (local): C:\Program Files (x86)\Google\GoogleUpdater\138.0.7194.0
[688:11576:0610/180210.635:VERBOSE1:chrome\updater\prefs.cc:140] ~UpdaterPrefsImpl: C:\Program Files (x86)\Google\GoogleUpdater
[688:11576:0610/180210.674:VERBOSE2:chrome\updater\app\app_server_win.cc:300] Starting task, Microsoft::WRL::Module count: 2
[688:11576:0610/180210.674:VERBOSE1:chrome\updater\update_service_internal_impl.cc:25] Run
[688:11576:0610/180210.674:VERBOSE1:chrome\updater\ipc\update_service_proxy_win.cc:1090] RunPeriodicTasks
[12112:7904:0610/180210.765:VERBOSE1:chrome\updater\updater.cc:328] Version: 138.0.7194.0, opt, 32 bit (x86), command line: "C:\Program Files (x86)\Google\GoogleUpdater\138.0.7194.0\updater.exe" --system --windows-service --service=update
[12112:7904:0610/180210.765:VERBOSE1:chrome\updater\updater.cc:330] OS version: 10.0.22631.5335, System uptime (seconds): 26327, parent pid: 984
[3344:12012:0610/180210.853:VERBOSE1:chrome\updater\updater.cc:328] Version: 138.0.7194.0, opt, 32 bit (x86), command line: "C:\Program Files (x86)\Google\GoogleUpdater\138.0.7194.0\updater.exe" --crash-handler --system "--database=C:\Program Files (x86)\Google\GoogleUpdater\138.0.7194.0\Crashpad" --url=https://clients2.google.com/cr/report --annotation=prod=Update4 --annotation=ver=138.0.7194.0 "--attachment=C:\Program Files (x86)\Google\GoogleUpdater\updater.log" --initial-client-data=0x2d0,0x2d4,0x2d8,0x2ac,0x2dc,0xc429c0,0xc429cc,0xc429d8
[3344:12012:0610/180210.853:VERBOSE1:chrome\updater\updater.cc:330] OS version: 10.0.22631.5335, System uptime (seconds): 26327, parent pid: 12112
[12112:7904:0610/180210.856:VERBOSE1:chrome\updater\crash_reporter.cc:120] Crash handler launched and ready.
[12112:7904:0610/180210.857:VERBOSE1:chrome\updater\crash_client.cc:106] Found 0 completed crash reports
[12112:7904:0610/180210.858:VERBOSE1:chrome\updater\crash_client.cc:124] Found 0 pending crash reports
[12112:7904:0610/180210.858:VERBOSE2:chrome\updater\update_usage_stats_task_win.cc:41] usage stats enabled by app {8a69d345-d564-463c-aff1-a69d9e530f96}
[12112:7904:0610/180210.860:VERBOSE1:chrome\updater\updater.cc:90] Crash reporting initialized.
[12112:7904:0610/180210.862:VERBOSE1:chrome\updater\updater.cc:145] IsUserAdmin: 1, IsUserNonElevatedAdmin: 0, IsUACOn: 1, IsElevatedWithUACOn: 1, LUA: 1
[12112:11788:0610/180210.889:VERBOSE2:chrome\updater\app\server\win\updater_service_delegate.cc:60] Running COM server within the Windows Service
[12112:11788:0610/180210.889:VERBOSE2:chrome\updater\app\app_server.cc:57] ModeCheck
[12112:11788:0610/180210.890:VERBOSE2:chrome\updater\prefs.cc:89] CreateGlobalPrefsInternal
[12112:11788:0610/180210.890:VERBOSE1:chrome\updater\prefs.cc:135] UpdaterPrefsImpl (global): C:\Program Files (x86)\Google\GoogleUpdater
[12112:11788:0610/180210.890:VERBOSE2:chrome\updater\app\app_server.cc:70] This version: 138.0.7194.0, active version: 138.0.7194.0
[12112:11788:0610/180210.890:VERBOSE1:chrome\updater\win\setup\setup_util.cc:263] AreComInterfacesPresent: scope: System: is_internal: 0
[12112:11788:0610/180210.918:VERBOSE2:chrome\updater\win\setup\setup_util.cc:284] AreComInterfacesPresent: all interfaces present
[12112:11788:0610/180210.919:VERBOSE2:chrome\updater\prefs.cc:208] CreateLocalPrefs
[12112:11788:0610/180210.920:VERBOSE1:chrome\updater\prefs.cc:135] UpdaterPrefsImpl (local): C:\Program Files (x86)\Google\GoogleUpdater\138.0.7194.0
[12112:11788:0610/180210.920:VERBOSE1:chrome\enterprise_companion\device_management_storage\dm_storage_win.cc:242] GetDmToken: token not found.
[12112:11788:0610/180210.920:VERBOSE1:chrome\enterprise_companion\device_management_storage\dm_storage.cc:218] No valid DM token.
[12112:11788:0610/180210.945:VERBOSE1:chrome\updater\policy\service.cc:146] Current effective policies:
{
  LastCheckPeriod = 270 (Default)
}

[12112:11788:0610/180210.945:VERBOSE1:chrome\updater\prefs.cc:140] ~UpdaterPrefsImpl: C:\Program Files (x86)\Google\GoogleUpdater\138.0.7194.0
[12112:11788:0610/180210.992:VERBOSE2:chrome\updater\app\app_server_win.cc:300] Starting task, Microsoft::WRL::Module count: 2
[12112:11788:0610/180210.992:VERBOSE2:chrome\updater\util\win_util.cc:1433] OemInstallTime not found
[12112:11788:0610/180210.992:VERBOSE1:chrome\updater\update_service_impl_impl.cc:820] RunPeriodicTasks
[12112:11788:0610/180210.992:VERBOSE1:chrome\updater\update_service_impl_impl.cc:825] last_started updated.
[12112:11788:0610/180211.687:VERBOSE2:chrome\updater\util\win_util.cc:1239] Cohort values: 1:gu/32zf:32zx@0.5, 137.0.7151.103 Rollout, 
[12112:8972:0610/180212.933:VERBOSE2:chrome\updater\update_usage_stats_task_win.cc:41] usage stats enabled by app {8a69d345-d564-463c-aff1-a69d9e530f96}
[12112:11788:0610/180213.859:VERBOSE1:chrome\updater\update_service_impl_impl.cc:713] FetchPolicies
[12112:8972:0610/180213.859:VERBOSE1:chrome\enterprise_companion\device_management_storage\dm_storage_win.cc:242] GetDmToken: token not found.
[12112:8972:0610/180213.859:VERBOSE1:chrome\enterprise_companion\device_management_storage\dm_storage_win.cc:40] ReadRegistryString: failed to read registry: Software\Policies\Google\CloudManagement\@EnrollmentToken
[12112:8972:0610/180213.859:VERBOSE1:chrome\enterprise_companion\device_management_storage\dm_storage_win.cc:40] ReadRegistryString: failed to read registry: Software\Policies\Google\Chrome\@CloudManagementEnrollmentToken
[12112:8972:0610/180213.859:VERBOSE1:chrome\enterprise_companion\device_management_storage\dm_storage_win.cc:40] ReadRegistryString: failed to read registry: Software\Google\Update\Clients\{44fc7fe2-65ce-487c-93f4-edee46eeaaab}@CloudManagementEnrollmentToken
[12112:8972:0610/180213.860:VERBOSE1:chrome\enterprise_companion\device_management_storage\dm_storage_win.cc:40] ReadRegistryString: failed to read registry: Software\Google\Update\Clients\{430fd4d0-b729-4f61-aa34-91526481799d}@CloudManagementEnrollmentToken
[12112:11788:0610/180213.860:VERBOSE2:chrome\updater\policy\service.cc:182] Device is not CBCM managed, skipped policy fetch.
[12112:11788:0610/180213.860:VERBOSE1:chrome\updater\policy\service.cc:207] FetchPoliciesDone: 0
[12112:11788:0610/180213.860:VERBOSE1:chrome\updater\policy\service.cc:212] Policies after refresh:
{
  LastCheckPeriod = 270 (Default)
}

[12112:11788:0610/180214.373:INFO:chrome\updater\check_for_updates_task.cc:49] Skipping UpdateAll: last update was 62 minutes ago. check_delay == 270
[12112:11788:0610/180214.845:VERBOSE1:chrome\updater\update_service_impl_impl.cc:928] ForceInstall
[12112:11788:0610/180214.845:INFO:chrome\updater\update_service_impl_impl.cc:884] ForceInstall task complete: 0
[688:10276:0610/180216.349:VERBOSE2:chrome\updater\ipc\update_service_proxy_win.cc:255] Run
[688:11576:0610/180216.349:VERBOSE1:chrome\updater\ipc\update_service_proxy_win.cc:1048] ~UpdateServiceProxyImpl
[688:9824:0610/180216.349:VERBOSE2:chrome\updater\ipc\proxy_impl_base_win.h:62] ~ProxyImplBase
[15780:8160:0610/180216.352:VERBOSE2:chrome\updater\ipc\update_service_internal_proxy_win.cc:65] Run result 0.
[688:9656:0610/180216.352:VERBOSE2:chrome\updater\app\server\win\com_classes.cc:891] UpdaterInternalImpl::Run. IUpdaterInternalCallback::Run returned 0
[15780:11452:0610/180216.354:VERBOSE1:chrome\updater\ipc\update_service_internal_proxy_win.cc:148] ~UpdateServiceInternalProxyImpl
[15780:7820:0610/180216.355:VERBOSE2:chrome\updater\ipc\proxy_impl_base_win.h:62] ~ProxyImplBase
[15780:11452:0610/180216.357:VERBOSE1:chrome\updater\updater.cc:335] UpdaterMain (--wake) returned 0.
[1276:6604:0610/180216.370:VERBOSE1:chrome\updater\updater.cc:335] UpdaterMain (--crash-handler) returned 0.
[12112:11788:0610/180226.346:VERBOSE2:chrome\updater\app\app_server_win.cc:252] Stop: COM server is shutting down.
[12112:11788:0610/180226.346:VERBOSE2:chrome\updater\app\app_server_win.cc:312] Completed task, Microsoft::WRL::Module count: 0
[12112:8972:0610/180226.347:VERBOSE1:chrome\updater\prefs.cc:235] Prefs committed.
[12112:11788:0610/180226.347:VERBOSE1:chrome\updater\prefs.cc:140] ~UpdaterPrefsImpl: C:\Program Files (x86)\Google\GoogleUpdater
[12112:7904:0610/180226.350:VERBOSE1:chrome\updater\updater.cc:335] UpdaterMain (--windows-service) returned 0.
[3344:12012:0610/180226.359:VERBOSE1:chrome\updater\updater.cc:335] UpdaterMain (--crash-handler) returned 0.
[688:11576:0610/180226.362:VERBOSE2:chrome\updater\app\app_server_win.cc:252] Stop: COM server is shutting down.
[688:11576:0610/180226.362:VERBOSE2:chrome\updater\app\app_server_win.cc:312] Completed task, Microsoft::WRL::Module count: 0
[688:9656:0610/180226.362:VERBOSE1:chrome\updater\prefs.cc:235] Prefs committed.
[688:11576:0610/180226.362:VERBOSE1:chrome\updater\prefs.cc:140] ~UpdaterPrefsImpl: C:\Program Files (x86)\Google\GoogleUpdater\138.0.7194.0
[688:7260:0610/180226.368:VERBOSE1:chrome\updater\updater.cc:335] UpdaterMain (--windows-service) returned 0.
[3752:1532:0610/180226.378:VERBOSE1:chrome\updater\updater.cc:335] UpdaterMain (--crash-handler) returned 0.
[15072:1412:0610/190210.381:VERBOSE1:chrome\updater\updater.cc:328] Version: 138.0.7194.0, opt, 32 bit (x86), command line: "C:\Program Files (x86)\Google\GoogleUpdater\138.0.7194.0\updater.exe" --wake --system
[15072:1412:0610/190210.382:VERBOSE1:chrome\updater\updater.cc:330] OS version: 10.0.22631.5335, System uptime (seconds): 29926, parent pid: 3044
[11620:13588:0610/190210.490:VERBOSE1:chrome\updater\updater.cc:328] Version: 138.0.7194.0, opt, 32 bit (x86), command line: "C:\Program Files (x86)\Google\GoogleUpdater\138.0.7194.0\updater.exe" --crash-handler --system "--database=C:\Program Files (x86)\Google\GoogleUpdater\138.0.7194.0\Crashpad" --url=https://clients2.google.com/cr/report --annotation=prod=Update4 --annotation=ver=138.0.7194.0 "--attachment=C:\Program Files (x86)\Google\GoogleUpdater\updater.log" --initial-client-data=0x2cc,0x2d0,0x2d4,0x2a4,0x2d8,0x10929c0,0x10929cc,0x10929d8
[11620:13588:0610/190210.491:VERBOSE1:chrome\updater\updater.cc:330] OS version: 10.0.22631.5335, System uptime (seconds): 29927, parent pid: 15072
[15072:1412:0610/190210.501:VERBOSE1:chrome\updater\crash_reporter.cc:120] Crash handler launched and ready.
[15072:1412:0610/190210.502:VERBOSE1:chrome\updater\crash_client.cc:106] Found 0 completed crash reports
[15072:1412:0610/190210.503:VERBOSE1:chrome\updater\crash_client.cc:124] Found 0 pending crash reports
[15072:1412:0610/190210.505:VERBOSE2:chrome\updater\update_usage_stats_task_win.cc:41] usage stats enabled by app {8a69d345-d564-463c-aff1-a69d9e530f96}
[15072:1412:0610/190210.506:VERBOSE1:chrome\updater\updater.cc:90] Crash reporting initialized.
[15072:1412:0610/190210.513:VERBOSE1:chrome\updater\updater.cc:145] IsUserAdmin: 1, IsUserNonElevatedAdmin: 0, IsUACOn: 1, IsElevatedWithUACOn: 1, LUA: 1
[15072:1412:0610/190210.556:VERBOSE1:chrome\updater\ipc\update_service_internal_proxy_win.cc:156] Run
[15296:12764:0610/190210.669:VERBOSE1:chrome\updater\updater.cc:328] Version: 138.0.7194.0, opt, 32 bit (x86), command line: "C:\Program Files (x86)\Google\GoogleUpdater\138.0.7194.0\updater.exe" --system --windows-service --service=update-internal
[15296:12764:0610/190210.669:VERBOSE1:chrome\updater\updater.cc:330] OS version: 10.0.22631.5335, System uptime (seconds): 29927, parent pid: 984
[12832:14292:0610/190210.761:VERBOSE1:chrome\updater\updater.cc:328] Version: 138.0.7194.0, opt, 32 bit (x86), command line: "C:\Program Files (x86)\Google\GoogleUpdater\138.0.7194.0\updater.exe" --crash-handler --system "--database=C:\Program Files (x86)\Google\GoogleUpdater\138.0.7194.0\Crashpad" --url=https://clients2.google.com/cr/report --annotation=prod=Update4 --annotation=ver=138.0.7194.0 "--attachment=C:\Program Files (x86)\Google\GoogleUpdater\updater.log" --initial-client-data=0x2c8,0x2cc,0x2d0,0x2a4,0x2d4,0x10929c0,0x10929cc,0x10929d8
[12832:14292:0610/190210.761:VERBOSE1:chrome\updater\updater.cc:330] OS version: 10.0.22631.5335, System uptime (seconds): 29927, parent pid: 15296
[15296:12764:0610/190210.772:VERBOSE1:chrome\updater\crash_reporter.cc:120] Crash handler launched and ready.
[15296:12764:0610/190210.773:VERBOSE1:chrome\updater\crash_client.cc:106] Found 0 completed crash reports
[15296:12764:0610/190210.774:VERBOSE1:chrome\updater\crash_client.cc:124] Found 0 pending crash reports
[15296:12764:0610/190210.774:VERBOSE2:chrome\updater\update_usage_stats_task_win.cc:41] usage stats enabled by app {8a69d345-d564-463c-aff1-a69d9e530f96}
[15296:12764:0610/190210.776:VERBOSE1:chrome\updater\updater.cc:90] Crash reporting initialized.
[15296:12764:0610/190210.778:VERBOSE1:chrome\updater\updater.cc:145] IsUserAdmin: 1, IsUserNonElevatedAdmin: 0, IsUACOn: 1, IsElevatedWithUACOn: 1, LUA: 1
[15296:12900:0610/190210.814:VERBOSE2:chrome\updater\app\server\win\updater_service_delegate.cc:60] Running COM server within the Windows Service
[15296:12900:0610/190210.814:VERBOSE2:chrome\updater\app\app_server.cc:57] ModeCheck
[15296:12900:0610/190210.815:VERBOSE2:chrome\updater\prefs.cc:89] CreateGlobalPrefsInternal
[15296:12900:0610/190210.818:VERBOSE1:chrome\updater\prefs.cc:135] UpdaterPrefsImpl (global): C:\Program Files (x86)\Google\GoogleUpdater
[15296:12900:0610/190210.818:VERBOSE2:chrome\updater\app\app_server.cc:70] This version: 138.0.7194.0, active version: 138.0.7194.0
[15296:12900:0610/190210.819:VERBOSE1:chrome\updater\win\setup\setup_util.cc:263] AreComInterfacesPresent: scope: System: is_internal: 1
[15296:12900:0610/190210.821:VERBOSE2:chrome\updater\win\setup\setup_util.cc:284] AreComInterfacesPresent: all interfaces present
[15296:12900:0610/190210.821:VERBOSE2:chrome\updater\prefs.cc:208] CreateLocalPrefs
[15296:12900:0610/190210.822:VERBOSE1:chrome\updater\prefs.cc:135] UpdaterPrefsImpl (local): C:\Program Files (x86)\Google\GoogleUpdater\138.0.7194.0
[15296:12900:0610/190210.823:VERBOSE1:chrome\updater\prefs.cc:140] ~UpdaterPrefsImpl: C:\Program Files (x86)\Google\GoogleUpdater
[15296:12900:0610/190210.888:VERBOSE2:chrome\updater\app\app_server_win.cc:300] Starting task, Microsoft::WRL::Module count: 2
[15296:12900:0610/190210.888:VERBOSE1:chrome\updater\update_service_internal_impl.cc:25] Run
[15296:12900:0610/190210.888:VERBOSE1:chrome\updater\ipc\update_service_proxy_win.cc:1090] RunPeriodicTasks
[9604:15408:0610/190210.984:VERBOSE1:chrome\updater\updater.cc:328] Version: 138.0.7194.0, opt, 32 bit (x86), command line: "C:\Program Files (x86)\Google\GoogleUpdater\138.0.7194.0\updater.exe" --system --windows-service --service=update
[9604:15408:0610/190210.984:VERBOSE1:chrome\updater\updater.cc:330] OS version: 10.0.22631.5335, System uptime (seconds): 29927, parent pid: 984
[2464:4872:0610/190211.077:VERBOSE1:chrome\updater\updater.cc:328] Version: 138.0.7194.0, opt, 32 bit (x86), command line: "C:\Program Files (x86)\Google\GoogleUpdater\138.0.7194.0\updater.exe" --crash-handler --system "--database=C:\Program Files (x86)\Google\GoogleUpdater\138.0.7194.0\Crashpad" --url=https://clients2.google.com/cr/report --annotation=prod=Update4 --annotation=ver=138.0.7194.0 "--attachment=C:\Program Files (x86)\Google\GoogleUpdater\updater.log" --initial-client-data=0x2c8,0x2cc,0x2d0,0x2a4,0x2d4,0x10929c0,0x10929cc,0x10929d8
[2464:4872:0610/190211.077:VERBOSE1:chrome\updater\updater.cc:330] OS version: 10.0.22631.5335, System uptime (seconds): 29927, parent pid: 9604
[9604:15408:0610/190211.079:VERBOSE1:chrome\updater\crash_reporter.cc:120] Crash handler launched and ready.
[9604:15408:0610/190211.081:VERBOSE1:chrome\updater\crash_client.cc:106] Found 0 completed crash reports
[9604:15408:0610/190211.082:VERBOSE1:chrome\updater\crash_client.cc:124] Found 0 pending crash reports
[9604:15408:0610/190211.082:VERBOSE2:chrome\updater\update_usage_stats_task_win.cc:41] usage stats enabled by app {8a69d345-d564-463c-aff1-a69d9e530f96}
[9604:15408:0610/190211.083:VERBOSE1:chrome\updater\updater.cc:90] Crash reporting initialized.
[9604:15408:0610/190211.086:VERBOSE1:chrome\updater\updater.cc:145] IsUserAdmin: 1, IsUserNonElevatedAdmin: 0, IsUACOn: 1, IsElevatedWithUACOn: 1, LUA: 1
[9604:14912:0610/190211.116:VERBOSE2:chrome\updater\app\server\win\updater_service_delegate.cc:60] Running COM server within the Windows Service
[9604:14912:0610/190211.116:VERBOSE2:chrome\updater\app\app_server.cc:57] ModeCheck
[9604:14912:0610/190211.116:VERBOSE2:chrome\updater\prefs.cc:89] CreateGlobalPrefsInternal
[9604:14912:0610/190211.117:VERBOSE1:chrome\updater\prefs.cc:135] UpdaterPrefsImpl (global): C:\Program Files (x86)\Google\GoogleUpdater
[9604:14912:0610/190211.117:VERBOSE2:chrome\updater\app\app_server.cc:70] This version: 138.0.7194.0, active version: 138.0.7194.0
[9604:14912:0610/190211.117:VERBOSE1:chrome\updater\win\setup\setup_util.cc:263] AreComInterfacesPresent: scope: System: is_internal: 0
[9604:14912:0610/190211.147:VERBOSE2:chrome\updater\win\setup\setup_util.cc:284] AreComInterfacesPresent: all interfaces present
[9604:14912:0610/190211.147:VERBOSE2:chrome\updater\prefs.cc:208] CreateLocalPrefs
[9604:14912:0610/190211.148:VERBOSE1:chrome\updater\prefs.cc:135] UpdaterPrefsImpl (local): C:\Program Files (x86)\Google\GoogleUpdater\138.0.7194.0
[9604:14912:0610/190211.148:VERBOSE1:chrome\enterprise_companion\device_management_storage\dm_storage_win.cc:242] GetDmToken: token not found.
[9604:14912:0610/190211.148:VERBOSE1:chrome\enterprise_companion\device_management_storage\dm_storage.cc:218] No valid DM token.
[9604:14912:0610/190211.177:VERBOSE1:chrome\updater\policy\service.cc:146] Current effective policies:
{
  LastCheckPeriod = 270 (Default)
}

[9604:14912:0610/190211.178:VERBOSE1:chrome\updater\prefs.cc:140] ~UpdaterPrefsImpl: C:\Program Files (x86)\Google\GoogleUpdater\138.0.7194.0
[9604:14912:0610/190211.230:VERBOSE2:chrome\updater\app\app_server_win.cc:300] Starting task, Microsoft::WRL::Module count: 2
[9604:14912:0610/190211.230:VERBOSE2:chrome\updater\util\win_util.cc:1433] OemInstallTime not found
[9604:14912:0610/190211.230:VERBOSE1:chrome\updater\update_service_impl_impl.cc:820] RunPeriodicTasks
[9604:14912:0610/190211.230:VERBOSE1:chrome\updater\update_service_impl_impl.cc:825] last_started updated.
[9604:14912:0610/190211.531:VERBOSE2:chrome\updater\util\win_util.cc:1239] Cohort values: 1:gu/32zf:32zx@0.5, 137.0.7151.103 Rollout, 
[9604:5912:0610/190213.189:VERBOSE2:chrome\updater\update_usage_stats_task_win.cc:41] usage stats enabled by app {8a69d345-d564-463c-aff1-a69d9e530f96}
[9604:14912:0610/190214.404:VERBOSE1:chrome\updater\update_service_impl_impl.cc:713] FetchPolicies
[9604:5912:0610/190214.404:VERBOSE1:chrome\enterprise_companion\device_management_storage\dm_storage_win.cc:242] GetDmToken: token not found.
[9604:5912:0610/190214.404:VERBOSE1:chrome\enterprise_companion\device_management_storage\dm_storage_win.cc:40] ReadRegistryString: failed to read registry: Software\Policies\Google\CloudManagement\@EnrollmentToken
[9604:5912:0610/190214.404:VERBOSE1:chrome\enterprise_companion\device_management_storage\dm_storage_win.cc:40] ReadRegistryString: failed to read registry: Software\Policies\Google\Chrome\@CloudManagementEnrollmentToken
[9604:5912:0610/190214.404:VERBOSE1:chrome\enterprise_companion\device_management_storage\dm_storage_win.cc:40] ReadRegistryString: failed to read registry: Software\Google\Update\Clients\{44fc7fe2-65ce-487c-93f4-edee46eeaaab}@CloudManagementEnrollmentToken
[9604:5912:0610/190214.405:VERBOSE1:chrome\enterprise_companion\device_management_storage\dm_storage_win.cc:40] ReadRegistryString: failed to read registry: Software\Google\Update\Clients\{430fd4d0-b729-4f61-aa34-91526481799d}@CloudManagementEnrollmentToken
[9604:14912:0610/190214.405:VERBOSE2:chrome\updater\policy\service.cc:182] Device is not CBCM managed, skipped policy fetch.
[9604:14912:0610/190214.405:VERBOSE1:chrome\updater\policy\service.cc:207] FetchPoliciesDone: 0
[9604:14912:0610/190214.405:VERBOSE1:chrome\updater\policy\service.cc:212] Policies after refresh:
{
  LastCheckPeriod = 270 (Default)
}

[9604:14912:0610/190214.778:INFO:chrome\updater\check_for_updates_task.cc:49] Skipping UpdateAll: last update was 122 minutes ago. check_delay == 270
[9604:14912:0610/190215.188:VERBOSE1:chrome\updater\update_service_impl_impl.cc:928] ForceInstall
[9604:14912:0610/190215.188:INFO:chrome\updater\update_service_impl_impl.cc:884] ForceInstall task complete: 0
[15296:12788:0610/190216.200:VERBOSE2:chrome\updater\ipc\update_service_proxy_win.cc:255] Run
[15296:12900:0610/190216.200:VERBOSE1:chrome\updater\ipc\update_service_proxy_win.cc:1048] ~UpdateServiceProxyImpl
[15296:2192:0610/190216.200:VERBOSE2:chrome\updater\ipc\proxy_impl_base_win.h:62] ~ProxyImplBase
[15072:9860:0610/190216.203:VERBOSE2:chrome\updater\ipc\update_service_internal_proxy_win.cc:65] Run result 0.
[15296:13508:0610/190216.203:VERBOSE2:chrome\updater\app\server\win\com_classes.cc:891] UpdaterInternalImpl::Run. IUpdaterInternalCallback::Run returned 0
[15072:1412:0610/190216.203:VERBOSE1:chrome\updater\ipc\update_service_internal_proxy_win.cc:148] ~UpdateServiceInternalProxyImpl
[15072:11784:0610/190216.203:VERBOSE2:chrome\updater\ipc\proxy_impl_base_win.h:62] ~ProxyImplBase
[15072:1412:0610/190216.206:VERBOSE1:chrome\updater\updater.cc:335] UpdaterMain (--wake) returned 0.
[11620:13588:0610/190216.216:VERBOSE1:chrome\updater\updater.cc:335] UpdaterMain (--crash-handler) returned 0.
[9604:14912:0610/190226.203:VERBOSE2:chrome\updater\app\app_server_win.cc:252] Stop: COM server is shutting down.
[9604:14912:0610/190226.219:VERBOSE2:chrome\updater\app\app_server_win.cc:312] Completed task, Microsoft::WRL::Module count: 0
[15296:12900:0610/190226.219:VERBOSE2:chrome\updater\app\app_server_win.cc:252] Stop: COM server is shutting down.
[15296:12900:0610/190226.220:VERBOSE2:chrome\updater\app\app_server_win.cc:312] Completed task, Microsoft::WRL::Module count: 0
[15296:13508:0610/190226.220:VERBOSE1:chrome\updater\prefs.cc:235] Prefs committed.
[15296:12900:0610/190226.220:VERBOSE1:chrome\updater\prefs.cc:140] ~UpdaterPrefsImpl: C:\Program Files (x86)\Google\GoogleUpdater\138.0.7194.0
[9604:5912:0610/190226.225:VERBOSE1:chrome\updater\prefs.cc:235] Prefs committed.
[9604:14912:0610/190226.225:VERBOSE1:chrome\updater\prefs.cc:140] ~UpdaterPrefsImpl: C:\Program Files (x86)\Google\GoogleUpdater
[15296:12764:0610/190226.249:VERBOSE1:chrome\updater\updater.cc:335] UpdaterMain (--windows-service) returned 0.
[12832:14292:0610/190226.261:VERBOSE1:chrome\updater\updater.cc:335] UpdaterMain (--crash-handler) returned 0.
[9604:15408:0610/190226.270:VERBOSE1:chrome\updater\updater.cc:335] UpdaterMain (--windows-service) returned 0.
[2464:4872:0610/190226.289:VERBOSE1:chrome\updater\updater.cc:335] UpdaterMain (--crash-handler) returned 0.
[13068:13220:0610/200210.288:VERBOSE1:chrome\updater\updater.cc:328] Version: 138.0.7194.0, opt, 32 bit (x86), command line: "C:\Program Files (x86)\Google\GoogleUpdater\138.0.7194.0\updater.exe" --wake --system
[13068:13220:0610/200210.288:VERBOSE1:chrome\updater\updater.cc:330] OS version: 10.0.22631.5335, System uptime (seconds): 33526, parent pid: 3044
[8864:4488:0610/200210.504:VERBOSE1:chrome\updater\updater.cc:328] Version: 138.0.7194.0, opt, 32 bit (x86), command line: "C:\Program Files (x86)\Google\GoogleUpdater\138.0.7194.0\updater.exe" --crash-handler --system "--database=C:\Program Files (x86)\Google\GoogleUpdater\138.0.7194.0\Crashpad" --url=https://clients2.google.com/cr/report --annotation=prod=Update4 --annotation=ver=138.0.7194.0 "--attachment=C:\Program Files (x86)\Google\GoogleUpdater\updater.log" --initial-client-data=0x2c8,0x2cc,0x2d0,0x2a8,0x2d4,0x10929c0,0x10929cc,0x10929d8
[8864:4488:0610/200210.504:VERBOSE1:chrome\updater\updater.cc:330] OS version: 10.0.22631.5335, System uptime (seconds): 33527, parent pid: 13068
[13068:13220:0610/200210.507:VERBOSE1:chrome\updater\crash_reporter.cc:120] Crash handler launched and ready.
[13068:13220:0610/200210.511:VERBOSE1:chrome\updater\crash_client.cc:106] Found 0 completed crash reports
[13068:13220:0610/200210.511:VERBOSE1:chrome\updater\crash_client.cc:124] Found 0 pending crash reports
[13068:13220:0610/200210.517:VERBOSE2:chrome\updater\update_usage_stats_task_win.cc:41] usage stats enabled by app {8a69d345-d564-463c-aff1-a69d9e530f96}
[13068:13220:0610/200210.519:VERBOSE1:chrome\updater\updater.cc:90] Crash reporting initialized.
[13068:13220:0610/200210.522:VERBOSE1:chrome\updater\updater.cc:145] IsUserAdmin: 1, IsUserNonElevatedAdmin: 0, IsUACOn: 1, IsElevatedWithUACOn: 1, LUA: 1
[13068:13220:0610/200210.548:VERBOSE1:chrome\updater\ipc\update_service_internal_proxy_win.cc:156] Run
[13928:15156:0610/200210.638:VERBOSE1:chrome\updater\updater.cc:328] Version: 138.0.7194.0, opt, 32 bit (x86), command line: "C:\Program Files (x86)\Google\GoogleUpdater\138.0.7194.0\updater.exe" --system --windows-service --service=update-internal
[13928:15156:0610/200210.638:VERBOSE1:chrome\updater\updater.cc:330] OS version: 10.0.22631.5335, System uptime (seconds): 33527, parent pid: 984
[16292:12284:0610/200210.722:VERBOSE1:chrome\updater\updater.cc:328] Version: 138.0.7194.0, opt, 32 bit (x86), command line: "C:\Program Files (x86)\Google\GoogleUpdater\138.0.7194.0\updater.exe" --crash-handler --system "--database=C:\Program Files (x86)\Google\GoogleUpdater\138.0.7194.0\Crashpad" --url=https://clients2.google.com/cr/report --annotation=prod=Update4 --annotation=ver=138.0.7194.0 "--attachment=C:\Program Files (x86)\Google\GoogleUpdater\updater.log" --initial-client-data=0x2c8,0x2cc,0x2d0,0x2a4,0x2d4,0x10929c0,0x10929cc,0x10929d8
[16292:12284:0610/200210.722:VERBOSE1:chrome\updater\updater.cc:330] OS version: 10.0.22631.5335, System uptime (seconds): 33527, parent pid: 13928
[13928:15156:0610/200210.724:VERBOSE1:chrome\updater\crash_reporter.cc:120] Crash handler launched and ready.
[13928:15156:0610/200210.726:VERBOSE1:chrome\updater\crash_client.cc:106] Found 0 completed crash reports
[13928:15156:0610/200210.726:VERBOSE1:chrome\updater\crash_client.cc:124] Found 0 pending crash reports
[13928:15156:0610/200210.726:VERBOSE2:chrome\updater\update_usage_stats_task_win.cc:41] usage stats enabled by app {8a69d345-d564-463c-aff1-a69d9e530f96}
[13928:15156:0610/200210.727:VERBOSE1:chrome\updater\updater.cc:90] Crash reporting initialized.
[13928:15156:0610/200210.731:VERBOSE1:chrome\updater\updater.cc:145] IsUserAdmin: 1, IsUserNonElevatedAdmin: 0, IsUACOn: 1, IsElevatedWithUACOn: 1, LUA: 1
[13928:13536:0610/200210.756:VERBOSE2:chrome\updater\app\server\win\updater_service_delegate.cc:60] Running COM server within the Windows Service
[13928:13536:0610/200210.757:VERBOSE2:chrome\updater\app\app_server.cc:57] ModeCheck
[13928:13536:0610/200210.757:VERBOSE2:chrome\updater\prefs.cc:89] CreateGlobalPrefsInternal
[13928:13536:0610/200210.758:VERBOSE1:chrome\updater\prefs.cc:135] UpdaterPrefsImpl (global): C:\Program Files (x86)\Google\GoogleUpdater
[13928:13536:0610/200210.758:VERBOSE2:chrome\updater\app\app_server.cc:70] This version: 138.0.7194.0, active version: 138.0.7194.0
[13928:13536:0610/200210.759:VERBOSE1:chrome\updater\win\setup\setup_util.cc:263] AreComInterfacesPresent: scope: System: is_internal: 1
[13928:13536:0610/200210.760:VERBOSE2:chrome\updater\win\setup\setup_util.cc:284] AreComInterfacesPresent: all interfaces present
[13928:13536:0610/200210.760:VERBOSE2:chrome\updater\prefs.cc:208] CreateLocalPrefs
[13928:13536:0610/200210.761:VERBOSE1:chrome\updater\prefs.cc:135] UpdaterPrefsImpl (local): C:\Program Files (x86)\Google\GoogleUpdater\138.0.7194.0
[13928:13536:0610/200210.761:VERBOSE1:chrome\updater\prefs.cc:140] ~UpdaterPrefsImpl: C:\Program Files (x86)\Google\GoogleUpdater
[13928:13536:0610/200210.805:VERBOSE2:chrome\updater\app\app_server_win.cc:300] Starting task, Microsoft::WRL::Module count: 2
[13928:13536:0610/200210.805:VERBOSE1:chrome\updater\update_service_internal_impl.cc:25] Run
[13928:13536:0610/200210.805:VERBOSE1:chrome\updater\ipc\update_service_proxy_win.cc:1090] RunPeriodicTasks
[6052:13024:0610/200210.882:VERBOSE1:chrome\updater\updater.cc:328] Version: 138.0.7194.0, opt, 32 bit (x86), command line: "C:\Program Files (x86)\Google\GoogleUpdater\138.0.7194.0\updater.exe" --system --windows-service --service=update
[6052:13024:0610/200210.882:VERBOSE1:chrome\updater\updater.cc:330] OS version: 10.0.22631.5335, System uptime (seconds): 33527, parent pid: 984
[1556:7420:0610/200210.962:VERBOSE1:chrome\updater\updater.cc:328] Version: 138.0.7194.0, opt, 32 bit (x86), command line: "C:\Program Files (x86)\Google\GoogleUpdater\138.0.7194.0\updater.exe" --crash-handler --system "--database=C:\Program Files (x86)\Google\GoogleUpdater\138.0.7194.0\Crashpad" --url=https://clients2.google.com/cr/report --annotation=prod=Update4 --annotation=ver=138.0.7194.0 "--attachment=C:\Program Files (x86)\Google\GoogleUpdater\updater.log" --initial-client-data=0x2c8,0x2cc,0x2d0,0x2a4,0x2d4,0x10929c0,0x10929cc,0x10929d8
[1556:7420:0610/200210.962:VERBOSE1:chrome\updater\updater.cc:330] OS version: 10.0.22631.5335, System uptime (seconds): 33527, parent pid: 6052
[6052:13024:0610/200210.968:VERBOSE1:chrome\updater\crash_reporter.cc:120] Crash handler launched and ready.
[6052:13024:0610/200210.969:VERBOSE1:chrome\updater\crash_client.cc:106] Found 0 completed crash reports
[6052:13024:0610/200210.970:VERBOSE1:chrome\updater\crash_client.cc:124] Found 0 pending crash reports
[6052:13024:0610/200210.970:VERBOSE2:chrome\updater\update_usage_stats_task_win.cc:41] usage stats enabled by app {8a69d345-d564-463c-aff1-a69d9e530f96}
[6052:13024:0610/200210.972:VERBOSE1:chrome\updater\updater.cc:90] Crash reporting initialized.
[6052:13024:0610/200210.974:VERBOSE1:chrome\updater\updater.cc:145] IsUserAdmin: 1, IsUserNonElevatedAdmin: 0, IsUACOn: 1, IsElevatedWithUACOn: 1, LUA: 1
[6052:788:0610/200211.001:VERBOSE2:chrome\updater\app\server\win\updater_service_delegate.cc:60] Running COM server within the Windows Service
[6052:788:0610/200211.001:VERBOSE2:chrome\updater\app\app_server.cc:57] ModeCheck
[6052:788:0610/200211.001:VERBOSE2:chrome\updater\prefs.cc:89] CreateGlobalPrefsInternal
[6052:788:0610/200211.002:VERBOSE1:chrome\updater\prefs.cc:135] UpdaterPrefsImpl (global): C:\Program Files (x86)\Google\GoogleUpdater
[6052:788:0610/200211.003:VERBOSE2:chrome\updater\app\app_server.cc:70] This version: 138.0.7194.0, active version: 138.0.7194.0
[6052:788:0610/200211.003:VERBOSE1:chrome\updater\win\setup\setup_util.cc:263] AreComInterfacesPresent: scope: System: is_internal: 0
[6052:788:0610/200211.025:VERBOSE2:chrome\updater\win\setup\setup_util.cc:284] AreComInterfacesPresent: all interfaces present
[6052:788:0610/200211.025:VERBOSE2:chrome\updater\prefs.cc:208] CreateLocalPrefs
[6052:788:0610/200211.025:VERBOSE1:chrome\updater\prefs.cc:135] UpdaterPrefsImpl (local): C:\Program Files (x86)\Google\GoogleUpdater\138.0.7194.0
[6052:788:0610/200211.027:VERBOSE1:chrome\enterprise_companion\device_management_storage\dm_storage_win.cc:242] GetDmToken: token not found.
[6052:788:0610/200211.027:VERBOSE1:chrome\enterprise_companion\device_management_storage\dm_storage.cc:218] No valid DM token.
[6052:788:0610/200211.047:VERBOSE1:chrome\updater\policy\service.cc:146] Current effective policies:
{
  LastCheckPeriod = 270 (Default)
}

[6052:788:0610/200211.047:VERBOSE1:chrome\updater\prefs.cc:140] ~UpdaterPrefsImpl: C:\Program Files (x86)\Google\GoogleUpdater\138.0.7194.0
[6052:788:0610/200211.100:VERBOSE2:chrome\updater\app\app_server_win.cc:300] Starting task, Microsoft::WRL::Module count: 2
[6052:788:0610/200211.100:VERBOSE2:chrome\updater\util\win_util.cc:1433] OemInstallTime not found
[6052:788:0610/200211.100:VERBOSE1:chrome\updater\update_service_impl_impl.cc:820] RunPeriodicTasks
[6052:788:0610/200211.100:VERBOSE1:chrome\updater\update_service_impl_impl.cc:825] last_started updated.
[6052:788:0610/200211.712:VERBOSE2:chrome\updater\util\win_util.cc:1239] Cohort values: 1:gu/32zf:32zx@0.5, 137.0.7151.103 Rollout, 
[6052:5144:0610/200212.665:VERBOSE2:chrome\updater\update_usage_stats_task_win.cc:41] usage stats enabled by app {8a69d345-d564-463c-aff1-a69d9e530f96}
[6052:788:0610/200214.032:VERBOSE1:chrome\updater\update_service_impl_impl.cc:713] FetchPolicies
[6052:5144:0610/200214.032:VERBOSE1:chrome\enterprise_companion\device_management_storage\dm_storage_win.cc:242] GetDmToken: token not found.
[6052:5144:0610/200214.032:VERBOSE1:chrome\enterprise_companion\device_management_storage\dm_storage_win.cc:40] ReadRegistryString: failed to read registry: Software\Policies\Google\CloudManagement\@EnrollmentToken
[6052:5144:0610/200214.032:VERBOSE1:chrome\enterprise_companion\device_management_storage\dm_storage_win.cc:40] ReadRegistryString: failed to read registry: Software\Policies\Google\Chrome\@CloudManagementEnrollmentToken
[6052:5144:0610/200214.032:VERBOSE1:chrome\enterprise_companion\device_management_storage\dm_storage_win.cc:40] ReadRegistryString: failed to read registry: Software\Google\Update\Clients\{44fc7fe2-65ce-487c-93f4-edee46eeaaab}@CloudManagementEnrollmentToken
[6052:5144:0610/200214.033:VERBOSE1:chrome\enterprise_companion\device_management_storage\dm_storage_win.cc:40] ReadRegistryString: failed to read registry: Software\Google\Update\Clients\{430fd4d0-b729-4f61-aa34-91526481799d}@CloudManagementEnrollmentToken
[6052:788:0610/200214.034:VERBOSE2:chrome\updater\policy\service.cc:182] Device is not CBCM managed, skipped policy fetch.
[6052:788:0610/200214.034:VERBOSE1:chrome\updater\policy\service.cc:207] FetchPoliciesDone: 0
[6052:788:0610/200214.034:VERBOSE1:chrome\updater\policy\service.cc:212] Policies after refresh:
{
  LastCheckPeriod = 270 (Default)
}

[6052:788:0610/200214.077:INFO:chrome\updater\check_for_updates_task.cc:49] Skipping UpdateAll: last update was 182 minutes ago. check_delay == 270
[6052:788:0610/200214.950:VERBOSE1:chrome\updater\update_service_impl_impl.cc:928] ForceInstall
[6052:788:0610/200214.950:INFO:chrome\updater\update_service_impl_impl.cc:884] ForceInstall task complete: 0
[13928:3740:0610/200216.482:VERBOSE2:chrome\updater\ipc\update_service_proxy_win.cc:255] Run
[13928:13536:0610/200216.483:VERBOSE1:chrome\updater\ipc\update_service_proxy_win.cc:1048] ~UpdateServiceProxyImpl
[13928:9588:0610/200216.483:VERBOSE2:chrome\updater\ipc\proxy_impl_base_win.h:62] ~ProxyImplBase
[13068:2140:0610/200216.489:VERBOSE2:chrome\updater\ipc\update_service_internal_proxy_win.cc:65] Run result 0.
[13928:11072:0610/200216.490:VERBOSE2:chrome\updater\app\server\win\com_classes.cc:891] UpdaterInternalImpl::Run. IUpdaterInternalCallback::Run returned 0
[13068:13220:0610/200216.490:VERBOSE1:chrome\updater\ipc\update_service_internal_proxy_win.cc:148] ~UpdateServiceInternalProxyImpl
[13068:12712:0610/200216.490:VERBOSE2:chrome\updater\ipc\proxy_impl_base_win.h:62] ~ProxyImplBase
[13068:13220:0610/200216.495:VERBOSE1:chrome\updater\updater.cc:335] UpdaterMain (--wake) returned 0.
[8864:4488:0610/200216.512:VERBOSE1:chrome\updater\updater.cc:335] UpdaterMain (--crash-handler) returned 0.
[6052:788:0610/200226.474:VERBOSE2:chrome\updater\app\app_server_win.cc:252] Stop: COM server is shutting down.
[6052:788:0610/200226.475:VERBOSE2:chrome\updater\app\app_server_win.cc:312] Completed task, Microsoft::WRL::Module count: 0
[6052:5144:0610/200226.475:VERBOSE1:chrome\updater\prefs.cc:235] Prefs committed.
[6052:788:0610/200226.475:VERBOSE1:chrome\updater\prefs.cc:140] ~UpdaterPrefsImpl: C:\Program Files (x86)\Google\GoogleUpdater
[6052:13024:0610/200226.479:VERBOSE1:chrome\updater\updater.cc:335] UpdaterMain (--windows-service) returned 0.
[1556:7420:0610/200226.487:VERBOSE1:chrome\updater\updater.cc:335] UpdaterMain (--crash-handler) returned 0.
[13928:13536:0610/200226.490:VERBOSE2:chrome\updater\app\app_server_win.cc:252] Stop: COM server is shutting down.
[13928:13536:0610/200226.490:VERBOSE2:chrome\updater\app\app_server_win.cc:312] Completed task, Microsoft::WRL::Module count: 0
[13928:11072:0610/200226.490:VERBOSE1:chrome\updater\prefs.cc:235] Prefs committed.
[13928:13536:0610/200226.491:VERBOSE1:chrome\updater\prefs.cc:140] ~UpdaterPrefsImpl: C:\Program Files (x86)\Google\GoogleUpdater\138.0.7194.0
[13928:15156:0610/200226.495:VERBOSE1:chrome\updater\updater.cc:335] UpdaterMain (--windows-service) returned 0.
[16292:12284:0610/200226.503:VERBOSE1:chrome\updater\updater.cc:335] UpdaterMain (--crash-handler) returned 0.
[8896:9528:0610/210210.230:VERBOSE1:chrome\updater\updater.cc:328] Version: 138.0.7194.0, opt, 32 bit (x86), command line: "C:\Program Files (x86)\Google\GoogleUpdater\138.0.7194.0\updater.exe" --wake --system
[8896:9528:0610/210210.230:VERBOSE1:chrome\updater\updater.cc:330] OS version: 10.0.22631.5335, System uptime (seconds): 37126, parent pid: 3044
[15224:14404:0610/210210.280:VERBOSE1:chrome\updater\updater.cc:328] Version: 138.0.7194.0, opt, 32 bit (x86), command line: "C:\Program Files (x86)\Google\GoogleUpdater\138.0.7194.0\updater.exe" --crash-handler --system "--database=C:\Program Files (x86)\Google\GoogleUpdater\138.0.7194.0\Crashpad" --url=https://clients2.google.com/cr/report --annotation=prod=Update4 --annotation=ver=138.0.7194.0 "--attachment=C:\Program Files (x86)\Google\GoogleUpdater\updater.log" --initial-client-data=0x2c8,0x2cc,0x2d0,0x2a4,0x2d4,0x10929c0,0x10929cc,0x10929d8
[15224:14404:0610/210210.280:VERBOSE1:chrome\updater\updater.cc:330] OS version: 10.0.22631.5335, System uptime (seconds): 37126, parent pid: 8896
[8896:9528:0610/210210.282:VERBOSE1:chrome\updater\crash_reporter.cc:120] Crash handler launched and ready.
[8896:9528:0610/210210.282:VERBOSE1:chrome\updater\crash_client.cc:106] Found 0 completed crash reports
[8896:9528:0610/210210.283:VERBOSE1:chrome\updater\crash_client.cc:124] Found 0 pending crash reports
[8896:9528:0610/210210.283:VERBOSE2:chrome\updater\update_usage_stats_task_win.cc:41] usage stats enabled by app {8a69d345-d564-463c-aff1-a69d9e530f96}
[8896:9528:0610/210210.283:VERBOSE1:chrome\updater\updater.cc:90] Crash reporting initialized.
[8896:9528:0610/210210.285:VERBOSE1:chrome\updater\updater.cc:145] IsUserAdmin: 1, IsUserNonElevatedAdmin: 0, IsUACOn: 1, IsElevatedWithUACOn: 1, LUA: 1
[8896:9528:0610/210210.303:VERBOSE1:chrome\updater\ipc\update_service_internal_proxy_win.cc:156] Run
[6192:6948:0610/210210.367:VERBOSE1:chrome\updater\updater.cc:328] Version: 138.0.7194.0, opt, 32 bit (x86), command line: "C:\Program Files (x86)\Google\GoogleUpdater\138.0.7194.0\updater.exe" --system --windows-service --service=update-internal
[6192:6948:0610/210210.367:VERBOSE1:chrome\updater\updater.cc:330] OS version: 10.0.22631.5335, System uptime (seconds): 37126, parent pid: 984
[13992:15716:0610/210210.417:VERBOSE1:chrome\updater\updater.cc:328] Version: 138.0.7194.0, opt, 32 bit (x86), command line: "C:\Program Files (x86)\Google\GoogleUpdater\138.0.7194.0\updater.exe" --crash-handler --system "--database=C:\Program Files (x86)\Google\GoogleUpdater\138.0.7194.0\Crashpad" --url=https://clients2.google.com/cr/report --annotation=prod=Update4 --annotation=ver=138.0.7194.0 "--attachment=C:\Program Files (x86)\Google\GoogleUpdater\updater.log" --initial-client-data=0x2c8,0x2cc,0x2d0,0x2a4,0x2d4,0x10929c0,0x10929cc,0x10929d8
[13992:15716:0610/210210.417:VERBOSE1:chrome\updater\updater.cc:330] OS version: 10.0.22631.5335, System uptime (seconds): 37127, parent pid: 6192
[6192:6948:0610/210210.418:VERBOSE1:chrome\updater\crash_reporter.cc:120] Crash handler launched and ready.
[6192:6948:0610/210210.419:VERBOSE1:chrome\updater\crash_client.cc:106] Found 0 completed crash reports
[6192:6948:0610/210210.419:VERBOSE1:chrome\updater\crash_client.cc:124] Found 0 pending crash reports
[6192:6948:0610/210210.420:VERBOSE2:chrome\updater\update_usage_stats_task_win.cc:41] usage stats enabled by app {8a69d345-d564-463c-aff1-a69d9e530f96}
[6192:6948:0610/210210.420:VERBOSE1:chrome\updater\updater.cc:90] Crash reporting initialized.
[6192:6948:0610/210210.422:VERBOSE1:chrome\updater\updater.cc:145] IsUserAdmin: 1, IsUserNonElevatedAdmin: 0, IsUACOn: 1, IsElevatedWithUACOn: 1, LUA: 1
[6192:11252:0610/210210.444:VERBOSE2:chrome\updater\app\server\win\updater_service_delegate.cc:60] Running COM server within the Windows Service
[6192:11252:0610/210210.444:VERBOSE2:chrome\updater\app\app_server.cc:57] ModeCheck
[6192:11252:0610/210210.445:VERBOSE2:chrome\updater\prefs.cc:89] CreateGlobalPrefsInternal
[6192:11252:0610/210210.445:VERBOSE1:chrome\updater\prefs.cc:135] UpdaterPrefsImpl (global): C:\Program Files (x86)\Google\GoogleUpdater
[6192:11252:0610/210210.445:VERBOSE2:chrome\updater\app\app_server.cc:70] This version: 138.0.7194.0, active version: 138.0.7194.0
[6192:11252:0610/210210.445:VERBOSE1:chrome\updater\win\setup\setup_util.cc:263] AreComInterfacesPresent: scope: System: is_internal: 1
[6192:11252:0610/210210.446:VERBOSE2:chrome\updater\win\setup\setup_util.cc:284] AreComInterfacesPresent: all interfaces present
[6192:11252:0610/210210.446:VERBOSE2:chrome\updater\prefs.cc:208] CreateLocalPrefs
[6192:11252:0610/210210.447:VERBOSE1:chrome\updater\prefs.cc:135] UpdaterPrefsImpl (local): C:\Program Files (x86)\Google\GoogleUpdater\138.0.7194.0
[6192:11252:0610/210210.447:VERBOSE1:chrome\updater\prefs.cc:140] ~UpdaterPrefsImpl: C:\Program Files (x86)\Google\GoogleUpdater
[6192:11252:0610/210210.470:VERBOSE2:chrome\updater\app\app_server_win.cc:300] Starting task, Microsoft::WRL::Module count: 2
[6192:11252:0610/210210.470:VERBOSE1:chrome\updater\update_service_internal_impl.cc:25] Run
[6192:11252:0610/210210.470:VERBOSE1:chrome\updater\ipc\update_service_proxy_win.cc:1090] RunPeriodicTasks
[3116:5912:0610/210210.520:VERBOSE1:chrome\updater\updater.cc:328] Version: 138.0.7194.0, opt, 32 bit (x86), command line: "C:\Program Files (x86)\Google\GoogleUpdater\138.0.7194.0\updater.exe" --system --windows-service --service=update
[3116:5912:0610/210210.520:VERBOSE1:chrome\updater\updater.cc:330] OS version: 10.0.22631.5335, System uptime (seconds): 37127, parent pid: 984
[12636:15352:0610/210210.570:VERBOSE1:chrome\updater\updater.cc:328] Version: 138.0.7194.0, opt, 32 bit (x86), command line: "C:\Program Files (x86)\Google\GoogleUpdater\138.0.7194.0\updater.exe" --crash-handler --system "--database=C:\Program Files (x86)\Google\GoogleUpdater\138.0.7194.0\Crashpad" --url=https://clients2.google.com/cr/report --annotation=prod=Update4 --annotation=ver=138.0.7194.0 "--attachment=C:\Program Files (x86)\Google\GoogleUpdater\updater.log" --initial-client-data=0x2d0,0x2d4,0x2d8,0x2ac,0x2dc,0x10929c0,0x10929cc,0x10929d8
[12636:15352:0610/210210.570:VERBOSE1:chrome\updater\updater.cc:330] OS version: 10.0.22631.5335, System uptime (seconds): 37127, parent pid: 3116
[3116:5912:0610/210210.572:VERBOSE1:chrome\updater\crash_reporter.cc:120] Crash handler launched and ready.
[3116:5912:0610/210210.573:VERBOSE1:chrome\updater\crash_client.cc:106] Found 0 completed crash reports
[3116:5912:0610/210210.573:VERBOSE1:chrome\updater\crash_client.cc:124] Found 0 pending crash reports
[3116:5912:0610/210210.573:VERBOSE2:chrome\updater\update_usage_stats_task_win.cc:41] usage stats enabled by app {8a69d345-d564-463c-aff1-a69d9e530f96}
[3116:5912:0610/210210.574:VERBOSE1:chrome\updater\updater.cc:90] Crash reporting initialized.
[3116:5912:0610/210210.576:VERBOSE1:chrome\updater\updater.cc:145] IsUserAdmin: 1, IsUserNonElevatedAdmin: 0, IsUACOn: 1, IsElevatedWithUACOn: 1, LUA: 1
[3116:964:0610/210210.598:VERBOSE2:chrome\updater\app\server\win\updater_service_delegate.cc:60] Running COM server within the Windows Service
[3116:964:0610/210210.598:VERBOSE2:chrome\updater\app\app_server.cc:57] ModeCheck
[3116:964:0610/210210.598:VERBOSE2:chrome\updater\prefs.cc:89] CreateGlobalPrefsInternal
[3116:964:0610/210210.599:VERBOSE1:chrome\updater\prefs.cc:135] UpdaterPrefsImpl (global): C:\Program Files (x86)\Google\GoogleUpdater
[3116:964:0610/210210.599:VERBOSE2:chrome\updater\app\app_server.cc:70] This version: 138.0.7194.0, active version: 138.0.7194.0
[3116:964:0610/210210.599:VERBOSE1:chrome\updater\win\setup\setup_util.cc:263] AreComInterfacesPresent: scope: System: is_internal: 0
[3116:964:0610/210210.613:VERBOSE2:chrome\updater\win\setup\setup_util.cc:284] AreComInterfacesPresent: all interfaces present
[3116:964:0610/210210.613:VERBOSE2:chrome\updater\prefs.cc:208] CreateLocalPrefs
[3116:964:0610/210210.614:VERBOSE1:chrome\updater\prefs.cc:135] UpdaterPrefsImpl (local): C:\Program Files (x86)\Google\GoogleUpdater\138.0.7194.0
[3116:964:0610/210210.614:VERBOSE1:chrome\enterprise_companion\device_management_storage\dm_storage_win.cc:242] GetDmToken: token not found.
[3116:964:0610/210210.614:VERBOSE1:chrome\enterprise_companion\device_management_storage\dm_storage.cc:218] No valid DM token.
[3116:964:0610/210210.629:VERBOSE1:chrome\updater\policy\service.cc:146] Current effective policies:
{
  LastCheckPeriod = 270 (Default)
}

[3116:964:0610/210210.629:VERBOSE1:chrome\updater\prefs.cc:140] ~UpdaterPrefsImpl: C:\Program Files (x86)\Google\GoogleUpdater\138.0.7194.0
[3116:964:0610/210210.654:VERBOSE2:chrome\updater\app\app_server_win.cc:300] Starting task, Microsoft::WRL::Module count: 2
[3116:964:0610/210210.654:VERBOSE2:chrome\updater\util\win_util.cc:1433] OemInstallTime not found
[3116:964:0610/210210.654:VERBOSE1:chrome\updater\update_service_impl_impl.cc:820] RunPeriodicTasks
[3116:964:0610/210210.654:VERBOSE1:chrome\updater\update_service_impl_impl.cc:825] last_started updated.
[3116:964:0610/210211.484:VERBOSE2:chrome\updater\util\win_util.cc:1239] Cohort values: 1:gu/32zf:32zx@0.5, 137.0.7151.103 Rollout, 
[3116:5284:0610/210212.679:VERBOSE2:chrome\updater\update_usage_stats_task_win.cc:41] usage stats enabled by app {8a69d345-d564-463c-aff1-a69d9e530f96}
[3116:964:0610/210214.002:VERBOSE1:chrome\updater\update_service_impl_impl.cc:713] FetchPolicies
[3116:5284:0610/210214.002:VERBOSE1:chrome\enterprise_companion\device_management_storage\dm_storage_win.cc:242] GetDmToken: token not found.
[3116:5284:0610/210214.002:VERBOSE1:chrome\enterprise_companion\device_management_storage\dm_storage_win.cc:40] ReadRegistryString: failed to read registry: Software\Policies\Google\CloudManagement\@EnrollmentToken
[3116:5284:0610/210214.002:VERBOSE1:chrome\enterprise_companion\device_management_storage\dm_storage_win.cc:40] ReadRegistryString: failed to read registry: Software\Policies\Google\Chrome\@CloudManagementEnrollmentToken
[3116:5284:0610/210214.002:VERBOSE1:chrome\enterprise_companion\device_management_storage\dm_storage_win.cc:40] ReadRegistryString: failed to read registry: Software\Google\Update\Clients\{44fc7fe2-65ce-487c-93f4-edee46eeaaab}@CloudManagementEnrollmentToken
[3116:5284:0610/210214.003:VERBOSE1:chrome\enterprise_companion\device_management_storage\dm_storage_win.cc:40] ReadRegistryString: failed to read registry: Software\Google\Update\Clients\{430fd4d0-b729-4f61-aa34-91526481799d}@CloudManagementEnrollmentToken
[3116:964:0610/210214.003:VERBOSE2:chrome\updater\policy\service.cc:182] Device is not CBCM managed, skipped policy fetch.
[3116:964:0610/210214.003:VERBOSE1:chrome\updater\policy\service.cc:207] FetchPoliciesDone: 0
[3116:964:0610/210214.003:VERBOSE1:chrome\updater\policy\service.cc:212] Policies after refresh:
{
  LastCheckPeriod = 270 (Default)
}

[3116:964:0610/210214.578:INFO:chrome\updater\check_for_updates_task.cc:49] Skipping UpdateAll: last update was 242 minutes ago. check_delay == 270
[3116:964:0610/210215.283:VERBOSE1:chrome\updater\update_service_impl_impl.cc:928] ForceInstall
[3116:964:0610/210215.283:INFO:chrome\updater\update_service_impl_impl.cc:884] ForceInstall task complete: 0
[6192:14956:0610/210216.350:VERBOSE2:chrome\updater\ipc\update_service_proxy_win.cc:255] Run
[6192:11252:0610/210216.350:VERBOSE1:chrome\updater\ipc\update_service_proxy_win.cc:1048] ~UpdateServiceProxyImpl
[6192:6392:0610/210216.350:VERBOSE2:chrome\updater\ipc\proxy_impl_base_win.h:62] ~ProxyImplBase
[8896:1424:0610/210216.353:VERBOSE2:chrome\updater\ipc\update_service_internal_proxy_win.cc:65] Run result 0.
[6192:8732:0610/210216.353:VERBOSE2:chrome\updater\app\server\win\com_classes.cc:891] UpdaterInternalImpl::Run. IUpdaterInternalCallback::Run returned 0
[8896:9528:0610/210216.353:VERBOSE1:chrome\updater\ipc\update_service_internal_proxy_win.cc:148] ~UpdateServiceInternalProxyImpl
[8896:9784:0610/210216.353:VERBOSE2:chrome\updater\ipc\proxy_impl_base_win.h:62] ~ProxyImplBase
[8896:9528:0610/210216.356:VERBOSE1:chrome\updater\updater.cc:335] UpdaterMain (--wake) returned 0.
[15224:14404:0610/210216.363:VERBOSE1:chrome\updater\updater.cc:335] UpdaterMain (--crash-handler) returned 0.
[3116:964:0610/210226.361:VERBOSE2:chrome\updater\app\app_server_win.cc:252] Stop: COM server is shutting down.
[6192:11252:0610/210226.361:VERBOSE2:chrome\updater\app\app_server_win.cc:252] Stop: COM server is shutting down.
[6192:11252:0610/210226.361:VERBOSE2:chrome\updater\app\app_server_win.cc:312] Completed task, Microsoft::WRL::Module count: 0
[6192:8732:0610/210226.361:VERBOSE1:chrome\updater\prefs.cc:235] Prefs committed.
[3116:964:0610/210226.361:VERBOSE2:chrome\updater\app\app_server_win.cc:312] Completed task, Microsoft::WRL::Module count: 0
[6192:11252:0610/210226.361:VERBOSE1:chrome\updater\prefs.cc:140] ~UpdaterPrefsImpl: C:\Program Files (x86)\Google\GoogleUpdater\138.0.7194.0
[3116:5284:0610/210226.361:VERBOSE1:chrome\updater\prefs.cc:235] Prefs committed.
[3116:964:0610/210226.361:VERBOSE1:chrome\updater\prefs.cc:140] ~UpdaterPrefsImpl: C:\Program Files (x86)\Google\GoogleUpdater
[6192:6948:0610/210226.364:VERBOSE1:chrome\updater\updater.cc:335] UpdaterMain (--windows-service) returned 0.
[3116:5912:0610/210226.364:VERBOSE1:chrome\updater\updater.cc:335] UpdaterMain (--windows-service) returned 0.
[12636:15352:0610/210226.373:VERBOSE1:chrome\updater\updater.cc:335] UpdaterMain (--crash-handler) returned 0.
[13992:15716:0610/210226.373:VERBOSE1:chrome\updater\updater.cc:335] UpdaterMain (--crash-handler) returned 0.
[15236:13592:0610/213554.551:VERBOSE1:chrome\updater\updater.cc:328] Version: 138.0.7194.0, opt, 32 bit (x86), command line: "C:\Program Files (x86)\Google\GoogleUpdater\138.0.7194.0\updater.exe" --system --windows-service --service=update
[15236:13592:0610/213554.551:VERBOSE1:chrome\updater\updater.cc:330] OS version: 10.0.22631.5335, System uptime (seconds): 39151, parent pid: 984
[7796:13304:0610/213554.674:VERBOSE1:chrome\updater\updater.cc:328] Version: 138.0.7194.0, opt, 32 bit (x86), command line: "C:\Program Files (x86)\Google\GoogleUpdater\138.0.7194.0\updater.exe" --crash-handler --system "--database=C:\Program Files (x86)\Google\GoogleUpdater\138.0.7194.0\Crashpad" --url=https://clients2.google.com/cr/report --annotation=prod=Update4 --annotation=ver=138.0.7194.0 "--attachment=C:\Program Files (x86)\Google\GoogleUpdater\updater.log" --initial-client-data=0x2cc,0x2d0,0x2d4,0x1a8,0x2d8,0x10929c0,0x10929cc,0x10929d8
[7796:13304:0610/213554.674:VERBOSE1:chrome\updater\updater.cc:330] OS version: 10.0.22631.5335, System uptime (seconds): 39151, parent pid: 15236
[15236:13592:0610/213554.693:VERBOSE1:chrome\updater\crash_reporter.cc:120] Crash handler launched and ready.
[15236:13592:0610/213554.695:VERBOSE1:chrome\updater\crash_client.cc:106] Found 0 completed crash reports
[15236:13592:0610/213554.695:VERBOSE1:chrome\updater\crash_client.cc:124] Found 0 pending crash reports
[15236:13592:0610/213554.696:VERBOSE2:chrome\updater\update_usage_stats_task_win.cc:41] usage stats enabled by app {8a69d345-d564-463c-aff1-a69d9e530f96}
[15236:13592:0610/213554.698:VERBOSE1:chrome\updater\updater.cc:90] Crash reporting initialized.
[15236:13592:0610/213554.701:VERBOSE1:chrome\updater\updater.cc:145] IsUserAdmin: 1, IsUserNonElevatedAdmin: 0, IsUACOn: 1, IsElevatedWithUACOn: 1, LUA: 1
[15236:15868:0610/213554.755:VERBOSE2:chrome\updater\app\server\win\updater_service_delegate.cc:60] Running COM server within the Windows Service
[15236:15868:0610/213554.755:VERBOSE2:chrome\updater\app\app_server.cc:57] ModeCheck
[15236:15868:0610/213554.755:VERBOSE2:chrome\updater\prefs.cc:89] CreateGlobalPrefsInternal
[15236:15868:0610/213554.756:VERBOSE1:chrome\updater\prefs.cc:135] UpdaterPrefsImpl (global): C:\Program Files (x86)\Google\GoogleUpdater
[15236:15868:0610/213554.756:VERBOSE2:chrome\updater\app\app_server.cc:70] This version: 138.0.7194.0, active version: 138.0.7194.0
[15236:15868:0610/213554.756:VERBOSE1:chrome\updater\win\setup\setup_util.cc:263] AreComInterfacesPresent: scope: System: is_internal: 0
[15236:15868:0610/213554.807:VERBOSE2:chrome\updater\win\setup\setup_util.cc:284] AreComInterfacesPresent: all interfaces present
[15236:15868:0610/213554.807:VERBOSE2:chrome\updater\prefs.cc:208] CreateLocalPrefs
[15236:15868:0610/213554.809:VERBOSE1:chrome\updater\prefs.cc:135] UpdaterPrefsImpl (local): C:\Program Files (x86)\Google\GoogleUpdater\138.0.7194.0
[15236:15868:0610/213554.809:VERBOSE1:chrome\enterprise_companion\device_management_storage\dm_storage_win.cc:242] GetDmToken: token not found.
[15236:15868:0610/213554.809:VERBOSE1:chrome\enterprise_companion\device_management_storage\dm_storage.cc:218] No valid DM token.
[15236:15868:0610/213554.842:VERBOSE1:chrome\updater\policy\service.cc:146] Current effective policies:
{
  LastCheckPeriod = 270 (Default)
}

[15236:15868:0610/213554.842:VERBOSE1:chrome\updater\prefs.cc:140] ~UpdaterPrefsImpl: C:\Program Files (x86)\Google\GoogleUpdater\138.0.7194.0
[15236:15868:0610/213554.910:VERBOSE2:chrome\updater\app\app_server_win.cc:300] Starting task, Microsoft::WRL::Module count: 2
[15236:15868:0610/213554.910:VERBOSE2:chrome\updater\util\win_util.cc:1433] OemInstallTime not found
[15236:15868:0610/213554.910:VERBOSE1:chrome\updater\update_service_impl_impl.cc:820] RunPeriodicTasks
[15236:15868:0610/213554.910:VERBOSE1:chrome\updater\update_service_impl_impl.cc:825] last_started updated.
[15236:15868:0610/213555.885:VERBOSE2:chrome\updater\util\win_util.cc:1239] Cohort values: 1:gu/32zf:32zx@0.5, 137.0.7151.103 Rollout, 
[15236:15124:0610/213556.963:VERBOSE2:chrome\updater\update_usage_stats_task_win.cc:41] usage stats enabled by app {8a69d345-d564-463c-aff1-a69d9e530f96}
[15236:15868:0610/213557.897:VERBOSE1:chrome\updater\update_service_impl_impl.cc:713] FetchPolicies
[15236:15124:0610/213557.897:VERBOSE1:chrome\enterprise_companion\device_management_storage\dm_storage_win.cc:242] GetDmToken: token not found.
[15236:15124:0610/213557.897:VERBOSE1:chrome\enterprise_companion\device_management_storage\dm_storage_win.cc:40] ReadRegistryString: failed to read registry: Software\Policies\Google\CloudManagement\@EnrollmentToken
[15236:15124:0610/213557.897:VERBOSE1:chrome\enterprise_companion\device_management_storage\dm_storage_win.cc:40] ReadRegistryString: failed to read registry: Software\Policies\Google\Chrome\@CloudManagementEnrollmentToken
[15236:15124:0610/213557.897:VERBOSE1:chrome\enterprise_companion\device_management_storage\dm_storage_win.cc:40] ReadRegistryString: failed to read registry: Software\Google\Update\Clients\{44fc7fe2-65ce-487c-93f4-edee46eeaaab}@CloudManagementEnrollmentToken
[15236:15124:0610/213557.897:VERBOSE1:chrome\enterprise_companion\device_management_storage\dm_storage_win.cc:40] ReadRegistryString: failed to read registry: Software\Google\Update\Clients\{430fd4d0-b729-4f61-aa34-91526481799d}@CloudManagementEnrollmentToken
[15236:15868:0610/213557.897:VERBOSE2:chrome\updater\policy\service.cc:182] Device is not CBCM managed, skipped policy fetch.
[15236:15868:0610/213557.897:VERBOSE1:chrome\updater\policy\service.cc:207] FetchPoliciesDone: 0
[15236:15868:0610/213557.897:VERBOSE1:chrome\updater\policy\service.cc:212] Policies after refresh:
{
  LastCheckPeriod = 270 (Default)
}

[15236:15868:0610/213558.717:VERBOSE1:chrome\updater\update_service_impl_impl.cc:1083] UpdateAll
[15236:15868:0610/213558.719:VERBOSE1:chrome\updater\update_service_impl_impl.cc:128] GetComponents. Same version update: not allowed
[15236:15868:0610/213558.719:VERBOSE1:chrome\updater\installer.cc:134] MakeCrxComponentFromAppInfo for {44fc7fe2-65ce-487c-93f4-edee46eeaaab}
[15236:15868:0610/213558.719:VERBOSE1:chrome\updater\installer.cc:134] MakeCrxComponentFromAppInfo for {8a69d345-d564-463c-aff1-a69d9e530f96}
[15236:15868:0610/213558.730:VERBOSE1:chrome\updater\net\network_fetcher_win.cc:54] Using the system configuration for proxy.
[15236:15868:0610/213558.751:VERBOSE2:chrome\updater\net\network_fetcher_win.cc:203] Impl: Successfully got logged on user token. Impersonate result: 0
[15236:15868:0610/213558.811:VERBOSE2:components\update_client\request_sender.cc:95] url: https://update.googleapis.com/service/update2/json
[15236:15868:0610/213558.812:VERBOSE2:components\update_client\request_sender.cc:104] Sending Omaha request: {"request":{"@os":"win","@updater":"updater","acceptformat":"crx3,download,puff,run,xz,zucc","apps":[{"appid":"{44fc7fe2-65ce-487c-93f4-edee46eeaaab}","cohort":"1:scr:","cohortname":"Everyone","enabled":true,"installdate":6735,"ping":{"ping_freshness":"{0edbf6cb-9944-4ede-9a3d-679f40d9f831}","rd":6735},"updatecheck":{},"version":"138.0.7194.0"},{"ap":"x64-statsdef_1","appid":"{8a69d345-d564-463c-aff1-a69d9e530f96}","brand":"ONGR","cached_items":[{"sha256":"a017a3bf1dbaf31d3ae7114cc3cf1767b0ef199ff6dd08303e54083f7a9f5048"}],"cohort":"1:gu/32zf:32zx@0.5","cohortname":"137.0.7151.103 Rollout","enabled":true,"iid":"{3DCCA53B-DC5C-BD69-D98E-10221DA0B390}","installdate":6735,"lang":"en","ping":{"ad":-1,"ping_freshness":"{80b09d95-91ff-4ca3-8ee0-127c651125cd}","rd":6735},"updatecheck":{},"version":"137.0.7151.104"}],"arch":"x86","dedup":"cr","domainjoined":false,"hw":{"avx":false,"physmemory":16,"sse":true,"sse2":true,"sse3":true,"sse41":true,"sse42":true,"ssse3":true},"ismachine":true,"nacl_arch":"x86-64","os":{"arch":"x86_64","platform":"Windows","version":"10.0.22631.5335"},"prodversion":"138.0.7194.0","protocol":"4.0","requestid":"{a7ad71f6-dcc9-4a21-a68b-0c7b1e247d10}","sessionid":"{053bd74e-b5d9-4737-ad54-0787f41c04e3}","updaterversion":"138.0.7194.0","wow64":true}}
[15236:15868:0610/213558.812:VERBOSE2:chrome\updater\net\network_fetcher_win.cc:123] PostRequest
[15236:15124:0610/213558.813:VERBOSE1:components\winhttp\proxy_configuration.cc:123] Auto-proxy: winhttp uses the user settings for proxy.
[15236:4004:0610/213558.834:VERBOSE1:components\winhttp\network_fetcher.cc:526] hostname: update.googleapis.com
[15236:3796:0610/213558.898:VERBOSE1:components\winhttp\network_fetcher.cc:535] ip: [2607:f8b0:4006:80d::2003]
[15236:15868:0610/213559.146:VERBOSE2:chrome\updater\net\network_fetcher_win.cc:151] PostRequestComplete: response code=200
[15236:15868:0610/213559.147:VERBOSE1:components\update_client\request_sender.cc:188] Request completed from url: https://update.googleapis.com/service/update2/json?cup2key=15:f-tEVgSL9BO9a8aUBxCLIXU9XgNnxrsiP0FXK2SyG6s&cup2hreq=cfd73df34e9fd29580c12b679325f62c63938c19511a44d504b8fe0c520854da
[15236:15868:0610/213559.147:VERBOSE2:components\update_client\request_sender.cc:136] Omaha response received: )]}'
{"response":{"server":"prod","protocol":"4.0","daystart":{"elapsed_seconds":66964,"elapsed_days":6735},"apps":[{"appid":"{44fc7fe2-65ce-487c-93f4-edee46eeaaab}","cohort":"1:scr:","status":"ok","cohortname":"Everyone","ping":{"status":"ok"},"updatecheck":{"status":"noupdate"}},{"appid":"{8a69d345-d564-463c-aff1-a69d9e530f96}","cohort":"1:gu/32zf:32zx@0.5","status":"ok","cohortname":"137.0.7151.103 Rollout","ping":{"status":"ok"},"updatecheck":{"status":"noupdate"}}]}}
[15236:15868:0610/213559.158:VERBOSE1:chrome\updater\update_service_impl_impl.cc:1106] last_checked updated.
[15236:15868:0610/213559.158:INFO:chrome\updater\check_for_updates_task.cc:88] UpdateAll task complete: 0
[15236:15868:0610/213559.912:VERBOSE1:chrome\updater\update_service_impl_impl.cc:928] ForceInstall
[15236:15868:0610/213559.912:INFO:chrome\updater\update_service_impl_impl.cc:884] ForceInstall task complete: 0
[15236:15868:0610/213611.609:VERBOSE2:chrome\updater\app\app_server_win.cc:252] Stop: COM server is shutting down.
[15236:15868:0610/213611.609:VERBOSE2:chrome\updater\app\app_server_win.cc:312] Completed task, Microsoft::WRL::Module count: 0
[15236:15124:0610/213611.609:VERBOSE1:chrome\updater\prefs.cc:235] Prefs committed.
[15236:15868:0610/213611.610:VERBOSE1:chrome\updater\prefs.cc:140] ~UpdaterPrefsImpl: C:\Program Files (x86)\Google\GoogleUpdater
[15236:13592:0610/213611.613:VERBOSE1:chrome\updater\updater.cc:335] UpdaterMain (--windows-service) returned 0.
[7796:13304:0610/213611.625:VERBOSE1:chrome\updater\updater.cc:335] UpdaterMain (--crash-handler) returned 0.
[9460:11964:0610/220210.222:VERBOSE1:chrome\updater\updater.cc:328] Version: 138.0.7194.0, opt, 32 bit (x86), command line: "C:\Program Files (x86)\Google\GoogleUpdater\138.0.7194.0\updater.exe" --wake --system
[9460:11964:0610/220210.222:VERBOSE1:chrome\updater\updater.cc:330] OS version: 10.0.22631.5335, System uptime (seconds): 40726, parent pid: 3044
[7776:7832:0610/220210.275:VERBOSE1:chrome\updater\updater.cc:328] Version: 138.0.7194.0, opt, 32 bit (x86), command line: "C:\Program Files (x86)\Google\GoogleUpdater\138.0.7194.0\updater.exe" --crash-handler --system "--database=C:\Program Files (x86)\Google\GoogleUpdater\138.0.7194.0\Crashpad" --url=https://clients2.google.com/cr/report --annotation=prod=Update4 --annotation=ver=138.0.7194.0 "--attachment=C:\Program Files (x86)\Google\GoogleUpdater\updater.log" --initial-client-data=0x2c8,0x2cc,0x2d0,0x2a4,0x2d4,0x10929c0,0x10929cc,0x10929d8
[7776:7832:0610/220210.275:VERBOSE1:chrome\updater\updater.cc:330] OS version: 10.0.22631.5335, System uptime (seconds): 40726, parent pid: 9460
[9460:11964:0610/220210.276:VERBOSE1:chrome\updater\crash_reporter.cc:120] Crash handler launched and ready.
[9460:11964:0610/220210.277:VERBOSE1:chrome\updater\crash_client.cc:106] Found 0 completed crash reports
[9460:11964:0610/220210.277:VERBOSE1:chrome\updater\crash_client.cc:124] Found 0 pending crash reports
[9460:11964:0610/220210.278:VERBOSE2:chrome\updater\update_usage_stats_task_win.cc:41] usage stats enabled by app {8a69d345-d564-463c-aff1-a69d9e530f96}
[9460:11964:0610/220210.278:VERBOSE1:chrome\updater\updater.cc:90] Crash reporting initialized.
[9460:11964:0610/220210.280:VERBOSE1:chrome\updater\updater.cc:145] IsUserAdmin: 1, IsUserNonElevatedAdmin: 0, IsUACOn: 1, IsElevatedWithUACOn: 1, LUA: 1
[9460:11964:0610/220210.299:VERBOSE1:chrome\updater\ipc\update_service_internal_proxy_win.cc:156] Run
[10304:540:0610/220210.362:VERBOSE1:chrome\updater\updater.cc:328] Version: 138.0.7194.0, opt, 32 bit (x86), command line: "C:\Program Files (x86)\Google\GoogleUpdater\138.0.7194.0\updater.exe" --system --windows-service --service=update-internal
[10304:540:0610/220210.362:VERBOSE1:chrome\updater\updater.cc:330] OS version: 10.0.22631.5335, System uptime (seconds): 40726, parent pid: 984
[12028:14836:0610/220210.417:VERBOSE1:chrome\updater\updater.cc:328] Version: 138.0.7194.0, opt, 32 bit (x86), command line: "C:\Program Files (x86)\Google\GoogleUpdater\138.0.7194.0\updater.exe" --crash-handler --system "--database=C:\Program Files (x86)\Google\GoogleUpdater\138.0.7194.0\Crashpad" --url=https://clients2.google.com/cr/report --annotation=prod=Update4 --annotation=ver=138.0.7194.0 "--attachment=C:\Program Files (x86)\Google\GoogleUpdater\updater.log" --initial-client-data=0x2c8,0x2cc,0x2d0,0x110,0x2d4,0x10929c0,0x10929cc,0x10929d8
[12028:14836:0610/220210.417:VERBOSE1:chrome\updater\updater.cc:330] OS version: 10.0.22631.5335, System uptime (seconds): 40727, parent pid: 10304
[10304:540:0610/220210.419:VERBOSE1:chrome\updater\crash_reporter.cc:120] Crash handler launched and ready.
[10304:540:0610/220210.420:VERBOSE1:chrome\updater\crash_client.cc:106] Found 0 completed crash reports
[10304:540:0610/220210.420:VERBOSE1:chrome\updater\crash_client.cc:124] Found 0 pending crash reports
[10304:540:0610/220210.421:VERBOSE2:chrome\updater\update_usage_stats_task_win.cc:41] usage stats enabled by app {8a69d345-d564-463c-aff1-a69d9e530f96}
[10304:540:0610/220210.421:VERBOSE1:chrome\updater\updater.cc:90] Crash reporting initialized.
[10304:540:0610/220210.423:VERBOSE1:chrome\updater\updater.cc:145] IsUserAdmin: 1, IsUserNonElevatedAdmin: 0, IsUACOn: 1, IsElevatedWithUACOn: 1, LUA: 1
[10304:12152:0610/220210.445:VERBOSE2:chrome\updater\app\server\win\updater_service_delegate.cc:60] Running COM server within the Windows Service
[10304:12152:0610/220210.445:VERBOSE2:chrome\updater\app\app_server.cc:57] ModeCheck
[10304:12152:0610/220210.445:VERBOSE2:chrome\updater\prefs.cc:89] CreateGlobalPrefsInternal
[10304:12152:0610/220210.446:VERBOSE1:chrome\updater\prefs.cc:135] UpdaterPrefsImpl (global): C:\Program Files (x86)\Google\GoogleUpdater
[10304:12152:0610/220210.446:VERBOSE2:chrome\updater\app\app_server.cc:70] This version: 138.0.7194.0, active version: 138.0.7194.0
[10304:12152:0610/220210.446:VERBOSE1:chrome\updater\win\setup\setup_util.cc:263] AreComInterfacesPresent: scope: System: is_internal: 1
[10304:12152:0610/220210.447:VERBOSE2:chrome\updater\win\setup\setup_util.cc:284] AreComInterfacesPresent: all interfaces present
[10304:12152:0610/220210.447:VERBOSE2:chrome\updater\prefs.cc:208] CreateLocalPrefs
[10304:12152:0610/220210.447:VERBOSE1:chrome\updater\prefs.cc:135] UpdaterPrefsImpl (local): C:\Program Files (x86)\Google\GoogleUpdater\138.0.7194.0
[10304:12152:0610/220210.448:VERBOSE1:chrome\updater\prefs.cc:140] ~UpdaterPrefsImpl: C:\Program Files (x86)\Google\GoogleUpdater
[10304:12152:0610/220210.470:VERBOSE2:chrome\updater\app\app_server_win.cc:300] Starting task, Microsoft::WRL::Module count: 2
[10304:12152:0610/220210.470:VERBOSE1:chrome\updater\update_service_internal_impl.cc:25] Run
[10304:12152:0610/220210.470:VERBOSE1:chrome\updater\ipc\update_service_proxy_win.cc:1090] RunPeriodicTasks
[14824:7944:0610/220210.523:VERBOSE1:chrome\updater\updater.cc:328] Version: 138.0.7194.0, opt, 32 bit (x86), command line: "C:\Program Files (x86)\Google\GoogleUpdater\138.0.7194.0\updater.exe" --system --windows-service --service=update
[14824:7944:0610/220210.523:VERBOSE1:chrome\updater\updater.cc:330] OS version: 10.0.22631.5335, System uptime (seconds): 40727, parent pid: 984
[2028:7420:0610/220210.576:VERBOSE1:chrome\updater\updater.cc:328] Version: 138.0.7194.0, opt, 32 bit (x86), command line: "C:\Program Files (x86)\Google\GoogleUpdater\138.0.7194.0\updater.exe" --crash-handler --system "--database=C:\Program Files (x86)\Google\GoogleUpdater\138.0.7194.0\Crashpad" --url=https://clients2.google.com/cr/report --annotation=prod=Update4 --annotation=ver=138.0.7194.0 "--attachment=C:\Program Files (x86)\Google\GoogleUpdater\updater.log" --initial-client-data=0x2c8,0x2cc,0x2d0,0x2a4,0x2d4,0x10929c0,0x10929cc,0x10929d8
[2028:7420:0610/220210.576:VERBOSE1:chrome\updater\updater.cc:330] OS version: 10.0.22631.5335, System uptime (seconds): 40727, parent pid: 14824
[14824:7944:0610/220210.577:VERBOSE1:chrome\updater\crash_reporter.cc:120] Crash handler launched and ready.
[14824:7944:0610/220210.578:VERBOSE1:chrome\updater\crash_client.cc:106] Found 0 completed crash reports
[14824:7944:0610/220210.578:VERBOSE1:chrome\updater\crash_client.cc:124] Found 0 pending crash reports
[14824:7944:0610/220210.579:VERBOSE2:chrome\updater\update_usage_stats_task_win.cc:41] usage stats enabled by app {8a69d345-d564-463c-aff1-a69d9e530f96}
[14824:7944:0610/220210.579:VERBOSE1:chrome\updater\updater.cc:90] Crash reporting initialized.
[14824:7944:0610/220210.581:VERBOSE1:chrome\updater\updater.cc:145] IsUserAdmin: 1, IsUserNonElevatedAdmin: 0, IsUACOn: 1, IsElevatedWithUACOn: 1, LUA: 1
[14824:11248:0610/220210.604:VERBOSE2:chrome\updater\app\server\win\updater_service_delegate.cc:60] Running COM server within the Windows Service
[14824:11248:0610/220210.605:VERBOSE2:chrome\updater\app\app_server.cc:57] ModeCheck
[14824:11248:0610/220210.605:VERBOSE2:chrome\updater\prefs.cc:89] CreateGlobalPrefsInternal
[14824:11248:0610/220210.605:VERBOSE1:chrome\updater\prefs.cc:135] UpdaterPrefsImpl (global): C:\Program Files (x86)\Google\GoogleUpdater
[14824:11248:0610/220210.605:VERBOSE2:chrome\updater\app\app_server.cc:70] This version: 138.0.7194.0, active version: 138.0.7194.0
[14824:11248:0610/220210.605:VERBOSE1:chrome\updater\win\setup\setup_util.cc:263] AreComInterfacesPresent: scope: System: is_internal: 0
[14824:11248:0610/220210.619:VERBOSE2:chrome\updater\win\setup\setup_util.cc:284] AreComInterfacesPresent: all interfaces present
[14824:11248:0610/220210.620:VERBOSE2:chrome\updater\prefs.cc:208] CreateLocalPrefs
[14824:11248:0610/220210.620:VERBOSE1:chrome\updater\prefs.cc:135] UpdaterPrefsImpl (local): C:\Program Files (x86)\Google\GoogleUpdater\138.0.7194.0
[14824:11248:0610/220210.620:VERBOSE1:chrome\enterprise_companion\device_management_storage\dm_storage_win.cc:242] GetDmToken: token not found.
[14824:11248:0610/220210.620:VERBOSE1:chrome\enterprise_companion\device_management_storage\dm_storage.cc:218] No valid DM token.
[14824:11248:0610/220210.633:VERBOSE1:chrome\updater\policy\service.cc:146] Current effective policies:
{
  LastCheckPeriod = 270 (Default)
}

[14824:11248:0610/220210.633:VERBOSE1:chrome\updater\prefs.cc:140] ~UpdaterPrefsImpl: C:\Program Files (x86)\Google\GoogleUpdater\138.0.7194.0
[14824:11248:0610/220210.662:VERBOSE2:chrome\updater\app\app_server_win.cc:300] Starting task, Microsoft::WRL::Module count: 2
[14824:11248:0610/220210.662:VERBOSE2:chrome\updater\util\win_util.cc:1433] OemInstallTime not found
[14824:11248:0610/220210.662:VERBOSE1:chrome\updater\update_service_impl_impl.cc:820] RunPeriodicTasks
[14824:11248:0610/220210.662:VERBOSE1:chrome\updater\update_service_impl_impl.cc:825] last_started updated.
[14824:11248:0610/220210.924:VERBOSE2:chrome\updater\util\win_util.cc:1239] Cohort values: 1:gu/32zf:32zx@0.5, 137.0.7151.103 Rollout, 
[14824:13488:0610/220211.482:VERBOSE2:chrome\updater\update_usage_stats_task_win.cc:41] usage stats enabled by app {8a69d345-d564-463c-aff1-a69d9e530f96}
[14824:11248:0610/220212.507:VERBOSE1:chrome\updater\update_service_impl_impl.cc:713] FetchPolicies
[14824:13488:0610/220212.508:VERBOSE1:chrome\enterprise_companion\device_management_storage\dm_storage_win.cc:242] GetDmToken: token not found.
[14824:13488:0610/220212.508:VERBOSE1:chrome\enterprise_companion\device_management_storage\dm_storage_win.cc:40] ReadRegistryString: failed to read registry: Software\Policies\Google\CloudManagement\@EnrollmentToken
[14824:13488:0610/220212.508:VERBOSE1:chrome\enterprise_companion\device_management_storage\dm_storage_win.cc:40] ReadRegistryString: failed to read registry: Software\Policies\Google\Chrome\@CloudManagementEnrollmentToken
[14824:13488:0610/220212.508:VERBOSE1:chrome\enterprise_companion\device_management_storage\dm_storage_win.cc:40] ReadRegistryString: failed to read registry: Software\Google\Update\Clients\{44fc7fe2-65ce-487c-93f4-edee46eeaaab}@CloudManagementEnrollmentToken
[14824:13488:0610/220212.508:VERBOSE1:chrome\enterprise_companion\device_management_storage\dm_storage_win.cc:40] ReadRegistryString: failed to read registry: Software\Google\Update\Clients\{430fd4d0-b729-4f61-aa34-91526481799d}@CloudManagementEnrollmentToken
[14824:11248:0610/220212.509:VERBOSE2:chrome\updater\policy\service.cc:182] Device is not CBCM managed, skipped policy fetch.
[14824:11248:0610/220212.509:VERBOSE1:chrome\updater\policy\service.cc:207] FetchPoliciesDone: 0
[14824:11248:0610/220212.509:VERBOSE1:chrome\updater\policy\service.cc:212] Policies after refresh:
{
  LastCheckPeriod = 270 (Default)
}

[14824:11248:0610/220212.572:INFO:chrome\updater\check_for_updates_task.cc:49] Skipping UpdateAll: last update was 26 minutes ago. check_delay == 270
[14824:11248:0610/220212.840:VERBOSE1:chrome\updater\update_service_impl_impl.cc:928] ForceInstall
[14824:11248:0610/220212.840:INFO:chrome\updater\update_service_impl_impl.cc:884] ForceInstall task complete: 0
[10304:14748:0610/220213.844:VERBOSE2:chrome\updater\ipc\update_service_proxy_win.cc:255] Run
[10304:12152:0610/220213.845:VERBOSE1:chrome\updater\ipc\update_service_proxy_win.cc:1048] ~UpdateServiceProxyImpl
[10304:11772:0610/220213.845:VERBOSE2:chrome\updater\ipc\proxy_impl_base_win.h:62] ~ProxyImplBase
[9460:13208:0610/220213.848:VERBOSE2:chrome\updater\ipc\update_service_internal_proxy_win.cc:65] Run result 0.
[10304:15548:0610/220213.848:VERBOSE2:chrome\updater\app\server\win\com_classes.cc:891] UpdaterInternalImpl::Run. IUpdaterInternalCallback::Run returned 0
[9460:11964:0610/220213.848:VERBOSE1:chrome\updater\ipc\update_service_internal_proxy_win.cc:148] ~UpdateServiceInternalProxyImpl
[9460:2860:0610/220213.848:VERBOSE2:chrome\updater\ipc\proxy_impl_base_win.h:62] ~ProxyImplBase
[9460:11964:0610/220213.850:VERBOSE1:chrome\updater\updater.cc:335] UpdaterMain (--wake) returned 0.
[7776:7832:0610/220213.859:VERBOSE1:chrome\updater\updater.cc:335] UpdaterMain (--crash-handler) returned 0.
[10304:12152:0610/220223.855:VERBOSE2:chrome\updater\app\app_server_win.cc:252] Stop: COM server is shutting down.
[14824:11248:0610/220223.855:VERBOSE2:chrome\updater\app\app_server_win.cc:252] Stop: COM server is shutting down.
[10304:12152:0610/220223.855:VERBOSE2:chrome\updater\app\app_server_win.cc:312] Completed task, Microsoft::WRL::Module count: 0
[10304:15548:0610/220223.855:VERBOSE1:chrome\updater\prefs.cc:235] Prefs committed.
[10304:12152:0610/220223.856:VERBOSE1:chrome\updater\prefs.cc:140] ~UpdaterPrefsImpl: C:\Program Files (x86)\Google\GoogleUpdater\138.0.7194.0
[14824:11248:0610/220223.856:VERBOSE2:chrome\updater\app\app_server_win.cc:312] Completed task, Microsoft::WRL::Module count: 0
[14824:13488:0610/220223.856:VERBOSE1:chrome\updater\prefs.cc:235] Prefs committed.
[14824:11248:0610/220223.856:VERBOSE1:chrome\updater\prefs.cc:140] ~UpdaterPrefsImpl: C:\Program Files (x86)\Google\GoogleUpdater
[10304:540:0610/220223.861:VERBOSE1:chrome\updater\updater.cc:335] UpdaterMain (--windows-service) returned 0.
[14824:7944:0610/220223.861:VERBOSE1:chrome\updater\updater.cc:335] UpdaterMain (--windows-service) returned 0.
[12028:14836:0610/220223.879:VERBOSE1:chrome\updater\updater.cc:335] UpdaterMain (--crash-handler) returned 0.
[2028:7420:0610/220223.880:VERBOSE1:chrome\updater\updater.cc:335] UpdaterMain (--crash-handler) returned 0.
[16036:8368:0610/230210.222:VERBOSE1:chrome\updater\updater.cc:328] Version: 138.0.7194.0, opt, 32 bit (x86), command line: "C:\Program Files (x86)\Google\GoogleUpdater\138.0.7194.0\updater.exe" --wake --system
[16036:8368:0610/230210.222:VERBOSE1:chrome\updater\updater.cc:330] OS version: 10.0.22631.5335, System uptime (seconds): 44326, parent pid: 3044
[15468:9108:0610/230210.273:VERBOSE1:chrome\updater\updater.cc:328] Version: 138.0.7194.0, opt, 32 bit (x86), command line: "C:\Program Files (x86)\Google\GoogleUpdater\138.0.7194.0\updater.exe" --crash-handler --system "--database=C:\Program Files (x86)\Google\GoogleUpdater\138.0.7194.0\Crashpad" --url=https://clients2.google.com/cr/report --annotation=prod=Update4 --annotation=ver=138.0.7194.0 "--attachment=C:\Program Files (x86)\Google\GoogleUpdater\updater.log" --initial-client-data=0x2c8,0x2cc,0x2d0,0x2a4,0x2d4,0x10929c0,0x10929cc,0x10929d8
[15468:9108:0610/230210.273:VERBOSE1:chrome\updater\updater.cc:330] OS version: 10.0.22631.5335, System uptime (seconds): 44326, parent pid: 16036
[16036:8368:0610/230210.275:VERBOSE1:chrome\updater\crash_reporter.cc:120] Crash handler launched and ready.
[16036:8368:0610/230210.275:VERBOSE1:chrome\updater\crash_client.cc:106] Found 0 completed crash reports
[16036:8368:0610/230210.276:VERBOSE1:chrome\updater\crash_client.cc:124] Found 0 pending crash reports
[16036:8368:0610/230210.276:VERBOSE2:chrome\updater\update_usage_stats_task_win.cc:41] usage stats enabled by app {8a69d345-d564-463c-aff1-a69d9e530f96}
[16036:8368:0610/230210.277:VERBOSE1:chrome\updater\updater.cc:90] Crash reporting initialized.
[16036:8368:0610/230210.278:VERBOSE1:chrome\updater\updater.cc:145] IsUserAdmin: 1, IsUserNonElevatedAdmin: 0, IsUACOn: 1, IsElevatedWithUACOn: 1, LUA: 1
[16036:8368:0610/230210.296:VERBOSE1:chrome\updater\ipc\update_service_internal_proxy_win.cc:156] Run
[7652:14124:0610/230210.357:VERBOSE1:chrome\updater\updater.cc:328] Version: 138.0.7194.0, opt, 32 bit (x86), command line: "C:\Program Files (x86)\Google\GoogleUpdater\138.0.7194.0\updater.exe" --system --windows-service --service=update-internal
[7652:14124:0610/230210.357:VERBOSE1:chrome\updater\updater.cc:330] OS version: 10.0.22631.5335, System uptime (seconds): 44326, parent pid: 984
[5276:4424:0610/230210.407:VERBOSE1:chrome\updater\updater.cc:328] Version: 138.0.7194.0, opt, 32 bit (x86), command line: "C:\Program Files (x86)\Google\GoogleUpdater\138.0.7194.0\updater.exe" --crash-handler --system "--database=C:\Program Files (x86)\Google\GoogleUpdater\138.0.7194.0\Crashpad" --url=https://clients2.google.com/cr/report --annotation=prod=Update4 --annotation=ver=138.0.7194.0 "--attachment=C:\Program Files (x86)\Google\GoogleUpdater\updater.log" --initial-client-data=0x2cc,0x2d0,0x2d4,0x2a8,0x2d8,0x10929c0,0x10929cc,0x10929d8
[5276:4424:0610/230210.407:VERBOSE1:chrome\updater\updater.cc:330] OS version: 10.0.22631.5335, System uptime (seconds): 44327, parent pid: 7652
[7652:14124:0610/230210.408:VERBOSE1:chrome\updater\crash_reporter.cc:120] Crash handler launched and ready.
[7652:14124:0610/230210.409:VERBOSE1:chrome\updater\crash_client.cc:106] Found 0 completed crash reports
[7652:14124:0610/230210.409:VERBOSE1:chrome\updater\crash_client.cc:124] Found 0 pending crash reports
[7652:14124:0610/230210.409:VERBOSE2:chrome\updater\update_usage_stats_task_win.cc:41] usage stats enabled by app {8a69d345-d564-463c-aff1-a69d9e530f96}
[7652:14124:0610/230210.410:VERBOSE1:chrome\updater\updater.cc:90] Crash reporting initialized.
[7652:14124:0610/230210.412:VERBOSE1:chrome\updater\updater.cc:145] IsUserAdmin: 1, IsUserNonElevatedAdmin: 0, IsUACOn: 1, IsElevatedWithUACOn: 1, LUA: 1
[7652:4300:0610/230210.436:VERBOSE2:chrome\updater\app\server\win\updater_service_delegate.cc:60] Running COM server within the Windows Service
[7652:4300:0610/230210.436:VERBOSE2:chrome\updater\app\app_server.cc:57] ModeCheck
[7652:4300:0610/230210.436:VERBOSE2:chrome\updater\prefs.cc:89] CreateGlobalPrefsInternal
[7652:4300:0610/230210.437:VERBOSE1:chrome\updater\prefs.cc:135] UpdaterPrefsImpl (global): C:\Program Files (x86)\Google\GoogleUpdater
[7652:4300:0610/230210.437:VERBOSE2:chrome\updater\app\app_server.cc:70] This version: 138.0.7194.0, active version: 138.0.7194.0
[7652:4300:0610/230210.437:VERBOSE1:chrome\updater\win\setup\setup_util.cc:263] AreComInterfacesPresent: scope: System: is_internal: 1
[7652:4300:0610/230210.438:VERBOSE2:chrome\updater\win\setup\setup_util.cc:284] AreComInterfacesPresent: all interfaces present
[7652:4300:0610/230210.438:VERBOSE2:chrome\updater\prefs.cc:208] CreateLocalPrefs
[7652:4300:0610/230210.438:VERBOSE1:chrome\updater\prefs.cc:135] UpdaterPrefsImpl (local): C:\Program Files (x86)\Google\GoogleUpdater\138.0.7194.0
[7652:4300:0610/230210.438:VERBOSE1:chrome\updater\prefs.cc:140] ~UpdaterPrefsImpl: C:\Program Files (x86)\Google\GoogleUpdater
[7652:4300:0610/230210.462:VERBOSE2:chrome\updater\app\app_server_win.cc:300] Starting task, Microsoft::WRL::Module count: 2
[7652:4300:0610/230210.462:VERBOSE1:chrome\updater\update_service_internal_impl.cc:25] Run
[7652:4300:0610/230210.462:VERBOSE1:chrome\updater\ipc\update_service_proxy_win.cc:1090] RunPeriodicTasks
[12984:2236:0610/230210.514:VERBOSE1:chrome\updater\updater.cc:328] Version: 138.0.7194.0, opt, 32 bit (x86), command line: "C:\Program Files (x86)\Google\GoogleUpdater\138.0.7194.0\updater.exe" --system --windows-service --service=update
[12984:2236:0610/230210.514:VERBOSE1:chrome\updater\updater.cc:330] OS version: 10.0.22631.5335, System uptime (seconds): 44327, parent pid: 984
[12564:11460:0610/230210.565:VERBOSE1:chrome\updater\updater.cc:328] Version: 138.0.7194.0, opt, 32 bit (x86), command line: "C:\Program Files (x86)\Google\GoogleUpdater\138.0.7194.0\updater.exe" --crash-handler --system "--database=C:\Program Files (x86)\Google\GoogleUpdater\138.0.7194.0\Crashpad" --url=https://clients2.google.com/cr/report --annotation=prod=Update4 --annotation=ver=138.0.7194.0 "--attachment=C:\Program Files (x86)\Google\GoogleUpdater\updater.log" --initial-client-data=0x2cc,0x2d0,0x2d4,0x2c8,0x2d8,0x10929c0,0x10929cc,0x10929d8
[12564:11460:0610/230210.565:VERBOSE1:chrome\updater\updater.cc:330] OS version: 10.0.22631.5335, System uptime (seconds): 44327, parent pid: 12984
[12984:2236:0610/230210.568:VERBOSE1:chrome\updater\crash_reporter.cc:120] Crash handler launched and ready.
[12984:2236:0610/230210.568:VERBOSE1:chrome\updater\crash_client.cc:106] Found 0 completed crash reports
[12984:2236:0610/230210.569:VERBOSE1:chrome\updater\crash_client.cc:124] Found 0 pending crash reports
[12984:2236:0610/230210.569:VERBOSE2:chrome\updater\update_usage_stats_task_win.cc:41] usage stats enabled by app {8a69d345-d564-463c-aff1-a69d9e530f96}
[12984:2236:0610/230210.570:VERBOSE1:chrome\updater\updater.cc:90] Crash reporting initialized.
[12984:2236:0610/230210.571:VERBOSE1:chrome\updater\updater.cc:145] IsUserAdmin: 1, IsUserNonElevatedAdmin: 0, IsUACOn: 1, IsElevatedWithUACOn: 1, LUA: 1
[12984:7696:0610/230210.592:VERBOSE2:chrome\updater\app\server\win\updater_service_delegate.cc:60] Running COM server within the Windows Service
[12984:7696:0610/230210.592:VERBOSE2:chrome\updater\app\app_server.cc:57] ModeCheck
[12984:7696:0610/230210.592:VERBOSE2:chrome\updater\prefs.cc:89] CreateGlobalPrefsInternal
[12984:7696:0610/230210.593:VERBOSE1:chrome\updater\prefs.cc:135] UpdaterPrefsImpl (global): C:\Program Files (x86)\Google\GoogleUpdater
[12984:7696:0610/230210.593:VERBOSE2:chrome\updater\app\app_server.cc:70] This version: 138.0.7194.0, active version: 138.0.7194.0
[12984:7696:0610/230210.593:VERBOSE1:chrome\updater\win\setup\setup_util.cc:263] AreComInterfacesPresent: scope: System: is_internal: 0
[12984:7696:0610/230210.608:VERBOSE2:chrome\updater\win\setup\setup_util.cc:284] AreComInterfacesPresent: all interfaces present
[12984:7696:0610/230210.608:VERBOSE2:chrome\updater\prefs.cc:208] CreateLocalPrefs
[12984:7696:0610/230210.608:VERBOSE1:chrome\updater\prefs.cc:135] UpdaterPrefsImpl (local): C:\Program Files (x86)\Google\GoogleUpdater\138.0.7194.0
[12984:7696:0610/230210.608:VERBOSE1:chrome\enterprise_companion\device_management_storage\dm_storage_win.cc:242] GetDmToken: token not found.
[12984:7696:0610/230210.608:VERBOSE1:chrome\enterprise_companion\device_management_storage\dm_storage.cc:218] No valid DM token.
[12984:7696:0610/230210.623:VERBOSE1:chrome\updater\policy\service.cc:146] Current effective policies:
{
  LastCheckPeriod = 270 (Default)
}

[12984:7696:0610/230210.623:VERBOSE1:chrome\updater\prefs.cc:140] ~UpdaterPrefsImpl: C:\Program Files (x86)\Google\GoogleUpdater\138.0.7194.0
[12984:7696:0610/230210.650:VERBOSE2:chrome\updater\app\app_server_win.cc:300] Starting task, Microsoft::WRL::Module count: 2
[12984:7696:0610/230210.650:VERBOSE2:chrome\updater\util\win_util.cc:1433] OemInstallTime not found
[12984:7696:0610/230210.650:VERBOSE1:chrome\updater\update_service_impl_impl.cc:820] RunPeriodicTasks
[12984:7696:0610/230210.650:VERBOSE1:chrome\updater\update_service_impl_impl.cc:825] last_started updated.
[12984:7696:0610/230210.715:VERBOSE2:chrome\updater\util\win_util.cc:1239] Cohort values: 1:gu/32zf:32zx@0.5, 137.0.7151.103 Rollout, 
[12984:11560:0610/230211.206:VERBOSE2:chrome\updater\update_usage_stats_task_win.cc:41] usage stats enabled by app {8a69d345-d564-463c-aff1-a69d9e530f96}
[12984:7696:0610/230212.520:VERBOSE1:chrome\updater\update_service_impl_impl.cc:713] FetchPolicies
[12984:11560:0610/230212.520:VERBOSE1:chrome\enterprise_companion\device_management_storage\dm_storage_win.cc:242] GetDmToken: token not found.
[12984:11560:0610/230212.520:VERBOSE1:chrome\enterprise_companion\device_management_storage\dm_storage_win.cc:40] ReadRegistryString: failed to read registry: Software\Policies\Google\CloudManagement\@EnrollmentToken
[12984:11560:0610/230212.521:VERBOSE1:chrome\enterprise_companion\device_management_storage\dm_storage_win.cc:40] ReadRegistryString: failed to read registry: Software\Policies\Google\Chrome\@CloudManagementEnrollmentToken
[12984:11560:0610/230212.521:VERBOSE1:chrome\enterprise_companion\device_management_storage\dm_storage_win.cc:40] ReadRegistryString: failed to read registry: Software\Google\Update\Clients\{44fc7fe2-65ce-487c-93f4-edee46eeaaab}@CloudManagementEnrollmentToken
[12984:11560:0610/230212.521:VERBOSE1:chrome\enterprise_companion\device_management_storage\dm_storage_win.cc:40] ReadRegistryString: failed to read registry: Software\Google\Update\Clients\{430fd4d0-b729-4f61-aa34-91526481799d}@CloudManagementEnrollmentToken
[12984:7696:0610/230212.522:VERBOSE2:chrome\updater\policy\service.cc:182] Device is not CBCM managed, skipped policy fetch.
[12984:7696:0610/230212.522:VERBOSE1:chrome\updater\policy\service.cc:207] FetchPoliciesDone: 0
[12984:7696:0610/230212.522:VERBOSE1:chrome\updater\policy\service.cc:212] Policies after refresh:
{
  LastCheckPeriod = 270 (Default)
}

[12984:7696:0610/230212.550:INFO:chrome\updater\check_for_updates_task.cc:49] Skipping UpdateAll: last update was 86 minutes ago. check_delay == 270
[12984:7696:0610/230213.135:VERBOSE1:chrome\updater\update_service_impl_impl.cc:928] ForceInstall
[12984:7696:0610/230213.135:INFO:chrome\updater\update_service_impl_impl.cc:884] ForceInstall task complete: 0
[7652:15208:0610/230214.328:VERBOSE2:chrome\updater\ipc\update_service_proxy_win.cc:255] Run
[7652:4300:0610/230214.329:VERBOSE1:chrome\updater\ipc\update_service_proxy_win.cc:1048] ~UpdateServiceProxyImpl
[7652:6996:0610/230214.330:VERBOSE2:chrome\updater\ipc\proxy_impl_base_win.h:62] ~ProxyImplBase
[16036:12860:0610/230214.337:VERBOSE2:chrome\updater\ipc\update_service_internal_proxy_win.cc:65] Run result 0.
[7652:2956:0610/230214.337:VERBOSE2:chrome\updater\app\server\win\com_classes.cc:891] UpdaterInternalImpl::Run. IUpdaterInternalCallback::Run returned 0
[16036:8368:0610/230214.338:VERBOSE1:chrome\updater\ipc\update_service_internal_proxy_win.cc:148] ~UpdateServiceInternalProxyImpl
[16036:9852:0610/230214.338:VERBOSE2:chrome\updater\ipc\proxy_impl_base_win.h:62] ~ProxyImplBase
[16036:8368:0610/230214.342:VERBOSE1:chrome\updater\updater.cc:335] UpdaterMain (--wake) returned 0.
[15468:9108:0610/230214.355:VERBOSE1:chrome\updater\updater.cc:335] UpdaterMain (--crash-handler) returned 0.
[12984:7696:0610/230224.336:VERBOSE2:chrome\updater\app\app_server_win.cc:252] Stop: COM server is shutting down.
[7652:4300:0610/230224.336:VERBOSE2:chrome\updater\app\app_server_win.cc:252] Stop: COM server is shutting down.
[7652:4300:0610/230224.337:VERBOSE2:chrome\updater\app\app_server_win.cc:312] Completed task, Microsoft::WRL::Module count: 0
[7652:2956:0610/230224.337:VERBOSE1:chrome\updater\prefs.cc:235] Prefs committed.
[12984:7696:0610/230224.337:VERBOSE2:chrome\updater\app\app_server_win.cc:312] Completed task, Microsoft::WRL::Module count: 0
[7652:4300:0610/230224.337:VERBOSE1:chrome\updater\prefs.cc:140] ~UpdaterPrefsImpl: C:\Program Files (x86)\Google\GoogleUpdater\138.0.7194.0
[12984:11560:0610/230224.337:VERBOSE1:chrome\updater\prefs.cc:235] Prefs committed.
[12984:7696:0610/230224.337:VERBOSE1:chrome\updater\prefs.cc:140] ~UpdaterPrefsImpl: C:\Program Files (x86)\Google\GoogleUpdater
[7652:14124:0610/230224.342:VERBOSE1:chrome\updater\updater.cc:335] UpdaterMain (--windows-service) returned 0.
[12984:2236:0610/230224.342:VERBOSE1:chrome\updater\updater.cc:335] UpdaterMain (--windows-service) returned 0.
[12564:11460:0610/230224.360:VERBOSE1:chrome\updater\updater.cc:335] UpdaterMain (--crash-handler) returned 0.
[5276:4424:0610/230224.361:VERBOSE1:chrome\updater\updater.cc:335] UpdaterMain (--crash-handler) returned 0.
[17004:8536:0611/000210.202:VERBOSE1:chrome\updater\updater.cc:328] Version: 138.0.7194.0, opt, 32 bit (x86), command line: "C:\Program Files (x86)\Google\GoogleUpdater\138.0.7194.0\updater.exe" --wake --system
[17004:8536:0611/000210.202:VERBOSE1:chrome\updater\updater.cc:330] OS version: 10.0.22631.5335, System uptime (seconds): 47926, parent pid: 3044
[15332:17068:0611/000210.263:VERBOSE1:chrome\updater\updater.cc:328] Version: 138.0.7194.0, opt, 32 bit (x86), command line: "C:\Program Files (x86)\Google\GoogleUpdater\138.0.7194.0\updater.exe" --crash-handler --system "--database=C:\Program Files (x86)\Google\GoogleUpdater\138.0.7194.0\Crashpad" --url=https://clients2.google.com/cr/report --annotation=prod=Update4 --annotation=ver=138.0.7194.0 "--attachment=C:\Program Files (x86)\Google\GoogleUpdater\updater.log" --initial-client-data=0x2c8,0x2cc,0x2d0,0x2a4,0x2d4,0x10929c0,0x10929cc,0x10929d8
[15332:17068:0611/000210.263:VERBOSE1:chrome\updater\updater.cc:330] OS version: 10.0.22631.5335, System uptime (seconds): 47926, parent pid: 17004
[17004:8536:0611/000210.265:VERBOSE1:chrome\updater\crash_reporter.cc:120] Crash handler launched and ready.
[17004:8536:0611/000210.266:VERBOSE1:chrome\updater\crash_client.cc:106] Found 0 completed crash reports
[17004:8536:0611/000210.266:VERBOSE1:chrome\updater\crash_client.cc:124] Found 0 pending crash reports
[17004:8536:0611/000210.267:VERBOSE2:chrome\updater\update_usage_stats_task_win.cc:41] usage stats enabled by app {8a69d345-d564-463c-aff1-a69d9e530f96}
[17004:8536:0611/000210.268:VERBOSE1:chrome\updater\updater.cc:90] Crash reporting initialized.
[17004:8536:0611/000210.269:VERBOSE1:chrome\updater\updater.cc:145] IsUserAdmin: 1, IsUserNonElevatedAdmin: 0, IsUACOn: 1, IsElevatedWithUACOn: 1, LUA: 1
[17004:8536:0611/000210.286:VERBOSE1:chrome\updater\ipc\update_service_internal_proxy_win.cc:156] Run
[15448:10608:0611/000210.349:VERBOSE1:chrome\updater\updater.cc:328] Version: 138.0.7194.0, opt, 32 bit (x86), command line: "C:\Program Files (x86)\Google\GoogleUpdater\138.0.7194.0\updater.exe" --system --windows-service --service=update-internal
[15448:10608:0611/000210.349:VERBOSE1:chrome\updater\updater.cc:330] OS version: 10.0.22631.5335, System uptime (seconds): 47926, parent pid: 984
[14520:7976:0611/000210.402:VERBOSE1:chrome\updater\updater.cc:328] Version: 138.0.7194.0, opt, 32 bit (x86), command line: "C:\Program Files (x86)\Google\GoogleUpdater\138.0.7194.0\updater.exe" --crash-handler --system "--database=C:\Program Files (x86)\Google\GoogleUpdater\138.0.7194.0\Crashpad" --url=https://clients2.google.com/cr/report --annotation=prod=Update4 --annotation=ver=138.0.7194.0 "--attachment=C:\Program Files (x86)\Google\GoogleUpdater\updater.log" --initial-client-data=0x2d4,0x2d8,0x2dc,0x2b0,0x2e0,0x10929c0,0x10929cc,0x10929d8
[14520:7976:0611/000210.402:VERBOSE1:chrome\updater\updater.cc:330] OS version: 10.0.22631.5335, System uptime (seconds): 47927, parent pid: 15448
[15448:10608:0611/000210.402:VERBOSE1:chrome\updater\crash_reporter.cc:120] Crash handler launched and ready.
[15448:10608:0611/000210.402:VERBOSE1:chrome\updater\crash_client.cc:106] Found 0 completed crash reports
[15448:10608:0611/000210.402:VERBOSE1:chrome\updater\crash_client.cc:124] Found 0 pending crash reports
[15448:10608:0611/000210.402:VERBOSE2:chrome\updater\update_usage_stats_task_win.cc:41] usage stats enabled by app {8a69d345-d564-463c-aff1-a69d9e530f96}
[15448:10608:0611/000210.402:VERBOSE1:chrome\updater\updater.cc:90] Crash reporting initialized.
[15448:10608:0611/000210.402:VERBOSE1:chrome\updater\updater.cc:145] IsUserAdmin: 1, IsUserNonElevatedAdmin: 0, IsUACOn: 1, IsElevatedWithUACOn: 1, LUA: 1
[15448:16968:0611/000210.420:VERBOSE2:chrome\updater\app\server\win\updater_service_delegate.cc:60] Running COM server within the Windows Service
[15448:16968:0611/000210.420:VERBOSE2:chrome\updater\app\app_server.cc:57] ModeCheck
[15448:16968:0611/000210.420:VERBOSE2:chrome\updater\prefs.cc:89] CreateGlobalPrefsInternal
[15448:16968:0611/000210.420:VERBOSE1:chrome\updater\prefs.cc:135] UpdaterPrefsImpl (global): C:\Program Files (x86)\Google\GoogleUpdater
[15448:16968:0611/000210.420:VERBOSE2:chrome\updater\app\app_server.cc:70] This version: 138.0.7194.0, active version: 138.0.7194.0
[15448:16968:0611/000210.420:VERBOSE1:chrome\updater\win\setup\setup_util.cc:263] AreComInterfacesPresent: scope: System: is_internal: 1
[15448:16968:0611/000210.430:VERBOSE2:chrome\updater\win\setup\setup_util.cc:284] AreComInterfacesPresent: all interfaces present
[15448:16968:0611/000210.430:VERBOSE2:chrome\updater\prefs.cc:208] CreateLocalPrefs
[15448:16968:0611/000210.430:VERBOSE1:chrome\updater\prefs.cc:135] UpdaterPrefsImpl (local): C:\Program Files (x86)\Google\GoogleUpdater\138.0.7194.0
[15448:16968:0611/000210.430:VERBOSE1:chrome\updater\prefs.cc:140] ~UpdaterPrefsImpl: C:\Program Files (x86)\Google\GoogleUpdater
[15448:16968:0611/000210.452:VERBOSE2:chrome\updater\app\app_server_win.cc:300] Starting task, Microsoft::WRL::Module count: 2
[15448:16968:0611/000210.452:VERBOSE1:chrome\updater\update_service_internal_impl.cc:25] Run
[15448:16968:0611/000210.452:VERBOSE1:chrome\updater\ipc\update_service_proxy_win.cc:1090] RunPeriodicTasks
[15120:6752:0611/000210.502:VERBOSE1:chrome\updater\updater.cc:328] Version: 138.0.7194.0, opt, 32 bit (x86), command line: "C:\Program Files (x86)\Google\GoogleUpdater\138.0.7194.0\updater.exe" --system --windows-service --service=update
[15120:6752:0611/000210.502:VERBOSE1:chrome\updater\updater.cc:330] OS version: 10.0.22631.5335, System uptime (seconds): 47927, parent pid: 984
[14392:8528:0611/000210.552:VERBOSE1:chrome\updater\updater.cc:328] Version: 138.0.7194.0, opt, 32 bit (x86), command line: "C:\Program Files (x86)\Google\GoogleUpdater\138.0.7194.0\updater.exe" --crash-handler --system "--database=C:\Program Files (x86)\Google\GoogleUpdater\138.0.7194.0\Crashpad" --url=https://clients2.google.com/cr/report --annotation=prod=Update4 --annotation=ver=138.0.7194.0 "--attachment=C:\Program Files (x86)\Google\GoogleUpdater\updater.log" --initial-client-data=0x2c8,0x2cc,0x2d0,0x2a4,0x2d4,0x10929c0,0x10929cc,0x10929d8
[14392:8528:0611/000210.552:VERBOSE1:chrome\updater\updater.cc:330] OS version: 10.0.22631.5335, System uptime (seconds): 47927, parent pid: 15120
[15120:6752:0611/000210.552:VERBOSE1:chrome\updater\crash_reporter.cc:120] Crash handler launched and ready.
[15120:6752:0611/000210.552:VERBOSE1:chrome\updater\crash_client.cc:106] Found 0 completed crash reports
[15120:6752:0611/000210.552:VERBOSE1:chrome\updater\crash_client.cc:124] Found 0 pending crash reports
[15120:6752:0611/000210.552:VERBOSE2:chrome\updater\update_usage_stats_task_win.cc:41] usage stats enabled by app {8a69d345-d564-463c-aff1-a69d9e530f96}
[15120:6752:0611/000210.552:VERBOSE1:chrome\updater\updater.cc:90] Crash reporting initialized.
[15120:6752:0611/000210.552:VERBOSE1:chrome\updater\updater.cc:145] IsUserAdmin: 1, IsUserNonElevatedAdmin: 0, IsUACOn: 1, IsElevatedWithUACOn: 1, LUA: 1
[15120:9428:0611/000210.582:VERBOSE2:chrome\updater\app\server\win\updater_service_delegate.cc:60] Running COM server within the Windows Service
[15120:9428:0611/000210.582:VERBOSE2:chrome\updater\app\app_server.cc:57] ModeCheck
[15120:9428:0611/000210.582:VERBOSE2:chrome\updater\prefs.cc:89] CreateGlobalPrefsInternal
[15120:9428:0611/000210.582:VERBOSE1:chrome\updater\prefs.cc:135] UpdaterPrefsImpl (global): C:\Program Files (x86)\Google\GoogleUpdater
[15120:9428:0611/000210.583:VERBOSE2:chrome\updater\app\app_server.cc:70] This version: 138.0.7194.0, active version: 138.0.7194.0
[15120:9428:0611/000210.583:VERBOSE1:chrome\updater\win\setup\setup_util.cc:263] AreComInterfacesPresent: scope: System: is_internal: 0
[15120:9428:0611/000210.597:VERBOSE2:chrome\updater\win\setup\setup_util.cc:284] AreComInterfacesPresent: all interfaces present
[15120:9428:0611/000210.597:VERBOSE2:chrome\updater\prefs.cc:208] CreateLocalPrefs
[15120:9428:0611/000210.597:VERBOSE1:chrome\updater\prefs.cc:135] UpdaterPrefsImpl (local): C:\Program Files (x86)\Google\GoogleUpdater\138.0.7194.0
[15120:9428:0611/000210.598:VERBOSE1:chrome\enterprise_companion\device_management_storage\dm_storage_win.cc:242] GetDmToken: token not found.
[15120:9428:0611/000210.598:VERBOSE1:chrome\enterprise_companion\device_management_storage\dm_storage.cc:218] No valid DM token.
[15120:9428:0611/000210.603:VERBOSE1:chrome\updater\policy\service.cc:146] Current effective policies:
{
  LastCheckPeriod = 270 (Default)
}

[15120:9428:0611/000210.603:VERBOSE1:chrome\updater\prefs.cc:140] ~UpdaterPrefsImpl: C:\Program Files (x86)\Google\GoogleUpdater\138.0.7194.0
[15120:9428:0611/000210.636:VERBOSE2:chrome\updater\app\app_server_win.cc:300] Starting task, Microsoft::WRL::Module count: 2
[15120:9428:0611/000210.636:VERBOSE2:chrome\updater\util\win_util.cc:1433] OemInstallTime not found
[15120:9428:0611/000210.636:VERBOSE1:chrome\updater\update_service_impl_impl.cc:820] RunPeriodicTasks
[15120:9428:0611/000210.636:VERBOSE1:chrome\updater\update_service_impl_impl.cc:825] last_started updated.
[15120:9428:0611/000210.725:VERBOSE2:chrome\updater\util\win_util.cc:1239] Cohort values: 1:gu/32zf:32zx@0.5, 137.0.7151.103 Rollout, 
[15120:2740:0611/000211.882:VERBOSE2:chrome\updater\update_usage_stats_task_win.cc:41] usage stats enabled by app {8a69d345-d564-463c-aff1-a69d9e530f96}
[15120:9428:0611/000212.531:VERBOSE1:chrome\updater\update_service_impl_impl.cc:713] FetchPolicies
[15120:2740:0611/000212.531:VERBOSE1:chrome\enterprise_companion\device_management_storage\dm_storage_win.cc:242] GetDmToken: token not found.
[15120:2740:0611/000212.532:VERBOSE1:chrome\enterprise_companion\device_management_storage\dm_storage_win.cc:40] ReadRegistryString: failed to read registry: Software\Policies\Google\CloudManagement\@EnrollmentToken
[15120:2740:0611/000212.532:VERBOSE1:chrome\enterprise_companion\device_management_storage\dm_storage_win.cc:40] ReadRegistryString: failed to read registry: Software\Policies\Google\Chrome\@CloudManagementEnrollmentToken
[15120:2740:0611/000212.532:VERBOSE1:chrome\enterprise_companion\device_management_storage\dm_storage_win.cc:40] ReadRegistryString: failed to read registry: Software\Google\Update\Clients\{44fc7fe2-65ce-487c-93f4-edee46eeaaab}@CloudManagementEnrollmentToken
[15120:2740:0611/000212.533:VERBOSE1:chrome\enterprise_companion\device_management_storage\dm_storage_win.cc:40] ReadRegistryString: failed to read registry: Software\Google\Update\Clients\{430fd4d0-b729-4f61-aa34-91526481799d}@CloudManagementEnrollmentToken
[15120:9428:0611/000212.533:VERBOSE2:chrome\updater\policy\service.cc:182] Device is not CBCM managed, skipped policy fetch.
[15120:9428:0611/000212.533:VERBOSE1:chrome\updater\policy\service.cc:207] FetchPoliciesDone: 0
[15120:9428:0611/000212.533:VERBOSE1:chrome\updater\policy\service.cc:212] Policies after refresh:
{
  LastCheckPeriod = 270 (Default)
}

[15120:9428:0611/000213.346:INFO:chrome\updater\check_for_updates_task.cc:49] Skipping UpdateAll: last update was 146 minutes ago. check_delay == 270
[15120:9428:0611/000214.224:VERBOSE1:chrome\updater\update_service_impl_impl.cc:928] ForceInstall
[15120:9428:0611/000214.224:INFO:chrome\updater\update_service_impl_impl.cc:884] ForceInstall task complete: 0
[15448:18096:0611/000214.903:VERBOSE2:chrome\updater\ipc\update_service_proxy_win.cc:255] Run
[15448:16968:0611/000214.903:VERBOSE1:chrome\updater\ipc\update_service_proxy_win.cc:1048] ~UpdateServiceProxyImpl
[15448:16908:0611/000214.903:VERBOSE2:chrome\updater\ipc\proxy_impl_base_win.h:62] ~ProxyImplBase
[17004:17600:0611/000214.903:VERBOSE2:chrome\updater\ipc\update_service_internal_proxy_win.cc:65] Run result 0.
[15448:17820:0611/000214.903:VERBOSE2:chrome\updater\app\server\win\com_classes.cc:891] UpdaterInternalImpl::Run. IUpdaterInternalCallback::Run returned 0
[17004:8536:0611/000214.903:VERBOSE1:chrome\updater\ipc\update_service_internal_proxy_win.cc:148] ~UpdateServiceInternalProxyImpl
[17004:8876:0611/000214.903:VERBOSE2:chrome\updater\ipc\proxy_impl_base_win.h:62] ~ProxyImplBase
[17004:8536:0611/000214.903:VERBOSE1:chrome\updater\updater.cc:335] UpdaterMain (--wake) returned 0.
[15332:17068:0611/000214.916:VERBOSE1:chrome\updater\updater.cc:335] UpdaterMain (--crash-handler) returned 0.
[15120:9428:0611/000224.903:VERBOSE2:chrome\updater\app\app_server_win.cc:252] Stop: COM server is shutting down.
[15120:9428:0611/000224.903:VERBOSE2:chrome\updater\app\app_server_win.cc:312] Completed task, Microsoft::WRL::Module count: 0
[15120:2740:0611/000224.903:VERBOSE1:chrome\updater\prefs.cc:235] Prefs committed.
[15120:9428:0611/000224.903:VERBOSE1:chrome\updater\prefs.cc:140] ~UpdaterPrefsImpl: C:\Program Files (x86)\Google\GoogleUpdater
[15120:6752:0611/000224.903:VERBOSE1:chrome\updater\updater.cc:335] UpdaterMain (--windows-service) returned 0.
[14392:8528:0611/000224.903:VERBOSE1:chrome\updater\updater.cc:335] UpdaterMain (--crash-handler) returned 0.
[15448:16968:0611/000224.919:VERBOSE2:chrome\updater\app\app_server_win.cc:252] Stop: COM server is shutting down.
[15448:16968:0611/000224.919:VERBOSE2:chrome\updater\app\app_server_win.cc:312] Completed task, Microsoft::WRL::Module count: 0
[15448:17820:0611/000224.919:VERBOSE1:chrome\updater\prefs.cc:235] Prefs committed.
[15448:16968:0611/000224.919:VERBOSE1:chrome\updater\prefs.cc:140] ~UpdaterPrefsImpl: C:\Program Files (x86)\Google\GoogleUpdater\138.0.7194.0
[15448:10608:0611/000224.919:VERBOSE1:chrome\updater\updater.cc:335] UpdaterMain (--windows-service) returned 0.
[14520:7976:0611/000224.919:VERBOSE1:chrome\updater\updater.cc:335] UpdaterMain (--crash-handler) returned 0.
[11052:13544:0611/010210.216:VERBOSE1:chrome\updater\updater.cc:328] Version: 138.0.7194.0, opt, 32 bit (x86), command line: "C:\Program Files (x86)\Google\GoogleUpdater\138.0.7194.0\updater.exe" --wake --system
[11052:13544:0611/010210.216:VERBOSE1:chrome\updater\updater.cc:330] OS version: 10.0.22631.5335, System uptime (seconds): 51526, parent pid: 3044
[18156:17984:0611/010210.281:VERBOSE1:chrome\updater\updater.cc:328] Version: 138.0.7194.0, opt, 32 bit (x86), command line: "C:\Program Files (x86)\Google\GoogleUpdater\138.0.7194.0\updater.exe" --crash-handler --system "--database=C:\Program Files (x86)\Google\GoogleUpdater\138.0.7194.0\Crashpad" --url=https://clients2.google.com/cr/report --annotation=prod=Update4 --annotation=ver=138.0.7194.0 "--attachment=C:\Program Files (x86)\Google\GoogleUpdater\updater.log" --initial-client-data=0x2c8,0x2cc,0x2d0,0x2a4,0x2d4,0x10929c0,0x10929cc,0x10929d8
[18156:17984:0611/010210.281:VERBOSE1:chrome\updater\updater.cc:330] OS version: 10.0.22631.5335, System uptime (seconds): 51526, parent pid: 11052
[11052:13544:0611/010210.283:VERBOSE1:chrome\updater\crash_reporter.cc:120] Crash handler launched and ready.
[11052:13544:0611/010210.284:VERBOSE1:chrome\updater\crash_client.cc:106] Found 0 completed crash reports
[11052:13544:0611/010210.284:VERBOSE1:chrome\updater\crash_client.cc:124] Found 0 pending crash reports
[11052:13544:0611/010210.284:VERBOSE2:chrome\updater\update_usage_stats_task_win.cc:41] usage stats enabled by app {8a69d345-d564-463c-aff1-a69d9e530f96}
[11052:13544:0611/010210.284:VERBOSE1:chrome\updater\updater.cc:90] Crash reporting initialized.
[11052:13544:0611/010210.284:VERBOSE1:chrome\updater\updater.cc:145] IsUserAdmin: 1, IsUserNonElevatedAdmin: 0, IsUACOn: 1, IsElevatedWithUACOn: 1, LUA: 1
[11052:13544:0611/010210.301:VERBOSE1:chrome\updater\ipc\update_service_internal_proxy_win.cc:156] Run
[11084:16924:0611/010210.364:VERBOSE1:chrome\updater\updater.cc:328] Version: 138.0.7194.0, opt, 32 bit (x86), command line: "C:\Program Files (x86)\Google\GoogleUpdater\138.0.7194.0\updater.exe" --system --windows-service --service=update-internal
[11084:16924:0611/010210.364:VERBOSE1:chrome\updater\updater.cc:330] OS version: 10.0.22631.5335, System uptime (seconds): 51526, parent pid: 984
[16836:17772:0611/010210.416:VERBOSE1:chrome\updater\updater.cc:328] Version: 138.0.7194.0, opt, 32 bit (x86), command line: "C:\Program Files (x86)\Google\GoogleUpdater\138.0.7194.0\updater.exe" --crash-handler --system "--database=C:\Program Files (x86)\Google\GoogleUpdater\138.0.7194.0\Crashpad" --url=https://clients2.google.com/cr/report --annotation=prod=Update4 --annotation=ver=138.0.7194.0 "--attachment=C:\Program Files (x86)\Google\GoogleUpdater\updater.log" --initial-client-data=0x2c8,0x2cc,0x2d0,0x2a4,0x2d4,0x10929c0,0x10929cc,0x10929d8
[16836:17772:0611/010210.416:VERBOSE1:chrome\updater\updater.cc:330] OS version: 10.0.22631.5335, System uptime (seconds): 51527, parent pid: 11084
[11084:16924:0611/010210.416:VERBOSE1:chrome\updater\crash_reporter.cc:120] Crash handler launched and ready.
[11084:16924:0611/010210.416:VERBOSE1:chrome\updater\crash_client.cc:106] Found 0 completed crash reports
[11084:16924:0611/010210.416:VERBOSE1:chrome\updater\crash_client.cc:124] Found 0 pending crash reports
[11084:16924:0611/010210.416:VERBOSE2:chrome\updater\update_usage_stats_task_win.cc:41] usage stats enabled by app {8a69d345-d564-463c-aff1-a69d9e530f96}
[11084:16924:0611/010210.416:VERBOSE1:chrome\updater\updater.cc:90] Crash reporting initialized.
[11084:16924:0611/010210.416:VERBOSE1:chrome\updater\updater.cc:145] IsUserAdmin: 1, IsUserNonElevatedAdmin: 0, IsUACOn: 1, IsElevatedWithUACOn: 1, LUA: 1
[11084:4272:0611/010210.447:VERBOSE2:chrome\updater\app\server\win\updater_service_delegate.cc:60] Running COM server within the Windows Service
[11084:4272:0611/010210.447:VERBOSE2:chrome\updater\app\app_server.cc:57] ModeCheck
[11084:4272:0611/010210.447:VERBOSE2:chrome\updater\prefs.cc:89] CreateGlobalPrefsInternal
[11084:4272:0611/010210.448:VERBOSE1:chrome\updater\prefs.cc:135] UpdaterPrefsImpl (global): C:\Program Files (x86)\Google\GoogleUpdater
[11084:4272:0611/010210.448:VERBOSE2:chrome\updater\app\app_server.cc:70] This version: 138.0.7194.0, active version: 138.0.7194.0
[11084:4272:0611/010210.448:VERBOSE1:chrome\updater\win\setup\setup_util.cc:263] AreComInterfacesPresent: scope: System: is_internal: 1
[11084:4272:0611/010210.449:VERBOSE2:chrome\updater\win\setup\setup_util.cc:284] AreComInterfacesPresent: all interfaces present
[11084:4272:0611/010210.449:VERBOSE2:chrome\updater\prefs.cc:208] CreateLocalPrefs
[11084:4272:0611/010210.449:VERBOSE1:chrome\updater\prefs.cc:135] UpdaterPrefsImpl (local): C:\Program Files (x86)\Google\GoogleUpdater\138.0.7194.0
[11084:4272:0611/010210.449:VERBOSE1:chrome\updater\prefs.cc:140] ~UpdaterPrefsImpl: C:\Program Files (x86)\Google\GoogleUpdater
[11084:4272:0611/010210.466:VERBOSE2:chrome\updater\app\app_server_win.cc:300] Starting task, Microsoft::WRL::Module count: 2
[11084:4272:0611/010210.466:VERBOSE1:chrome\updater\update_service_internal_impl.cc:25] Run
[11084:4272:0611/010210.466:VERBOSE1:chrome\updater\ipc\update_service_proxy_win.cc:1090] RunPeriodicTasks
[3448:16284:0611/010210.529:VERBOSE1:chrome\updater\updater.cc:328] Version: 138.0.7194.0, opt, 32 bit (x86), command line: "C:\Program Files (x86)\Google\GoogleUpdater\138.0.7194.0\updater.exe" --system --windows-service --service=update
[3448:16284:0611/010210.529:VERBOSE1:chrome\updater\updater.cc:330] OS version: 10.0.22631.5335, System uptime (seconds): 51527, parent pid: 984
[8688:4084:0611/010210.582:VERBOSE1:chrome\updater\updater.cc:328] Version: 138.0.7194.0, opt, 32 bit (x86), command line: "C:\Program Files (x86)\Google\GoogleUpdater\138.0.7194.0\updater.exe" --crash-handler --system "--database=C:\Program Files (x86)\Google\GoogleUpdater\138.0.7194.0\Crashpad" --url=https://clients2.google.com/cr/report --annotation=prod=Update4 --annotation=ver=138.0.7194.0 "--attachment=C:\Program Files (x86)\Google\GoogleUpdater\updater.log" --initial-client-data=0x2c8,0x2cc,0x2d0,0x2a4,0x2d4,0x10929c0,0x10929cc,0x10929d8
[8688:4084:0611/010210.582:VERBOSE1:chrome\updater\updater.cc:330] OS version: 10.0.22631.5335, System uptime (seconds): 51527, parent pid: 3448
[3448:16284:0611/010210.582:VERBOSE1:chrome\updater\crash_reporter.cc:120] Crash handler launched and ready.
[3448:16284:0611/010210.582:VERBOSE1:chrome\updater\crash_client.cc:106] Found 0 completed crash reports
[3448:16284:0611/010210.582:VERBOSE1:chrome\updater\crash_client.cc:124] Found 0 pending crash reports
[3448:16284:0611/010210.582:VERBOSE2:chrome\updater\update_usage_stats_task_win.cc:41] usage stats enabled by app {8a69d345-d564-463c-aff1-a69d9e530f96}
[3448:16284:0611/010210.582:VERBOSE1:chrome\updater\updater.cc:90] Crash reporting initialized.
[3448:16284:0611/010210.582:VERBOSE1:chrome\updater\updater.cc:145] IsUserAdmin: 1, IsUserNonElevatedAdmin: 0, IsUACOn: 1, IsElevatedWithUACOn: 1, LUA: 1
[3448:2300:0611/010210.612:VERBOSE2:chrome\updater\app\server\win\updater_service_delegate.cc:60] Running COM server within the Windows Service
[3448:2300:0611/010210.612:VERBOSE2:chrome\updater\app\app_server.cc:57] ModeCheck
[3448:2300:0611/010210.612:VERBOSE2:chrome\updater\prefs.cc:89] CreateGlobalPrefsInternal
[3448:2300:0611/010210.613:VERBOSE1:chrome\updater\prefs.cc:135] UpdaterPrefsImpl (global): C:\Program Files (x86)\Google\GoogleUpdater
[3448:2300:0611/010210.613:VERBOSE2:chrome\updater\app\app_server.cc:70] This version: 138.0.7194.0, active version: 138.0.7194.0
[3448:2300:0611/010210.613:VERBOSE1:chrome\updater\win\setup\setup_util.cc:263] AreComInterfacesPresent: scope: System: is_internal: 0
[3448:2300:0611/010210.628:VERBOSE2:chrome\updater\win\setup\setup_util.cc:284] AreComInterfacesPresent: all interfaces present
[3448:2300:0611/010210.628:VERBOSE2:chrome\updater\prefs.cc:208] CreateLocalPrefs
[3448:2300:0611/010210.629:VERBOSE1:chrome\updater\prefs.cc:135] UpdaterPrefsImpl (local): C:\Program Files (x86)\Google\GoogleUpdater\138.0.7194.0
[3448:2300:0611/010210.629:VERBOSE1:chrome\enterprise_companion\device_management_storage\dm_storage_win.cc:242] GetDmToken: token not found.
[3448:2300:0611/010210.629:VERBOSE1:chrome\enterprise_companion\device_management_storage\dm_storage.cc:218] No valid DM token.
[3448:2300:0611/010210.632:VERBOSE1:chrome\updater\policy\service.cc:146] Current effective policies:
{
  LastCheckPeriod = 270 (Default)
}

[3448:2300:0611/010210.644:VERBOSE1:chrome\updater\prefs.cc:140] ~UpdaterPrefsImpl: C:\Program Files (x86)\Google\GoogleUpdater\138.0.7194.0
[3448:2300:0611/010210.666:VERBOSE2:chrome\updater\app\app_server_win.cc:300] Starting task, Microsoft::WRL::Module count: 2
[3448:2300:0611/010210.666:VERBOSE2:chrome\updater\util\win_util.cc:1433] OemInstallTime not found
[3448:2300:0611/010210.666:VERBOSE1:chrome\updater\update_service_impl_impl.cc:820] RunPeriodicTasks
[3448:2300:0611/010210.666:VERBOSE1:chrome\updater\update_service_impl_impl.cc:825] last_started updated.
[3448:2300:0611/010211.180:VERBOSE2:chrome\updater\util\win_util.cc:1239] Cohort values: 1:gu/32zf:32zx@0.5, 137.0.7151.103 Rollout, 
[3448:17164:0611/010212.145:VERBOSE2:chrome\updater\update_usage_stats_task_win.cc:41] usage stats enabled by app {8a69d345-d564-463c-aff1-a69d9e530f96}
[3448:2300:0611/010213.593:VERBOSE1:chrome\updater\update_service_impl_impl.cc:713] FetchPolicies
[3448:17164:0611/010213.594:VERBOSE1:chrome\enterprise_companion\device_management_storage\dm_storage_win.cc:242] GetDmToken: token not found.
[3448:17164:0611/010213.594:VERBOSE1:chrome\enterprise_companion\device_management_storage\dm_storage_win.cc:40] ReadRegistryString: failed to read registry: Software\Policies\Google\CloudManagement\@EnrollmentToken
[3448:17164:0611/010213.594:VERBOSE1:chrome\enterprise_companion\device_management_storage\dm_storage_win.cc:40] ReadRegistryString: failed to read registry: Software\Policies\Google\Chrome\@CloudManagementEnrollmentToken
[3448:17164:0611/010213.594:VERBOSE1:chrome\enterprise_companion\device_management_storage\dm_storage_win.cc:40] ReadRegistryString: failed to read registry: Software\Google\Update\Clients\{44fc7fe2-65ce-487c-93f4-edee46eeaaab}@CloudManagementEnrollmentToken
[3448:17164:0611/010213.594:VERBOSE1:chrome\enterprise_companion\device_management_storage\dm_storage_win.cc:40] ReadRegistryString: failed to read registry: Software\Google\Update\Clients\{430fd4d0-b729-4f61-aa34-91526481799d}@CloudManagementEnrollmentToken
[3448:2300:0611/010213.594:VERBOSE2:chrome\updater\policy\service.cc:182] Device is not CBCM managed, skipped policy fetch.
[3448:2300:0611/010213.594:VERBOSE1:chrome\updater\policy\service.cc:207] FetchPoliciesDone: 0
[3448:2300:0611/010213.594:VERBOSE1:chrome\updater\policy\service.cc:212] Policies after refresh:
{
  LastCheckPeriod = 270 (Default)
}

[3448:2300:0611/010214.265:INFO:chrome\updater\check_for_updates_task.cc:49] Skipping UpdateAll: last update was 206 minutes ago. check_delay == 324
[3448:2300:0611/010215.065:VERBOSE1:chrome\updater\update_service_impl_impl.cc:928] ForceInstall
[3448:2300:0611/010215.065:INFO:chrome\updater\update_service_impl_impl.cc:884] ForceInstall task complete: 0
[11084:212:0611/010216.150:VERBOSE2:chrome\updater\ipc\update_service_proxy_win.cc:255] Run
[11084:4272:0611/010216.150:VERBOSE1:chrome\updater\ipc\update_service_proxy_win.cc:1048] ~UpdateServiceProxyImpl
[11084:14972:0611/010216.150:VERBOSE2:chrome\updater\ipc\proxy_impl_base_win.h:62] ~ProxyImplBase
[11052:17052:0611/010216.150:VERBOSE2:chrome\updater\ipc\update_service_internal_proxy_win.cc:65] Run result 0.
[11084:9980:0611/010216.150:VERBOSE2:chrome\updater\app\server\win\com_classes.cc:891] UpdaterInternalImpl::Run. IUpdaterInternalCallback::Run returned 0
[11052:13544:0611/010216.150:VERBOSE1:chrome\updater\ipc\update_service_internal_proxy_win.cc:148] ~UpdateServiceInternalProxyImpl
[11052:17800:0611/010216.150:VERBOSE2:chrome\updater\ipc\proxy_impl_base_win.h:62] ~ProxyImplBase
[11052:13544:0611/010216.150:VERBOSE1:chrome\updater\updater.cc:335] UpdaterMain (--wake) returned 0.
[18156:17984:0611/010216.162:VERBOSE1:chrome\updater\updater.cc:335] UpdaterMain (--crash-handler) returned 0.
[3448:2300:0611/010226.150:VERBOSE2:chrome\updater\app\app_server_win.cc:252] Stop: COM server is shutting down.
[3448:2300:0611/010226.150:VERBOSE2:chrome\updater\app\app_server_win.cc:312] Completed task, Microsoft::WRL::Module count: 0
[3448:17164:0611/010226.150:VERBOSE1:chrome\updater\prefs.cc:235] Prefs committed.
[3448:2300:0611/010226.150:VERBOSE1:chrome\updater\prefs.cc:140] ~UpdaterPrefsImpl: C:\Program Files (x86)\Google\GoogleUpdater
[11084:4272:0611/010226.165:VERBOSE2:chrome\updater\app\app_server_win.cc:252] Stop: COM server is shutting down.
[11084:4272:0611/010226.165:VERBOSE2:chrome\updater\app\app_server_win.cc:312] Completed task, Microsoft::WRL::Module count: 0
[11084:9980:0611/010226.165:VERBOSE1:chrome\updater\prefs.cc:235] Prefs committed.
[11084:4272:0611/010226.165:VERBOSE1:chrome\updater\prefs.cc:140] ~UpdaterPrefsImpl: C:\Program Files (x86)\Google\GoogleUpdater\138.0.7194.0
[3448:16284:0611/010226.180:VERBOSE1:chrome\updater\updater.cc:335] UpdaterMain (--windows-service) returned 0.
[11084:16924:0611/010226.180:VERBOSE1:chrome\updater\updater.cc:335] UpdaterMain (--windows-service) returned 0.
[8688:4084:0611/010226.185:VERBOSE1:chrome\updater\updater.cc:335] UpdaterMain (--crash-handler) returned 0.
[16836:17772:0611/010226.185:VERBOSE1:chrome\updater\updater.cc:335] UpdaterMain (--crash-handler) returned 0.
[15948:7460:0611/020745.934:VERBOSE1:chrome\updater\updater.cc:328] Version: 138.0.7194.0, opt, 32 bit (x86), command line: "C:\Program Files (x86)\Google\GoogleUpdater\138.0.7194.0\updater.exe" --wake --system
[15948:7460:0611/020745.934:VERBOSE1:chrome\updater\updater.cc:330] OS version: 10.0.22631.5335, System uptime (seconds): 55462, parent pid: 3044
[7972:8756:0611/020751.904:VERBOSE1:chrome\updater\updater.cc:328] Version: 138.0.7194.0, opt, 32 bit (x86), command line: "C:\Program Files (x86)\Google\GoogleUpdater\138.0.7194.0\updater.exe" --crash-handler --system "--database=C:\Program Files (x86)\Google\GoogleUpdater\138.0.7194.0\Crashpad" --url=https://clients2.google.com/cr/report --annotation=prod=Update4 --annotation=ver=138.0.7194.0 "--attachment=C:\Program Files (x86)\Google\GoogleUpdater\updater.log" --initial-client-data=0x2cc,0x2d0,0x2d4,0x2a8,0x2d8,0x10929c0,0x10929cc,0x10929d8
[7972:8756:0611/020751.904:VERBOSE1:chrome\updater\updater.cc:330] OS version: 10.0.22631.5335, System uptime (seconds): 55468, parent pid: 15948
[15948:7460:0611/020751.908:VERBOSE1:chrome\updater\crash_reporter.cc:120] Crash handler launched and ready.
[15948:7460:0611/020751.909:VERBOSE1:chrome\updater\crash_client.cc:106] Found 0 completed crash reports
[15948:7460:0611/020751.910:VERBOSE1:chrome\updater\crash_client.cc:124] Found 0 pending crash reports
[15948:7460:0611/020751.918:VERBOSE2:chrome\updater\update_usage_stats_task_win.cc:41] usage stats enabled by app {8a69d345-d564-463c-aff1-a69d9e530f96}
[15948:7460:0611/020751.920:VERBOSE1:chrome\updater\updater.cc:90] Crash reporting initialized.
[15948:7460:0611/020751.923:VERBOSE1:chrome\updater\updater.cc:145] IsUserAdmin: 1, IsUserNonElevatedAdmin: 0, IsUACOn: 1, IsElevatedWithUACOn: 1, LUA: 1
[15948:7460:0611/020751.955:VERBOSE1:chrome\updater\ipc\update_service_internal_proxy_win.cc:156] Run
[17512:17740:0611/020752.650:VERBOSE1:chrome\updater\updater.cc:328] Version: 138.0.7194.0, opt, 32 bit (x86), command line: "C:\Program Files (x86)\Google\GoogleUpdater\138.0.7194.0\updater.exe" --system --windows-service --service=update-internal
[17512:17740:0611/020752.650:VERBOSE1:chrome\updater\updater.cc:330] OS version: 10.0.22631.5335, System uptime (seconds): 55469, parent pid: 984
[17728:9036:0611/020752.718:VERBOSE1:chrome\updater\updater.cc:328] Version: 138.0.7194.0, opt, 32 bit (x86), command line: "C:\Program Files (x86)\Google\GoogleUpdater\138.0.7194.0\updater.exe" --crash-handler --system "--database=C:\Program Files (x86)\Google\GoogleUpdater\138.0.7194.0\Crashpad" --url=https://clients2.google.com/cr/report --annotation=prod=Update4 --annotation=ver=138.0.7194.0 "--attachment=C:\Program Files (x86)\Google\GoogleUpdater\updater.log" --initial-client-data=0x2c8,0x2cc,0x2d0,0x2a4,0x2d4,0x10929c0,0x10929cc,0x10929d8
[17728:9036:0611/020752.718:VERBOSE1:chrome\updater\updater.cc:330] OS version: 10.0.22631.5335, System uptime (seconds): 55469, parent pid: 17512
[17512:17740:0611/020752.722:VERBOSE1:chrome\updater\crash_reporter.cc:120] Crash handler launched and ready.
[17512:17740:0611/020752.724:VERBOSE1:chrome\updater\crash_client.cc:106] Found 0 completed crash reports
[17512:17740:0611/020752.724:VERBOSE1:chrome\updater\crash_client.cc:124] Found 0 pending crash reports
[17512:17740:0611/020752.724:VERBOSE2:chrome\updater\update_usage_stats_task_win.cc:41] usage stats enabled by app {8a69d345-d564-463c-aff1-a69d9e530f96}
[17512:17740:0611/020752.725:VERBOSE1:chrome\updater\updater.cc:90] Crash reporting initialized.
[17512:17740:0611/020752.727:VERBOSE1:chrome\updater\updater.cc:145] IsUserAdmin: 1, IsUserNonElevatedAdmin: 0, IsUACOn: 1, IsElevatedWithUACOn: 1, LUA: 1
[17512:14520:0611/020752.765:VERBOSE2:chrome\updater\app\server\win\updater_service_delegate.cc:60] Running COM server within the Windows Service
[17512:14520:0611/020752.765:VERBOSE2:chrome\updater\app\app_server.cc:57] ModeCheck
[17512:14520:0611/020752.765:VERBOSE2:chrome\updater\prefs.cc:89] CreateGlobalPrefsInternal
[17512:14520:0611/020752.766:VERBOSE1:chrome\updater\prefs.cc:135] UpdaterPrefsImpl (global): C:\Program Files (x86)\Google\GoogleUpdater
[17512:14520:0611/020752.766:VERBOSE2:chrome\updater\app\app_server.cc:70] This version: 138.0.7194.0, active version: 138.0.7194.0
[17512:14520:0611/020752.766:VERBOSE1:chrome\updater\win\setup\setup_util.cc:263] AreComInterfacesPresent: scope: System: is_internal: 1
[17512:14520:0611/020752.768:VERBOSE2:chrome\updater\win\setup\setup_util.cc:284] AreComInterfacesPresent: all interfaces present
[17512:14520:0611/020752.768:VERBOSE2:chrome\updater\prefs.cc:208] CreateLocalPrefs
[17512:14520:0611/020752.769:VERBOSE1:chrome\updater\prefs.cc:135] UpdaterPrefsImpl (local): C:\Program Files (x86)\Google\GoogleUpdater\138.0.7194.0
[17512:14520:0611/020752.769:VERBOSE1:chrome\updater\prefs.cc:140] ~UpdaterPrefsImpl: C:\Program Files (x86)\Google\GoogleUpdater
[17512:14520:0611/020753.234:VERBOSE2:chrome\updater\app\app_server_win.cc:300] Starting task, Microsoft::WRL::Module count: 2
[17512:14520:0611/020753.234:VERBOSE1:chrome\updater\update_service_internal_impl.cc:25] Run
[17512:14520:0611/020753.234:VERBOSE1:chrome\updater\ipc\update_service_proxy_win.cc:1090] RunPeriodicTasks
[18352:10008:0611/020753.296:VERBOSE1:chrome\updater\updater.cc:328] Version: 138.0.7194.0, opt, 32 bit (x86), command line: "C:\Program Files (x86)\Google\GoogleUpdater\138.0.7194.0\updater.exe" --system --windows-service --service=update
[18352:10008:0611/020753.296:VERBOSE1:chrome\updater\updater.cc:330] OS version: 10.0.22631.5335, System uptime (seconds): 55469, parent pid: 984
[12324:17528:0611/020753.366:VERBOSE1:chrome\updater\updater.cc:328] Version: 138.0.7194.0, opt, 32 bit (x86), command line: "C:\Program Files (x86)\Google\GoogleUpdater\138.0.7194.0\updater.exe" --crash-handler --system "--database=C:\Program Files (x86)\Google\GoogleUpdater\138.0.7194.0\Crashpad" --url=https://clients2.google.com/cr/report --annotation=prod=Update4 --annotation=ver=138.0.7194.0 "--attachment=C:\Program Files (x86)\Google\GoogleUpdater\updater.log" --initial-client-data=0x2c8,0x2cc,0x2d0,0x280,0x2d4,0x10929c0,0x10929cc,0x10929d8
[12324:17528:0611/020753.366:VERBOSE1:chrome\updater\updater.cc:330] OS version: 10.0.22631.5335, System uptime (seconds): 55469, parent pid: 18352
[18352:10008:0611/020753.368:VERBOSE1:chrome\updater\crash_reporter.cc:120] Crash handler launched and ready.
[18352:10008:0611/020753.369:VERBOSE1:chrome\updater\crash_client.cc:106] Found 0 completed crash reports
[18352:10008:0611/020753.370:VERBOSE1:chrome\updater\crash_client.cc:124] Found 0 pending crash reports
[18352:10008:0611/020753.370:VERBOSE2:chrome\updater\update_usage_stats_task_win.cc:41] usage stats enabled by app {8a69d345-d564-463c-aff1-a69d9e530f96}
[18352:10008:0611/020753.371:VERBOSE1:chrome\updater\updater.cc:90] Crash reporting initialized.
[18352:10008:0611/020753.373:VERBOSE1:chrome\updater\updater.cc:145] IsUserAdmin: 1, IsUserNonElevatedAdmin: 0, IsUACOn: 1, IsElevatedWithUACOn: 1, LUA: 1
[18352:17404:0611/020753.401:VERBOSE2:chrome\updater\app\server\win\updater_service_delegate.cc:60] Running COM server within the Windows Service
[18352:17404:0611/020753.401:VERBOSE2:chrome\updater\app\app_server.cc:57] ModeCheck
[18352:17404:0611/020753.401:VERBOSE2:chrome\updater\prefs.cc:89] CreateGlobalPrefsInternal
[18352:17404:0611/020753.402:VERBOSE1:chrome\updater\prefs.cc:135] UpdaterPrefsImpl (global): C:\Program Files (x86)\Google\GoogleUpdater
[18352:17404:0611/020753.402:VERBOSE2:chrome\updater\app\app_server.cc:70] This version: 138.0.7194.0, active version: 138.0.7194.0
[18352:17404:0611/020753.402:VERBOSE1:chrome\updater\win\setup\setup_util.cc:263] AreComInterfacesPresent: scope: System: is_internal: 0
[18352:17404:0611/020753.424:VERBOSE2:chrome\updater\win\setup\setup_util.cc:284] AreComInterfacesPresent: all interfaces present
[18352:17404:0611/020753.424:VERBOSE2:chrome\updater\prefs.cc:208] CreateLocalPrefs
[18352:17404:0611/020753.424:VERBOSE1:chrome\updater\prefs.cc:135] UpdaterPrefsImpl (local): C:\Program Files (x86)\Google\GoogleUpdater\138.0.7194.0
[18352:17404:0611/020753.425:VERBOSE1:chrome\enterprise_companion\device_management_storage\dm_storage_win.cc:242] GetDmToken: token not found.
[18352:17404:0611/020753.425:VERBOSE1:chrome\enterprise_companion\device_management_storage\dm_storage.cc:218] No valid DM token.
[18352:17404:0611/020753.445:VERBOSE1:chrome\updater\policy\service.cc:146] Current effective policies:
{
  LastCheckPeriod = 270 (Default)
}

[18352:17404:0611/020753.445:VERBOSE1:chrome\updater\prefs.cc:140] ~UpdaterPrefsImpl: C:\Program Files (x86)\Google\GoogleUpdater\138.0.7194.0
[18352:17404:0611/020753.498:VERBOSE2:chrome\updater\app\app_server_win.cc:300] Starting task, Microsoft::WRL::Module count: 2
[18352:17404:0611/020753.498:VERBOSE2:chrome\updater\util\win_util.cc:1433] OemInstallTime not found
[18352:17404:0611/020753.499:VERBOSE1:chrome\updater\update_service_impl_impl.cc:820] RunPeriodicTasks
[18352:17404:0611/020753.499:VERBOSE1:chrome\updater\update_service_impl_impl.cc:825] last_started updated.
[18352:17404:0611/020754.023:VERBOSE2:chrome\updater\util\win_util.cc:1239] Cohort values: 1:gu/32zf:32zx@0.5, 137.0.7151.103 Rollout, 
[18352:9536:0611/020755.086:VERBOSE2:chrome\updater\update_usage_stats_task_win.cc:41] usage stats enabled by app {8a69d345-d564-463c-aff1-a69d9e530f96}
[18352:17404:0611/020756.320:VERBOSE1:chrome\updater\update_service_impl_impl.cc:713] FetchPolicies
[18352:9536:0611/020756.320:VERBOSE1:chrome\enterprise_companion\device_management_storage\dm_storage_win.cc:242] GetDmToken: token not found.
[18352:9536:0611/020756.320:VERBOSE1:chrome\enterprise_companion\device_management_storage\dm_storage_win.cc:40] ReadRegistryString: failed to read registry: Software\Policies\Google\CloudManagement\@EnrollmentToken
[18352:9536:0611/020756.320:VERBOSE1:chrome\enterprise_companion\device_management_storage\dm_storage_win.cc:40] ReadRegistryString: failed to read registry: Software\Policies\Google\Chrome\@CloudManagementEnrollmentToken
[18352:9536:0611/020756.320:VERBOSE1:chrome\enterprise_companion\device_management_storage\dm_storage_win.cc:40] ReadRegistryString: failed to read registry: Software\Google\Update\Clients\{44fc7fe2-65ce-487c-93f4-edee46eeaaab}@CloudManagementEnrollmentToken
[18352:9536:0611/020756.320:VERBOSE1:chrome\enterprise_companion\device_management_storage\dm_storage_win.cc:40] ReadRegistryString: failed to read registry: Software\Google\Update\Clients\{430fd4d0-b729-4f61-aa34-91526481799d}@CloudManagementEnrollmentToken
[18352:17404:0611/020756.320:VERBOSE2:chrome\updater\policy\service.cc:182] Device is not CBCM managed, skipped policy fetch.
[18352:17404:0611/020756.320:VERBOSE1:chrome\updater\policy\service.cc:207] FetchPoliciesDone: 0
[18352:17404:0611/020756.320:VERBOSE1:chrome\updater\policy\service.cc:212] Policies after refresh:
{
  LastCheckPeriod = 270 (Default)
}

[18352:17404:0611/020757.133:INFO:chrome\updater\check_for_updates_task.cc:49] Skipping UpdateAll: last update was 271 minutes ago. check_delay == 324
[18352:17404:0611/020757.914:VERBOSE1:chrome\updater\update_service_impl_impl.cc:928] ForceInstall
[18352:17404:0611/020757.914:INFO:chrome\updater\update_service_impl_impl.cc:884] ForceInstall task complete: 0
[17512:16888:0611/020759.729:VERBOSE2:chrome\updater\ipc\update_service_proxy_win.cc:255] Run
[17512:14520:0611/020759.729:VERBOSE1:chrome\updater\ipc\update_service_proxy_win.cc:1048] ~UpdateServiceProxyImpl
[17512:18056:0611/020759.729:VERBOSE2:chrome\updater\ipc\proxy_impl_base_win.h:62] ~ProxyImplBase
[15948:17028:0611/020759.729:VERBOSE2:chrome\updater\ipc\update_service_internal_proxy_win.cc:65] Run result 0.
[17512:4248:0611/020759.729:VERBOSE2:chrome\updater\app\server\win\com_classes.cc:891] UpdaterInternalImpl::Run. IUpdaterInternalCallback::Run returned 0
[15948:7460:0611/020759.729:VERBOSE1:chrome\updater\ipc\update_service_internal_proxy_win.cc:148] ~UpdateServiceInternalProxyImpl
[15948:15924:0611/020759.729:VERBOSE2:chrome\updater\ipc\proxy_impl_base_win.h:62] ~ProxyImplBase
[15948:7460:0611/020759.729:VERBOSE1:chrome\updater\updater.cc:335] UpdaterMain (--wake) returned 0.
[7972:8756:0611/020759.745:VERBOSE1:chrome\updater\updater.cc:335] UpdaterMain (--crash-handler) returned 0.
[18352:17404:0611/020809.740:VERBOSE2:chrome\updater\app\app_server_win.cc:252] Stop: COM server is shutting down.
[17512:14520:0611/020809.740:VERBOSE2:chrome\updater\app\app_server_win.cc:252] Stop: COM server is shutting down.
[18352:17404:0611/020809.740:VERBOSE2:chrome\updater\app\app_server_win.cc:312] Completed task, Microsoft::WRL::Module count: 0
[17512:14520:0611/020809.740:VERBOSE2:chrome\updater\app\app_server_win.cc:312] Completed task, Microsoft::WRL::Module count: 0
[18352:9536:0611/020809.740:VERBOSE1:chrome\updater\prefs.cc:235] Prefs committed.
[17512:4248:0611/020809.740:VERBOSE1:chrome\updater\prefs.cc:235] Prefs committed.
[17512:14520:0611/020809.740:VERBOSE1:chrome\updater\prefs.cc:140] ~UpdaterPrefsImpl: C:\Program Files (x86)\Google\GoogleUpdater\138.0.7194.0
[18352:17404:0611/020809.740:VERBOSE1:chrome\updater\prefs.cc:140] ~UpdaterPrefsImpl: C:\Program Files (x86)\Google\GoogleUpdater
[18352:10008:0611/020809.740:VERBOSE1:chrome\updater\updater.cc:335] UpdaterMain (--windows-service) returned 0.
[17512:17740:0611/020809.740:VERBOSE1:chrome\updater\updater.cc:335] UpdaterMain (--windows-service) returned 0.
[12324:17528:0611/020809.740:VERBOSE1:chrome\updater\updater.cc:335] UpdaterMain (--crash-handler) returned 0.
[17728:9036:0611/020809.740:VERBOSE1:chrome\updater\updater.cc:335] UpdaterMain (--crash-handler) returned 0.
[4992:4996:0611/021143.439:VERBOSE1:chrome\updater\updater.cc:328] Version: 138.0.7194.0, opt, 32 bit (x86), command line: "C:\Program Files (x86)\Google\GoogleUpdater\138.0.7194.0\updater.exe" --system --windows-service --service=update
[4920:4924:0611/021143.439:VERBOSE1:chrome\updater\updater.cc:328] Version: 138.0.7194.0, opt, 32 bit (x86), command line: "C:\Program Files (x86)\Google\GoogleUpdater\138.0.7194.0\updater.exe" --system --windows-service --service=update-internal
[4992:4996:0611/021143.439:VERBOSE1:chrome\updater\updater.cc:330] OS version: 10.0.22631.5472, System uptime (seconds): 29, parent pid: 960
[4920:4924:0611/021143.439:VERBOSE1:chrome\updater\updater.cc:330] OS version: 10.0.22631.5472, System uptime (seconds): 29, parent pid: 960
[5984:5988:0611/021143.862:VERBOSE1:chrome\updater\updater.cc:328] Version: 138.0.7194.0, opt, 32 bit (x86), command line: "C:\Program Files (x86)\Google\GoogleUpdater\138.0.7194.0\updater.exe" --crash-handler --system "--database=C:\Program Files (x86)\Google\GoogleUpdater\138.0.7194.0\Crashpad" --url=https://clients2.google.com/cr/report --annotation=prod=Update4 --annotation=ver=138.0.7194.0 "--attachment=C:\Program Files (x86)\Google\GoogleUpdater\updater.log" --initial-client-data=0x27c,0x2cc,0x2d0,0x2c8,0x2d4,0xa129c0,0xa129cc,0xa129d8
[5984:5988:0611/021143.862:VERBOSE1:chrome\updater\updater.cc:330] OS version: 10.0.22631.5472, System uptime (seconds): 30, parent pid: 4920
[5992:5996:0611/021143.940:VERBOSE1:chrome\updater\updater.cc:328] Version: 138.0.7194.0, opt, 32 bit (x86), command line: "C:\Program Files (x86)\Google\GoogleUpdater\138.0.7194.0\updater.exe" --crash-handler --system "--database=C:\Program Files (x86)\Google\GoogleUpdater\138.0.7194.0\Crashpad" --url=https://clients2.google.com/cr/report --annotation=prod=Update4 --annotation=ver=138.0.7194.0 "--attachment=C:\Program Files (x86)\Google\GoogleUpdater\updater.log" --initial-client-data=0x2cc,0x2d0,0x2d4,0x2c8,0x2d8,0xa129c0,0xa129cc,0xa129d8
[5992:5996:0611/021143.940:VERBOSE1:chrome\updater\updater.cc:330] OS version: 10.0.22631.5472, System uptime (seconds): 30, parent pid: 4992
[4920:4924:0611/021143.956:VERBOSE1:chrome\updater\crash_reporter.cc:120] Crash handler launched and ready.
[4920:4924:0611/021143.956:VERBOSE1:chrome\updater\crash_client.cc:106] Found 0 completed crash reports
[4920:4924:0611/021143.956:VERBOSE1:chrome\updater\crash_client.cc:124] Found 0 pending crash reports
[4920:4924:0611/021143.956:VERBOSE2:chrome\updater\update_usage_stats_task_win.cc:41] usage stats enabled by app {8a69d345-d564-463c-aff1-a69d9e530f96}
[4920:4924:0611/021143.956:VERBOSE1:chrome\updater\updater.cc:90] Crash reporting initialized.
[4992:4996:0611/021143.988:VERBOSE1:chrome\updater\crash_reporter.cc:120] Crash handler launched and ready.
[4992:4996:0611/021143.988:VERBOSE1:chrome\updater\crash_client.cc:106] Found 0 completed crash reports
[4992:4996:0611/021143.988:VERBOSE1:chrome\updater\crash_client.cc:124] Found 0 pending crash reports
[4992:4996:0611/021143.988:VERBOSE2:chrome\updater\update_usage_stats_task_win.cc:41] usage stats enabled by app {8a69d345-d564-463c-aff1-a69d9e530f96}
[4992:4996:0611/021143.988:VERBOSE1:chrome\updater\updater.cc:90] Crash reporting initialized.
[4920:4924:0611/021143.988:VERBOSE1:chrome\updater\updater.cc:145] IsUserAdmin: 1, IsUserNonElevatedAdmin: 0, IsUACOn: 0, IsElevatedWithUACOn: 0, LUA: 1
[4992:4996:0611/021143.988:VERBOSE1:chrome\updater\updater.cc:145] IsUserAdmin: 1, IsUserNonElevatedAdmin: 0, IsUACOn: 0, IsElevatedWithUACOn: 0, LUA: 1
[4920:4748:0611/021144.395:VERBOSE2:chrome\updater\app\server\win\updater_service_delegate.cc:65] Running Wake task from the Windows Service
[4920:4748:0611/021144.395:VERBOSE2:chrome\updater\app\server\win\updater_service_delegate.cc:27] Launching Wake command: "C:\Program Files (x86)\Google\GoogleUpdater\138.0.7194.0\updater.exe" --wake --system
[1376:1320:0611/021144.552:VERBOSE1:chrome\updater\updater.cc:328] Version: 138.0.7194.0, opt, 32 bit (x86), command line: "C:\Program Files (x86)\Google\GoogleUpdater\138.0.7194.0\updater.exe" --wake --system
[1376:1320:0611/021144.552:VERBOSE1:chrome\updater\updater.cc:330] OS version: 10.0.22631.5472, System uptime (seconds): 30, parent pid: 4920
[4920:4924:0611/021144.646:VERBOSE1:chrome\updater\updater.cc:335] UpdaterMain (--windows-service) returned 0.
[4992:4996:0611/021144.662:VERBOSE1:chrome\updater\updater.cc:335] UpdaterMain (--windows-service) returned 0.
[5984:5988:0611/021144.803:VERBOSE1:chrome\updater\updater.cc:335] UpdaterMain (--crash-handler) returned 0.
[5992:5996:0611/021144.819:VERBOSE1:chrome\updater\updater.cc:335] UpdaterMain (--crash-handler) returned 0.
[5024:5016:0611/021144.819:VERBOSE1:chrome\updater\updater.cc:328] Version: 138.0.7194.0, opt, 32 bit (x86), command line: "C:\Program Files (x86)\Google\GoogleUpdater\138.0.7194.0\updater.exe" --crash-handler --system "--database=C:\Program Files (x86)\Google\GoogleUpdater\138.0.7194.0\Crashpad" --url=https://clients2.google.com/cr/report --annotation=prod=Update4 --annotation=ver=138.0.7194.0 "--attachment=C:\Program Files (x86)\Google\GoogleUpdater\updater.log" --initial-client-data=0x2d0,0x2d4,0x2d8,0x2ac,0x2dc,0xa129c0,0xa129cc,0xa129d8
[5024:5016:0611/021144.819:VERBOSE1:chrome\updater\updater.cc:330] OS version: 10.0.22631.5472, System uptime (seconds): 31, parent pid: 1376
[1376:1320:0611/021144.866:VERBOSE1:chrome\updater\crash_reporter.cc:120] Crash handler launched and ready.
[1376:1320:0611/021144.866:VERBOSE1:chrome\updater\crash_client.cc:106] Found 0 completed crash reports
[1376:1320:0611/021144.866:VERBOSE1:chrome\updater\crash_client.cc:124] Found 0 pending crash reports
[1376:1320:0611/021144.866:VERBOSE2:chrome\updater\update_usage_stats_task_win.cc:41] usage stats enabled by app {8a69d345-d564-463c-aff1-a69d9e530f96}
[1376:1320:0611/021144.897:VERBOSE1:chrome\updater\updater.cc:90] Crash reporting initialized.
[1376:1320:0611/021144.913:VERBOSE1:chrome\updater\updater.cc:145] IsUserAdmin: 1, IsUserNonElevatedAdmin: 0, IsUACOn: 0, IsElevatedWithUACOn: 0, LUA: 1
[1376:1320:0611/021144.929:VERBOSE1:chrome\updater\ipc\update_service_internal_proxy_win.cc:156] Run
[6456:6460:0611/021145.211:VERBOSE1:chrome\updater\updater.cc:328] Version: 138.0.7194.0, opt, 32 bit (x86), command line: "C:\Program Files (x86)\Google\GoogleUpdater\138.0.7194.0\updater.exe" --system --windows-service --service=update-internal
[6456:6460:0611/021145.211:VERBOSE1:chrome\updater\updater.cc:330] OS version: 10.0.22631.5472, System uptime (seconds): 31, parent pid: 960
[6548:6552:0611/021145.415:VERBOSE1:chrome\updater\updater.cc:328] Version: 138.0.7194.0, opt, 32 bit (x86), command line: "C:\Program Files (x86)\Google\GoogleUpdater\138.0.7194.0\updater.exe" --crash-handler --system "--database=C:\Program Files (x86)\Google\GoogleUpdater\138.0.7194.0\Crashpad" --url=https://clients2.google.com/cr/report --annotation=prod=Update4 --annotation=ver=138.0.7194.0 "--attachment=C:\Program Files (x86)\Google\GoogleUpdater\updater.log" --initial-client-data=0x2c8,0x2cc,0x2d0,0x2a4,0x2d4,0xa129c0,0xa129cc,0xa129d8
[6548:6552:0611/021145.415:VERBOSE1:chrome\updater\updater.cc:330] OS version: 10.0.22631.5472, System uptime (seconds): 31, parent pid: 6456
[6456:6460:0611/021145.415:VERBOSE1:chrome\updater\crash_reporter.cc:120] Crash handler launched and ready.
[6456:6460:0611/021145.430:VERBOSE1:chrome\updater\crash_client.cc:106] Found 0 completed crash reports
[6456:6460:0611/021145.430:VERBOSE1:chrome\updater\crash_client.cc:124] Found 0 pending crash reports
[6456:6460:0611/021145.430:VERBOSE2:chrome\updater\update_usage_stats_task_win.cc:41] usage stats enabled by app {8a69d345-d564-463c-aff1-a69d9e530f96}
[6456:6460:0611/021145.430:VERBOSE1:chrome\updater\updater.cc:90] Crash reporting initialized.
[6456:6460:0611/021145.430:VERBOSE1:chrome\updater\updater.cc:145] IsUserAdmin: 1, IsUserNonElevatedAdmin: 0, IsUACOn: 0, IsElevatedWithUACOn: 0, LUA: 1
[6456:6724:0611/021145.603:VERBOSE2:chrome\updater\app\server\win\updater_service_delegate.cc:60] Running COM server within the Windows Service
[6456:6724:0611/021145.603:VERBOSE2:chrome\updater\app\app_server.cc:57] ModeCheck
[6456:6724:0611/021145.603:VERBOSE2:chrome\updater\prefs.cc:89] CreateGlobalPrefsInternal
[6456:6724:0611/021145.603:VERBOSE1:chrome\updater\prefs.cc:135] UpdaterPrefsImpl (global): C:\Program Files (x86)\Google\GoogleUpdater
[6456:6724:0611/021145.603:VERBOSE2:chrome\updater\app\app_server.cc:70] This version: 138.0.7194.0, active version: 138.0.7194.0
[6456:6724:0611/021145.603:VERBOSE1:chrome\updater\win\setup\setup_util.cc:263] AreComInterfacesPresent: scope: System: is_internal: 1
[6456:6724:0611/021145.619:VERBOSE2:chrome\updater\win\setup\setup_util.cc:284] AreComInterfacesPresent: all interfaces present
[6456:6724:0611/021145.619:VERBOSE2:chrome\updater\prefs.cc:208] CreateLocalPrefs
[6456:6724:0611/021145.619:VERBOSE1:chrome\updater\prefs.cc:135] UpdaterPrefsImpl (local): C:\Program Files (x86)\Google\GoogleUpdater\138.0.7194.0
[6456:6724:0611/021145.619:VERBOSE1:chrome\updater\prefs.cc:140] ~UpdaterPrefsImpl: C:\Program Files (x86)\Google\GoogleUpdater
[6456:6724:0611/021146.121:VERBOSE2:chrome\updater\app\app_server_win.cc:300] Starting task, Microsoft::WRL::Module count: 2
[6456:6724:0611/021146.121:VERBOSE1:chrome\updater\update_service_internal_impl.cc:25] Run
[6456:6724:0611/021146.121:VERBOSE1:chrome\updater\ipc\update_service_proxy_win.cc:1090] RunPeriodicTasks
[7004:7008:0611/021146.262:VERBOSE1:chrome\updater\updater.cc:328] Version: 138.0.7194.0, opt, 32 bit (x86), command line: "C:\Program Files (x86)\Google\GoogleUpdater\138.0.7194.0\updater.exe" --system --windows-service --service=update
[7004:7008:0611/021146.262:VERBOSE1:chrome\updater\updater.cc:330] OS version: 10.0.22631.5472, System uptime (seconds): 32, parent pid: 960
[7052:7056:0611/021146.403:VERBOSE1:chrome\updater\updater.cc:328] Version: 138.0.7194.0, opt, 32 bit (x86), command line: "C:\Program Files (x86)\Google\GoogleUpdater\138.0.7194.0\updater.exe" --crash-handler --system "--database=C:\Program Files (x86)\Google\GoogleUpdater\138.0.7194.0\Crashpad" --url=https://clients2.google.com/cr/report --annotation=prod=Update4 --annotation=ver=138.0.7194.0 "--attachment=C:\Program Files (x86)\Google\GoogleUpdater\updater.log" --initial-client-data=0x2c8,0x2cc,0x2d0,0x2a4,0x2d4,0xa129c0,0xa129cc,0xa129d8
[7052:7056:0611/021146.403:VERBOSE1:chrome\updater\updater.cc:330] OS version: 10.0.22631.5472, System uptime (seconds): 32, parent pid: 7004
[7004:7008:0611/021146.434:VERBOSE1:chrome\updater\crash_reporter.cc:120] Crash handler launched and ready.
[7004:7008:0611/021146.434:VERBOSE1:chrome\updater\crash_client.cc:106] Found 0 completed crash reports
[7004:7008:0611/021146.434:VERBOSE1:chrome\updater\crash_client.cc:124] Found 0 pending crash reports
[7004:7008:0611/021146.434:VERBOSE2:chrome\updater\update_usage_stats_task_win.cc:41] usage stats enabled by app {8a69d345-d564-463c-aff1-a69d9e530f96}
[7004:7008:0611/021146.434:VERBOSE1:chrome\updater\updater.cc:90] Crash reporting initialized.
[7004:7008:0611/021146.434:VERBOSE1:chrome\updater\updater.cc:145] IsUserAdmin: 1, IsUserNonElevatedAdmin: 0, IsUACOn: 0, IsElevatedWithUACOn: 0, LUA: 1
[7004:7164:0611/021146.560:VERBOSE2:chrome\updater\app\server\win\updater_service_delegate.cc:60] Running COM server within the Windows Service
[7004:7164:0611/021146.560:VERBOSE2:chrome\updater\app\app_server.cc:57] ModeCheck
[7004:7164:0611/021146.560:VERBOSE2:chrome\updater\prefs.cc:89] CreateGlobalPrefsInternal
[7004:7164:0611/021146.560:VERBOSE1:chrome\updater\prefs.cc:135] UpdaterPrefsImpl (global): C:\Program Files (x86)\Google\GoogleUpdater
[7004:7164:0611/021146.560:VERBOSE2:chrome\updater\app\app_server.cc:70] This version: 138.0.7194.0, active version: 138.0.7194.0
[7004:7164:0611/021146.560:VERBOSE1:chrome\updater\win\setup\setup_util.cc:263] AreComInterfacesPresent: scope: System: is_internal: 0
[7004:7164:0611/021146.638:VERBOSE2:chrome\updater\win\setup\setup_util.cc:284] AreComInterfacesPresent: all interfaces present
[7004:7164:0611/021146.638:VERBOSE2:chrome\updater\prefs.cc:208] CreateLocalPrefs
[7004:7164:0611/021146.638:VERBOSE1:chrome\updater\prefs.cc:135] UpdaterPrefsImpl (local): C:\Program Files (x86)\Google\GoogleUpdater\138.0.7194.0
[7004:7164:0611/021146.638:VERBOSE1:chrome\enterprise_companion\device_management_storage\dm_storage_win.cc:242] GetDmToken: token not found.
[7004:7164:0611/021146.638:VERBOSE1:chrome\enterprise_companion\device_management_storage\dm_storage.cc:218] No valid DM token.
[7004:7164:0611/021147.030:VERBOSE1:chrome\updater\policy\service.cc:146] Current effective policies:
{
  LastCheckPeriod = 270 (Default)
}

[7004:7164:0611/021147.030:VERBOSE1:chrome\updater\prefs.cc:140] ~UpdaterPrefsImpl: C:\Program Files (x86)\Google\GoogleUpdater\138.0.7194.0
[7004:7164:0611/021147.218:VERBOSE2:chrome\updater\app\app_server_win.cc:300] Starting task, Microsoft::WRL::Module count: 2
[7004:7164:0611/021147.218:VERBOSE2:chrome\updater\util\win_util.cc:1433] OemInstallTime not found
[7004:7164:0611/021147.218:VERBOSE1:chrome\updater\update_service_impl_impl.cc:820] RunPeriodicTasks
[7004:7164:0611/021147.218:VERBOSE1:chrome\updater\update_service_impl_impl.cc:825] last_started updated.
[7004:7164:0611/021147.736:VERBOSE2:chrome\updater\util\win_util.cc:1239] Cohort values: 1:gu/32zf:32zx@0.5, 137.0.7151.103 Rollout, 
[7004:7148:0611/021148.614:VERBOSE2:chrome\updater\update_usage_stats_task_win.cc:41] usage stats enabled by app {8a69d345-d564-463c-aff1-a69d9e530f96}
[7004:7164:0611/021149.225:VERBOSE1:chrome\updater\update_service_impl_impl.cc:713] FetchPolicies
[7004:7148:0611/021149.225:VERBOSE1:chrome\enterprise_companion\device_management_storage\dm_storage_win.cc:242] GetDmToken: token not found.
[7004:7148:0611/021149.225:VERBOSE1:chrome\enterprise_companion\device_management_storage\dm_storage_win.cc:40] ReadRegistryString: failed to read registry: Software\Policies\Google\CloudManagement\@EnrollmentToken
[7004:7148:0611/021149.225:VERBOSE1:chrome\enterprise_companion\device_management_storage\dm_storage_win.cc:40] ReadRegistryString: failed to read registry: Software\Policies\Google\Chrome\@CloudManagementEnrollmentToken
[7004:7148:0611/021149.225:VERBOSE1:chrome\enterprise_companion\device_management_storage\dm_storage_win.cc:40] ReadRegistryString: failed to read registry: Software\Google\Update\Clients\{44fc7fe2-65ce-487c-93f4-edee46eeaaab}@CloudManagementEnrollmentToken
[7004:7148:0611/021149.225:VERBOSE1:chrome\enterprise_companion\device_management_storage\dm_storage_win.cc:40] ReadRegistryString: failed to read registry: Software\Google\Update\Clients\{430fd4d0-b729-4f61-aa34-91526481799d}@CloudManagementEnrollmentToken
[7004:7164:0611/021149.225:VERBOSE2:chrome\updater\policy\service.cc:182] Device is not CBCM managed, skipped policy fetch.
[7004:7164:0611/021149.225:VERBOSE1:chrome\updater\policy\service.cc:207] FetchPoliciesDone: 0
[7004:7164:0611/021149.225:VERBOSE1:chrome\updater\policy\service.cc:212] Policies after refresh:
{
  LastCheckPeriod = 270 (Default)
}

[7004:7164:0611/021149.900:VERBOSE1:chrome\updater\update_service_impl_impl.cc:1083] UpdateAll
[7004:7164:0611/021149.900:VERBOSE1:chrome\updater\update_service_impl_impl.cc:128] GetComponents. Same version update: not allowed
[7004:7164:0611/021149.900:VERBOSE1:chrome\updater\installer.cc:134] MakeCrxComponentFromAppInfo for {44fc7fe2-65ce-487c-93f4-edee46eeaaab}
[7004:7164:0611/021149.900:VERBOSE1:chrome\updater\installer.cc:134] MakeCrxComponentFromAppInfo for {8a69d345-d564-463c-aff1-a69d9e530f96}
[7004:7164:0611/021149.900:VERBOSE1:chrome\updater\net\network_fetcher_win.cc:54] Using the system configuration for proxy.
[7004:7164:0611/021153.608:VERBOSE2:chrome\updater\net\network_fetcher_win.cc:198] Impl: GetLoggedOnUserToken failed: 8000ffff
[7004:7164:0611/021154.811:VERBOSE2:components\update_client\request_sender.cc:95] url: https://update.googleapis.com/service/update2/json
[7004:7164:0611/021154.811:VERBOSE2:components\update_client\request_sender.cc:104] Sending Omaha request: {"request":{"@os":"win","@updater":"updater","acceptformat":"crx3,download,puff,run,xz,zucc","apps":[{"appid":"{44fc7fe2-65ce-487c-93f4-edee46eeaaab}","cohort":"1:scr:","cohortname":"Everyone","enabled":true,"installdate":6735,"ping":{"ping_freshness":"{839a332e-b1c4-4508-a5e8-f03a941065d3}","rd":6735},"updatecheck":{},"version":"138.0.7194.0"},{"ap":"x64-statsdef_1","appid":"{8a69d345-d564-463c-aff1-a69d9e530f96}","brand":"ONGR","cached_items":[{"sha256":"a017a3bf1dbaf31d3ae7114cc3cf1767b0ef199ff6dd08303e54083f7a9f5048"}],"cohort":"1:gu/32zf:32zx@0.5","cohortname":"137.0.7151.103 Rollout","enabled":true,"installdate":6735,"lang":"en","ping":{"ping_freshness":"{43bf7003-5086-482b-aa2e-f43405b41187}","rd":6735},"updatecheck":{},"version":"137.0.7151.104"}],"arch":"x86","dedup":"cr","domainjoined":false,"hw":{"avx":false,"physmemory":16,"sse":true,"sse2":true,"sse3":true,"sse41":true,"sse42":true,"ssse3":true},"ismachine":true,"nacl_arch":"x86-64","os":{"arch":"x86_64","platform":"Windows","version":"10.0.22631.5472"},"prodversion":"138.0.7194.0","protocol":"4.0","requestid":"{3d409747-0c6b-4dbb-8617-bcee5d63e85b}","sessionid":"{8956dd09-366b-4b09-86ab-217dae52d676}","updaterversion":"138.0.7194.0","wow64":true}}
[7004:7164:0611/021154.811:VERBOSE2:chrome\updater\net\network_fetcher_win.cc:123] PostRequest
[7004:7148:0611/021154.811:VERBOSE1:components\winhttp\proxy_configuration.cc:123] Auto-proxy: winhttp uses the user settings for proxy.
[7004:6104:0611/021156.483:VERBOSE1:components\winhttp\network_fetcher.cc:526] hostname: update.googleapis.com
[7004:6104:0611/021157.373:VERBOSE1:components\winhttp\network_fetcher.cc:535] ip: [2607:f8b0:4006:809::2003]
[7004:7164:0611/021200.372:VERBOSE2:chrome\updater\net\network_fetcher_win.cc:151] PostRequestComplete: response code=200
[7004:7164:0611/021200.372:VERBOSE1:components\update_client\request_sender.cc:188] Request completed from url: https://update.googleapis.com/service/update2/json?cup2key=15:AvyHv07vyrZaiEiB3gP2z0E9ZpjKX2pvP_pdKHhLetY&cup2hreq=ee320f1f5b9e3368974cebbbe1fae9e9a6df61d19962ed32c4528671a2862b87
[7004:7164:0611/021200.372:VERBOSE2:components\update_client\request_sender.cc:136] Omaha response received: )]}'
{"response":{"server":"prod","protocol":"4.0","daystart":{"elapsed_seconds":83527,"elapsed_days":6735},"apps":[{"appid":"{44fc7fe2-65ce-487c-93f4-edee46eeaaab}","cohort":"1:scr:","status":"ok","cohortname":"Everyone","ping":{"status":"ok"},"updatecheck":{"status":"noupdate"}},{"appid":"{8a69d345-d564-463c-aff1-a69d9e530f96}","cohort":"1:gu/32zf:32zx@0.5","status":"ok","cohortname":"137.0.7151.103 Rollout","ping":{"status":"ok"},"updatecheck":{"status":"noupdate"}}]}}
[7004:7164:0611/021200.388:VERBOSE1:chrome\updater\update_service_impl_impl.cc:1106] last_checked updated.
[7004:7164:0611/021200.388:INFO:chrome\updater\check_for_updates_task.cc:88] UpdateAll task complete: 0
[7004:7164:0611/021201.309:VERBOSE1:chrome\updater\update_service_impl_impl.cc:928] ForceInstall
[7004:7164:0611/021201.309:INFO:chrome\updater\update_service_impl_impl.cc:884] ForceInstall task complete: 0
[6456:6784:0611/021201.903:VERBOSE2:chrome\updater\ipc\update_service_proxy_win.cc:255] Run
[6456:6724:0611/021201.903:VERBOSE1:chrome\updater\ipc\update_service_proxy_win.cc:1048] ~UpdateServiceProxyImpl
[6456:7000:0611/021201.903:VERBOSE2:chrome\updater\ipc\proxy_impl_base_win.h:62] ~ProxyImplBase
[1376:6432:0611/021201.903:VERBOSE2:chrome\updater\ipc\update_service_internal_proxy_win.cc:65] Run result 0.
[6456:6696:0611/021201.903:VERBOSE2:chrome\updater\app\server\win\com_classes.cc:891] UpdaterInternalImpl::Run. IUpdaterInternalCallback::Run returned 0
[1376:1320:0611/021201.903:VERBOSE1:chrome\updater\ipc\update_service_internal_proxy_win.cc:148] ~UpdateServiceInternalProxyImpl
[1376:6284:0611/021201.903:VERBOSE2:chrome\updater\ipc\proxy_impl_base_win.h:62] ~ProxyImplBase
[1376:1320:0611/021202.326:VERBOSE1:chrome\updater\updater.cc:335] UpdaterMain (--wake) returned 0.
[5024:5016:0611/021202.825:VERBOSE1:chrome\updater\updater.cc:335] UpdaterMain (--crash-handler) returned 0.
[7004:7164:0611/021211.918:VERBOSE2:chrome\updater\app\app_server_win.cc:252] Stop: COM server is shutting down.
[6456:6724:0611/021211.918:VERBOSE2:chrome\updater\app\app_server_win.cc:252] Stop: COM server is shutting down.
[6456:6724:0611/021211.918:VERBOSE2:chrome\updater\app\app_server_win.cc:312] Completed task, Microsoft::WRL::Module count: 0
[6456:6696:0611/021211.918:VERBOSE1:chrome\updater\prefs.cc:235] Prefs committed.
[6456:6724:0611/021211.918:VERBOSE1:chrome\updater\prefs.cc:140] ~UpdaterPrefsImpl: C:\Program Files (x86)\Google\GoogleUpdater\138.0.7194.0
[7004:7164:0611/021211.918:VERBOSE2:chrome\updater\app\app_server_win.cc:312] Completed task, Microsoft::WRL::Module count: 0
[7004:7148:0611/021211.918:VERBOSE1:chrome\updater\prefs.cc:235] Prefs committed.
[7004:7164:0611/021211.918:VERBOSE1:chrome\updater\prefs.cc:140] ~UpdaterPrefsImpl: C:\Program Files (x86)\Google\GoogleUpdater
[6456:6460:0611/021211.918:VERBOSE1:chrome\updater\updater.cc:335] UpdaterMain (--windows-service) returned 0.
[7004:7008:0611/021211.918:VERBOSE1:chrome\updater\updater.cc:335] UpdaterMain (--windows-service) returned 0.
[6548:6552:0611/021211.918:VERBOSE1:chrome\updater\updater.cc:335] UpdaterMain (--crash-handler) returned 0.
[7052:7056:0611/021211.918:VERBOSE1:chrome\updater\updater.cc:335] UpdaterMain (--crash-handler) returned 0.
[2044:7616:0611/021508.078:VERBOSE1:chrome\updater\updater.cc:328] Version: 138.0.7194.0, opt, 32 bit (x86), command line: "C:\Program Files (x86)\Google\GoogleUpdater\138.0.7194.0\updater.exe" --wake --system
[2044:7616:0611/021508.078:VERBOSE1:chrome\updater\updater.cc:330] OS version: 10.0.22631.5472, System uptime (seconds): 234, parent pid: 2820
[9476:9480:0611/021508.953:VERBOSE1:chrome\updater\updater.cc:328] Version: 138.0.7194.0, opt, 32 bit (x86), command line: "C:\Program Files (x86)\Google\GoogleUpdater\138.0.7194.0\updater.exe" --crash-handler --system "--database=C:\Program Files (x86)\Google\GoogleUpdater\138.0.7194.0\Crashpad" --url=https://clients2.google.com/cr/report --annotation=prod=Update4 --annotation=ver=138.0.7194.0 "--attachment=C:\Program Files (x86)\Google\GoogleUpdater\updater.log" --initial-client-data=0x2c8,0x2cc,0x2d0,0x2a4,0x2d4,0xa129c0,0xa129cc,0xa129d8
[9476:9480:0611/021508.953:VERBOSE1:chrome\updater\updater.cc:330] OS version: 10.0.22631.5472, System uptime (seconds): 235, parent pid: 2044
[2044:7616:0611/021508.969:VERBOSE1:chrome\updater\crash_reporter.cc:120] Crash handler launched and ready.
[2044:7616:0611/021508.969:VERBOSE1:chrome\updater\crash_client.cc:106] Found 0 completed crash reports
[2044:7616:0611/021508.969:VERBOSE1:chrome\updater\crash_client.cc:124] Found 0 pending crash reports
[2044:7616:0611/021508.969:VERBOSE2:chrome\updater\update_usage_stats_task_win.cc:41] usage stats enabled by app {8a69d345-d564-463c-aff1-a69d9e530f96}
[2044:7616:0611/021508.969:VERBOSE1:chrome\updater\updater.cc:90] Crash reporting initialized.
[2044:7616:0611/021508.969:VERBOSE1:chrome\updater\updater.cc:145] IsUserAdmin: 1, IsUserNonElevatedAdmin: 0, IsUACOn: 1, IsElevatedWithUACOn: 1, LUA: 1
[2044:7616:0611/021509.000:VERBOSE1:chrome\updater\ipc\update_service_internal_proxy_win.cc:156] Run
[9636:9640:0611/021509.109:VERBOSE1:chrome\updater\updater.cc:328] Version: 138.0.7194.0, opt, 32 bit (x86), command line: "C:\Program Files (x86)\Google\GoogleUpdater\138.0.7194.0\updater.exe" --system --windows-service --service=update-internal
[9636:9640:0611/021509.109:VERBOSE1:chrome\updater\updater.cc:330] OS version: 10.0.22631.5472, System uptime (seconds): 235, parent pid: 960
[9652:9656:0611/021509.203:VERBOSE1:chrome\updater\updater.cc:328] Version: 138.0.7194.0, opt, 32 bit (x86), command line: "C:\Program Files (x86)\Google\GoogleUpdater\138.0.7194.0\updater.exe" --crash-handler --system "--database=C:\Program Files (x86)\Google\GoogleUpdater\138.0.7194.0\Crashpad" --url=https://clients2.google.com/cr/report --annotation=prod=Update4 --annotation=ver=138.0.7194.0 "--attachment=C:\Program Files (x86)\Google\GoogleUpdater\updater.log" --initial-client-data=0x2e4,0x2e8,0x2ec,0x2c0,0x2f0,0xa129c0,0xa129cc,0xa129d8
[9652:9656:0611/021509.203:VERBOSE1:chrome\updater\updater.cc:330] OS version: 10.0.22631.5472, System uptime (seconds): 235, parent pid: 9636
[9636:9640:0611/021509.203:VERBOSE1:chrome\updater\crash_reporter.cc:120] Crash handler launched and ready.
[9636:9640:0611/021509.203:VERBOSE1:chrome\updater\crash_client.cc:106] Found 0 completed crash reports
[9636:9640:0611/021509.203:VERBOSE1:chrome\updater\crash_client.cc:124] Found 0 pending crash reports
[9636:9640:0611/021509.203:VERBOSE2:chrome\updater\update_usage_stats_task_win.cc:41] usage stats enabled by app {8a69d345-d564-463c-aff1-a69d9e530f96}
[9636:9640:0611/021509.203:VERBOSE1:chrome\updater\updater.cc:90] Crash reporting initialized.
[9636:9640:0611/021509.203:VERBOSE1:chrome\updater\updater.cc:145] IsUserAdmin: 1, IsUserNonElevatedAdmin: 0, IsUACOn: 1, IsElevatedWithUACOn: 1, LUA: 1
[9636:9708:0611/021509.234:VERBOSE2:chrome\updater\app\server\win\updater_service_delegate.cc:60] Running COM server within the Windows Service
[9636:9708:0611/021509.234:VERBOSE2:chrome\updater\app\app_server.cc:57] ModeCheck
[9636:9708:0611/021509.234:VERBOSE2:chrome\updater\prefs.cc:89] CreateGlobalPrefsInternal
[9636:9708:0611/021509.234:VERBOSE1:chrome\updater\prefs.cc:135] UpdaterPrefsImpl (global): C:\Program Files (x86)\Google\GoogleUpdater
[9636:9708:0611/021509.234:VERBOSE2:chrome\updater\app\app_server.cc:70] This version: 138.0.7194.0, active version: 138.0.7194.0
[9636:9708:0611/021509.234:VERBOSE1:chrome\updater\win\setup\setup_util.cc:263] AreComInterfacesPresent: scope: System: is_internal: 1
[9636:9708:0611/021509.250:VERBOSE2:chrome\updater\win\setup\setup_util.cc:284] AreComInterfacesPresent: all interfaces present
[9636:9708:0611/021509.250:VERBOSE2:chrome\updater\prefs.cc:208] CreateLocalPrefs
[9636:9708:0611/021509.250:VERBOSE1:chrome\updater\prefs.cc:135] UpdaterPrefsImpl (local): C:\Program Files (x86)\Google\GoogleUpdater\138.0.7194.0
[9636:9708:0611/021509.250:VERBOSE1:chrome\updater\prefs.cc:140] ~UpdaterPrefsImpl: C:\Program Files (x86)\Google\GoogleUpdater
[9636:9708:0611/021509.297:VERBOSE2:chrome\updater\app\app_server_win.cc:300] Starting task, Microsoft::WRL::Module count: 2
[9636:9708:0611/021509.297:VERBOSE1:chrome\updater\update_service_internal_impl.cc:25] Run
[9636:9708:0611/021509.297:VERBOSE1:chrome\updater\ipc\update_service_proxy_win.cc:1090] RunPeriodicTasks
[9732:9736:0611/021509.406:VERBOSE1:chrome\updater\updater.cc:328] Version: 138.0.7194.0, opt, 32 bit (x86), command line: "C:\Program Files (x86)\Google\GoogleUpdater\138.0.7194.0\updater.exe" --system --windows-service --service=update
[9732:9736:0611/021509.406:VERBOSE1:chrome\updater\updater.cc:330] OS version: 10.0.22631.5472, System uptime (seconds): 235, parent pid: 960
[9752:9756:0611/021509.516:VERBOSE1:chrome\updater\updater.cc:328] Version: 138.0.7194.0, opt, 32 bit (x86), command line: "C:\Program Files (x86)\Google\GoogleUpdater\138.0.7194.0\updater.exe" --crash-handler --system "--database=C:\Program Files (x86)\Google\GoogleUpdater\138.0.7194.0\Crashpad" --url=https://clients2.google.com/cr/report --annotation=prod=Update4 --annotation=ver=138.0.7194.0 "--attachment=C:\Program Files (x86)\Google\GoogleUpdater\updater.log" --initial-client-data=0x2d0,0x2d4,0x2d8,0x2ac,0x2dc,0xa129c0,0xa129cc,0xa129d8
[9752:9756:0611/021509.516:VERBOSE1:chrome\updater\updater.cc:330] OS version: 10.0.22631.5472, System uptime (seconds): 235, parent pid: 9732
[9732:9736:0611/021509.516:VERBOSE1:chrome\updater\crash_reporter.cc:120] Crash handler launched and ready.
[9732:9736:0611/021509.516:VERBOSE1:chrome\updater\crash_client.cc:106] Found 0 completed crash reports
[9732:9736:0611/021509.516:VERBOSE1:chrome\updater\crash_client.cc:124] Found 0 pending crash reports
[9732:9736:0611/021509.516:VERBOSE2:chrome\updater\update_usage_stats_task_win.cc:41] usage stats enabled by app {8a69d345-d564-463c-aff1-a69d9e530f96}
[9732:9736:0611/021509.516:VERBOSE1:chrome\updater\updater.cc:90] Crash reporting initialized.
[9732:9736:0611/021509.531:VERBOSE1:chrome\updater\updater.cc:145] IsUserAdmin: 1, IsUserNonElevatedAdmin: 0, IsUACOn: 1, IsElevatedWithUACOn: 1, LUA: 1
[9732:9840:0611/021509.562:VERBOSE2:chrome\updater\app\server\win\updater_service_delegate.cc:60] Running COM server within the Windows Service
[9732:9840:0611/021509.562:VERBOSE2:chrome\updater\app\app_server.cc:57] ModeCheck
[9732:9840:0611/021509.562:VERBOSE2:chrome\updater\prefs.cc:89] CreateGlobalPrefsInternal
[9732:9840:0611/021509.562:VERBOSE1:chrome\updater\prefs.cc:135] UpdaterPrefsImpl (global): C:\Program Files (x86)\Google\GoogleUpdater
[9732:9840:0611/021509.562:VERBOSE2:chrome\updater\app\app_server.cc:70] This version: 138.0.7194.0, active version: 138.0.7194.0
[9732:9840:0611/021509.562:VERBOSE1:chrome\updater\win\setup\setup_util.cc:263] AreComInterfacesPresent: scope: System: is_internal: 0
[9732:9840:0611/021509.594:VERBOSE2:chrome\updater\win\setup\setup_util.cc:284] AreComInterfacesPresent: all interfaces present
[9732:9840:0611/021509.594:VERBOSE2:chrome\updater\prefs.cc:208] CreateLocalPrefs
[9732:9840:0611/021509.594:VERBOSE1:chrome\updater\prefs.cc:135] UpdaterPrefsImpl (local): C:\Program Files (x86)\Google\GoogleUpdater\138.0.7194.0
[9732:9840:0611/021509.594:VERBOSE1:chrome\enterprise_companion\device_management_storage\dm_storage_win.cc:242] GetDmToken: token not found.
[9732:9840:0611/021509.594:VERBOSE1:chrome\enterprise_companion\device_management_storage\dm_storage.cc:218] No valid DM token.
[9732:9840:0611/021509.625:VERBOSE1:chrome\updater\policy\service.cc:146] Current effective policies:
{
  LastCheckPeriod = 270 (Default)
}

[9732:9840:0611/021509.625:VERBOSE1:chrome\updater\prefs.cc:140] ~UpdaterPrefsImpl: C:\Program Files (x86)\Google\GoogleUpdater\138.0.7194.0
[9732:9840:0611/021509.672:VERBOSE2:chrome\updater\app\app_server_win.cc:300] Starting task, Microsoft::WRL::Module count: 2
[9732:9840:0611/021509.672:VERBOSE2:chrome\updater\util\win_util.cc:1433] OemInstallTime not found
[9732:9840:0611/021509.672:VERBOSE1:chrome\updater\update_service_impl_impl.cc:820] RunPeriodicTasks
[9732:9840:0611/021509.672:VERBOSE1:chrome\updater\update_service_impl_impl.cc:825] last_started updated.
[9732:9840:0611/021510.375:VERBOSE2:chrome\updater\util\win_util.cc:1239] Cohort values: 1:gu/32zf:32zx@0.5, 137.0.7151.103 Rollout, 
[9732:9828:0611/021511.375:VERBOSE2:chrome\updater\update_usage_stats_task_win.cc:41] usage stats enabled by app {8a69d345-d564-463c-aff1-a69d9e530f96}
[9732:9840:0611/021512.437:VERBOSE1:chrome\updater\update_service_impl_impl.cc:713] FetchPolicies
[9732:9828:0611/021512.437:VERBOSE1:chrome\enterprise_companion\device_management_storage\dm_storage_win.cc:242] GetDmToken: token not found.
[9732:9828:0611/021512.437:VERBOSE1:chrome\enterprise_companion\device_management_storage\dm_storage_win.cc:40] ReadRegistryString: failed to read registry: Software\Policies\Google\CloudManagement\@EnrollmentToken
[9732:9828:0611/021512.437:VERBOSE1:chrome\enterprise_companion\device_management_storage\dm_storage_win.cc:40] ReadRegistryString: failed to read registry: Software\Policies\Google\Chrome\@CloudManagementEnrollmentToken
[9732:9828:0611/021512.437:VERBOSE1:chrome\enterprise_companion\device_management_storage\dm_storage_win.cc:40] ReadRegistryString: failed to read registry: Software\Google\Update\Clients\{44fc7fe2-65ce-487c-93f4-edee46eeaaab}@CloudManagementEnrollmentToken
[9732:9828:0611/021512.437:VERBOSE1:chrome\enterprise_companion\device_management_storage\dm_storage_win.cc:40] ReadRegistryString: failed to read registry: Software\Google\Update\Clients\{430fd4d0-b729-4f61-aa34-91526481799d}@CloudManagementEnrollmentToken
[9732:9840:0611/021512.437:VERBOSE2:chrome\updater\policy\service.cc:182] Device is not CBCM managed, skipped policy fetch.
[9732:9840:0611/021512.437:VERBOSE1:chrome\updater\policy\service.cc:207] FetchPoliciesDone: 0
[9732:9840:0611/021512.437:VERBOSE1:chrome\updater\policy\service.cc:212] Policies after refresh:
{
  LastCheckPeriod = 270 (Default)
}

[9732:9840:0611/021512.562:INFO:chrome\updater\check_for_updates_task.cc:49] Skipping UpdateAll: last update was 3 minutes ago. check_delay == 270
[9732:9840:0611/021512.937:VERBOSE1:chrome\updater\update_service_impl_impl.cc:928] ForceInstall
[9732:9840:0611/021512.937:INFO:chrome\updater\update_service_impl_impl.cc:884] ForceInstall task complete: 0
[9636:9720:0611/021513.484:VERBOSE2:chrome\updater\ipc\update_service_proxy_win.cc:255] Run
[9636:9708:0611/021513.484:VERBOSE1:chrome\updater\ipc\update_service_proxy_win.cc:1048] ~UpdateServiceProxyImpl
[9636:9728:0611/021513.484:VERBOSE2:chrome\updater\ipc\proxy_impl_base_win.h:62] ~ProxyImplBase
[2044:9724:0611/021513.484:VERBOSE2:chrome\updater\ipc\update_service_internal_proxy_win.cc:65] Run result 0.
[9636:9696:0611/021513.484:VERBOSE2:chrome\updater\app\server\win\com_classes.cc:891] UpdaterInternalImpl::Run. IUpdaterInternalCallback::Run returned 0
[2044:7616:0611/021513.484:VERBOSE1:chrome\updater\ipc\update_service_internal_proxy_win.cc:148] ~UpdateServiceInternalProxyImpl
[2044:9608:0611/021513.484:VERBOSE2:chrome\updater\ipc\proxy_impl_base_win.h:62] ~ProxyImplBase
[2044:7616:0611/021513.484:VERBOSE1:chrome\updater\updater.cc:335] UpdaterMain (--wake) returned 0.
[9476:9480:0611/021513.499:VERBOSE1:chrome\updater\updater.cc:335] UpdaterMain (--crash-handler) returned 0.
[9636:9708:0611/021523.489:VERBOSE2:chrome\updater\app\app_server_win.cc:252] Stop: COM server is shutting down.
[9732:9840:0611/021523.489:VERBOSE2:chrome\updater\app\app_server_win.cc:252] Stop: COM server is shutting down.
[9636:9708:0611/021523.489:VERBOSE2:chrome\updater\app\app_server_win.cc:312] Completed task, Microsoft::WRL::Module count: 0
[9636:9696:0611/021523.489:VERBOSE1:chrome\updater\prefs.cc:235] Prefs committed.
[9732:9840:0611/021523.489:VERBOSE2:chrome\updater\app\app_server_win.cc:312] Completed task, Microsoft::WRL::Module count: 0
[9636:9708:0611/021523.489:VERBOSE1:chrome\updater\prefs.cc:140] ~UpdaterPrefsImpl: C:\Program Files (x86)\Google\GoogleUpdater\138.0.7194.0
[9732:9828:0611/021523.489:VERBOSE1:chrome\updater\prefs.cc:235] Prefs committed.
[9732:9840:0611/021523.489:VERBOSE1:chrome\updater\prefs.cc:140] ~UpdaterPrefsImpl: C:\Program Files (x86)\Google\GoogleUpdater
[9636:9640:0611/021523.489:VERBOSE1:chrome\updater\updater.cc:335] UpdaterMain (--windows-service) returned 0.
[9732:9736:0611/021523.489:VERBOSE1:chrome\updater\updater.cc:335] UpdaterMain (--windows-service) returned 0.
[9652:9656:0611/021523.489:VERBOSE1:chrome\updater\updater.cc:335] UpdaterMain (--crash-handler) returned 0.
[9752:9756:0611/021523.489:VERBOSE1:chrome\updater\updater.cc:335] UpdaterMain (--crash-handler) returned 0.
[11312:11296:0611/021633.384:VERBOSE1:chrome\updater\updater.cc:328] Version: 138.0.7194.0, opt, 32 bit (x86), command line: "C:\Program Files (x86)\Google\GoogleUpdater\138.0.7194.0\updater.exe" --system --windows-service --service=update
[11312:11296:0611/021633.384:VERBOSE1:chrome\updater\updater.cc:330] OS version: 10.0.22631.5472, System uptime (seconds): 319, parent pid: 960
[204:8660:0611/021633.996:VERBOSE1:chrome\updater\updater.cc:328] Version: 138.0.7194.0, opt, 32 bit (x86), command line: "C:\Program Files (x86)\Google\GoogleUpdater\138.0.7194.0\updater.exe" --crash-handler --system "--database=C:\Program Files (x86)\Google\GoogleUpdater\138.0.7194.0\Crashpad" --url=https://clients2.google.com/cr/report --annotation=prod=Update4 --annotation=ver=138.0.7194.0 "--attachment=C:\Program Files (x86)\Google\GoogleUpdater\updater.log" --initial-client-data=0x2dc,0x2e0,0x2e4,0x2b0,0x2e8,0xa129c0,0xa129cc,0xa129d8
[204:8660:0611/021633.996:VERBOSE1:chrome\updater\updater.cc:330] OS version: 10.0.22631.5472, System uptime (seconds): 320, parent pid: 11312
[11312:11296:0611/021634.065:VERBOSE1:chrome\updater\crash_reporter.cc:120] Crash handler launched and ready.
[11312:11296:0611/021634.078:VERBOSE1:chrome\updater\crash_client.cc:106] Found 0 completed crash reports
[11312:11296:0611/021634.078:VERBOSE1:chrome\updater\crash_client.cc:124] Found 0 pending crash reports
[11312:11296:0611/021634.079:VERBOSE2:chrome\updater\update_usage_stats_task_win.cc:41] usage stats enabled by app {8a69d345-d564-463c-aff1-a69d9e530f96}
[11312:11296:0611/021634.081:VERBOSE1:chrome\updater\updater.cc:90] Crash reporting initialized.
[11312:11296:0611/021634.085:VERBOSE1:chrome\updater\updater.cc:145] IsUserAdmin: 1, IsUserNonElevatedAdmin: 0, IsUACOn: 1, IsElevatedWithUACOn: 1, LUA: 1
[11312:11436:0611/021634.214:VERBOSE2:chrome\updater\app\server\win\updater_service_delegate.cc:60] Running COM server within the Windows Service
[11312:11436:0611/021634.214:VERBOSE2:chrome\updater\app\app_server.cc:57] ModeCheck
[11312:11436:0611/021634.214:VERBOSE2:chrome\updater\prefs.cc:89] CreateGlobalPrefsInternal
[11312:11436:0611/021634.216:VERBOSE1:chrome\updater\prefs.cc:135] UpdaterPrefsImpl (global): C:\Program Files (x86)\Google\GoogleUpdater
[11312:11436:0611/021634.216:VERBOSE2:chrome\updater\app\app_server.cc:70] This version: 138.0.7194.0, active version: 138.0.7194.0
[11312:11436:0611/021634.216:VERBOSE1:chrome\updater\win\setup\setup_util.cc:263] AreComInterfacesPresent: scope: System: is_internal: 0
[11312:11436:0611/021634.244:VERBOSE2:chrome\updater\win\setup\setup_util.cc:284] AreComInterfacesPresent: all interfaces present
[11312:11436:0611/021634.244:VERBOSE2:chrome\updater\prefs.cc:208] CreateLocalPrefs
[11312:11436:0611/021634.244:VERBOSE1:chrome\updater\prefs.cc:135] UpdaterPrefsImpl (local): C:\Program Files (x86)\Google\GoogleUpdater\138.0.7194.0
[11312:11436:0611/021634.244:VERBOSE1:chrome\enterprise_companion\device_management_storage\dm_storage_win.cc:242] GetDmToken: token not found.
[11312:11436:0611/021634.244:VERBOSE1:chrome\enterprise_companion\device_management_storage\dm_storage.cc:218] No valid DM token.
[11312:11436:0611/021634.311:VERBOSE1:chrome\updater\policy\service.cc:146] Current effective policies:
{
  LastCheckPeriod = 270 (Default)
}

[11312:11436:0611/021634.311:VERBOSE1:chrome\updater\prefs.cc:140] ~UpdaterPrefsImpl: C:\Program Files (x86)\Google\GoogleUpdater\138.0.7194.0
[11312:11436:0611/021634.845:VERBOSE2:chrome\updater\app\app_server_win.cc:300] Starting task, Microsoft::WRL::Module count: 2
[11312:11436:0611/021634.845:VERBOSE2:chrome\updater\util\win_util.cc:1433] OemInstallTime not found
[11312:11436:0611/021634.845:VERBOSE1:chrome\updater\update_service_impl_impl.cc:820] RunPeriodicTasks
[11312:11436:0611/021634.846:VERBOSE1:chrome\updater\update_service_impl_impl.cc:825] last_started updated.
[11312:11436:0611/021635.041:VERBOSE2:chrome\updater\util\win_util.cc:1239] Cohort values: 1:gu/32zf:32zx@0.5, 137.0.7151.103 Rollout, 
[11312:11100:0611/021636.337:VERBOSE2:chrome\updater\update_usage_stats_task_win.cc:41] usage stats enabled by app {8a69d345-d564-463c-aff1-a69d9e530f96}
[11312:11436:0611/021637.283:VERBOSE1:chrome\updater\update_service_impl_impl.cc:713] FetchPolicies
[11312:11100:0611/021637.284:VERBOSE1:chrome\enterprise_companion\device_management_storage\dm_storage_win.cc:242] GetDmToken: token not found.
[11312:11100:0611/021637.284:VERBOSE1:chrome\enterprise_companion\device_management_storage\dm_storage_win.cc:40] ReadRegistryString: failed to read registry: Software\Policies\Google\CloudManagement\@EnrollmentToken
[11312:11100:0611/021637.285:VERBOSE1:chrome\enterprise_companion\device_management_storage\dm_storage_win.cc:40] ReadRegistryString: failed to read registry: Software\Policies\Google\Chrome\@CloudManagementEnrollmentToken
[11312:11100:0611/021637.285:VERBOSE1:chrome\enterprise_companion\device_management_storage\dm_storage_win.cc:40] ReadRegistryString: failed to read registry: Software\Google\Update\Clients\{44fc7fe2-65ce-487c-93f4-edee46eeaaab}@CloudManagementEnrollmentToken
[11312:11100:0611/021638.896:VERBOSE1:chrome\enterprise_companion\device_management_storage\dm_storage_win.cc:40] ReadRegistryString: failed to read registry: Software\Google\Update\Clients\{430fd4d0-b729-4f61-aa34-91526481799d}@CloudManagementEnrollmentToken
[11312:11436:0611/021638.896:VERBOSE2:chrome\updater\policy\service.cc:182] Device is not CBCM managed, skipped policy fetch.
[11312:11436:0611/021638.896:VERBOSE1:chrome\updater\policy\service.cc:207] FetchPoliciesDone: 0
[11312:11436:0611/021638.896:VERBOSE1:chrome\updater\policy\service.cc:212] Policies after refresh:
{
  LastCheckPeriod = 270 (Default)
}

[11312:11436:0611/021639.319:INFO:chrome\updater\check_for_updates_task.cc:49] Skipping UpdateAll: last update was 4 minutes ago. check_delay == 270
[11312:11436:0611/021639.643:VERBOSE1:chrome\updater\update_service_impl_impl.cc:928] ForceInstall
[11312:11436:0611/021639.643:INFO:chrome\updater\update_service_impl_impl.cc:884] ForceInstall task complete: 0
[11312:11436:0611/021650.385:VERBOSE2:chrome\updater\app\app_server_win.cc:252] Stop: COM server is shutting down.
[11312:11436:0611/021650.385:VERBOSE2:chrome\updater\app\app_server_win.cc:312] Completed task, Microsoft::WRL::Module count: 0
[11312:11100:0611/021650.386:VERBOSE1:chrome\updater\prefs.cc:235] Prefs committed.
[11312:11436:0611/021650.386:VERBOSE1:chrome\updater\prefs.cc:140] ~UpdaterPrefsImpl: C:\Program Files (x86)\Google\GoogleUpdater
[11312:11296:0611/021651.805:VERBOSE1:chrome\updater\updater.cc:335] UpdaterMain (--windows-service) returned 0.
[204:8660:0611/021651.818:VERBOSE1:chrome\updater\updater.cc:335] UpdaterMain (--crash-handler) returned 0.
[7932:9540:0611/030209.571:VERBOSE1:chrome\updater\updater.cc:328] Version: 138.0.7194.0, opt, 32 bit (x86), command line: "C:\Program Files (x86)\Google\GoogleUpdater\138.0.7194.0\updater.exe" --wake --system
[7932:9540:0611/030209.571:VERBOSE1:chrome\updater\updater.cc:330] OS version: 10.0.22631.5472, System uptime (seconds): 3055, parent pid: 2820
[11800:13160:0611/030209.621:VERBOSE1:chrome\updater\updater.cc:328] Version: 138.0.7194.0, opt, 32 bit (x86), command line: "C:\Program Files (x86)\Google\GoogleUpdater\138.0.7194.0\updater.exe" --crash-handler --system "--database=C:\Program Files (x86)\Google\GoogleUpdater\138.0.7194.0\Crashpad" --url=https://clients2.google.com/cr/report --annotation=prod=Update4 --annotation=ver=138.0.7194.0 "--attachment=C:\Program Files (x86)\Google\GoogleUpdater\updater.log" --initial-client-data=0x2d0,0x2d4,0x2d8,0x2ac,0x2dc,0xa129c0,0xa129cc,0xa129d8
[11800:13160:0611/030209.621:VERBOSE1:chrome\updater\updater.cc:330] OS version: 10.0.22631.5472, System uptime (seconds): 3055, parent pid: 7932
[7932:9540:0611/030209.623:VERBOSE1:chrome\updater\crash_reporter.cc:120] Crash handler launched and ready.
[7932:9540:0611/030209.623:VERBOSE1:chrome\updater\crash_client.cc:106] Found 0 completed crash reports
[7932:9540:0611/030209.623:VERBOSE1:chrome\updater\crash_client.cc:124] Found 0 pending crash reports
[7932:9540:0611/030209.625:VERBOSE2:chrome\updater\update_usage_stats_task_win.cc:41] usage stats enabled by app {8a69d345-d564-463c-aff1-a69d9e530f96}
[7932:9540:0611/030209.625:VERBOSE1:chrome\updater\updater.cc:90] Crash reporting initialized.
[7932:9540:0611/030209.627:VERBOSE1:chrome\updater\updater.cc:145] IsUserAdmin: 1, IsUserNonElevatedAdmin: 0, IsUACOn: 1, IsElevatedWithUACOn: 1, LUA: 1
[7932:9540:0611/030209.643:VERBOSE1:chrome\updater\ipc\update_service_internal_proxy_win.cc:156] Run
[2004:3004:0611/030209.705:VERBOSE1:chrome\updater\updater.cc:328] Version: 138.0.7194.0, opt, 32 bit (x86), command line: "C:\Program Files (x86)\Google\GoogleUpdater\138.0.7194.0\updater.exe" --system --windows-service --service=update-internal
[2004:3004:0611/030209.705:VERBOSE1:chrome\updater\updater.cc:330] OS version: 10.0.22631.5472, System uptime (seconds): 3056, parent pid: 960
[14732:8472:0611/030209.756:VERBOSE1:chrome\updater\updater.cc:328] Version: 138.0.7194.0, opt, 32 bit (x86), command line: "C:\Program Files (x86)\Google\GoogleUpdater\138.0.7194.0\updater.exe" --crash-handler --system "--database=C:\Program Files (x86)\Google\GoogleUpdater\138.0.7194.0\Crashpad" --url=https://clients2.google.com/cr/report --annotation=prod=Update4 --annotation=ver=138.0.7194.0 "--attachment=C:\Program Files (x86)\Google\GoogleUpdater\updater.log" --initial-client-data=0x2c8,0x2cc,0x2d0,0x2a4,0x2d4,0xa129c0,0xa129cc,0xa129d8
[14732:8472:0611/030209.756:VERBOSE1:chrome\updater\updater.cc:330] OS version: 10.0.22631.5472, System uptime (seconds): 3056, parent pid: 2004
[2004:3004:0611/030209.757:VERBOSE1:chrome\updater\crash_reporter.cc:120] Crash handler launched and ready.
[2004:3004:0611/030209.758:VERBOSE1:chrome\updater\crash_client.cc:106] Found 0 completed crash reports
[2004:3004:0611/030209.758:VERBOSE1:chrome\updater\crash_client.cc:124] Found 0 pending crash reports
[2004:3004:0611/030209.759:VERBOSE2:chrome\updater\update_usage_stats_task_win.cc:41] usage stats enabled by app {8a69d345-d564-463c-aff1-a69d9e530f96}
[2004:3004:0611/030209.759:VERBOSE1:chrome\updater\updater.cc:90] Crash reporting initialized.
[2004:3004:0611/030209.761:VERBOSE1:chrome\updater\updater.cc:145] IsUserAdmin: 1, IsUserNonElevatedAdmin: 0, IsUACOn: 1, IsElevatedWithUACOn: 1, LUA: 1
[2004:15060:0611/030209.780:VERBOSE2:chrome\updater\app\server\win\updater_service_delegate.cc:60] Running COM server within the Windows Service
[2004:15060:0611/030209.780:VERBOSE2:chrome\updater\app\app_server.cc:57] ModeCheck
[2004:15060:0611/030209.780:VERBOSE2:chrome\updater\prefs.cc:89] CreateGlobalPrefsInternal
[2004:15060:0611/030209.781:VERBOSE1:chrome\updater\prefs.cc:135] UpdaterPrefsImpl (global): C:\Program Files (x86)\Google\GoogleUpdater
[2004:15060:0611/030209.781:VERBOSE2:chrome\updater\app\app_server.cc:70] This version: 138.0.7194.0, active version: 138.0.7194.0
[2004:15060:0611/030209.781:VERBOSE1:chrome\updater\win\setup\setup_util.cc:263] AreComInterfacesPresent: scope: System: is_internal: 1
[2004:15060:0611/030209.782:VERBOSE2:chrome\updater\win\setup\setup_util.cc:284] AreComInterfacesPresent: all interfaces present
[2004:15060:0611/030209.782:VERBOSE2:chrome\updater\prefs.cc:208] CreateLocalPrefs
[2004:15060:0611/030209.782:VERBOSE1:chrome\updater\prefs.cc:135] UpdaterPrefsImpl (local): C:\Program Files (x86)\Google\GoogleUpdater\138.0.7194.0
[2004:15060:0611/030209.783:VERBOSE1:chrome\updater\prefs.cc:140] ~UpdaterPrefsImpl: C:\Program Files (x86)\Google\GoogleUpdater
[2004:15060:0611/030209.805:VERBOSE2:chrome\updater\app\app_server_win.cc:300] Starting task, Microsoft::WRL::Module count: 2
[2004:15060:0611/030209.805:VERBOSE1:chrome\updater\update_service_internal_impl.cc:25] Run
[2004:15060:0611/030209.805:VERBOSE1:chrome\updater\ipc\update_service_proxy_win.cc:1090] RunPeriodicTasks
[8304:4060:0611/030209.855:VERBOSE1:chrome\updater\updater.cc:328] Version: 138.0.7194.0, opt, 32 bit (x86), command line: "C:\Program Files (x86)\Google\GoogleUpdater\138.0.7194.0\updater.exe" --system --windows-service --service=update
[8304:4060:0611/030209.855:VERBOSE1:chrome\updater\updater.cc:330] OS version: 10.0.22631.5472, System uptime (seconds): 3056, parent pid: 960
[12860:8900:0611/030209.906:VERBOSE1:chrome\updater\updater.cc:328] Version: 138.0.7194.0, opt, 32 bit (x86), command line: "C:\Program Files (x86)\Google\GoogleUpdater\138.0.7194.0\updater.exe" --crash-handler --system "--database=C:\Program Files (x86)\Google\GoogleUpdater\138.0.7194.0\Crashpad" --url=https://clients2.google.com/cr/report --annotation=prod=Update4 --annotation=ver=138.0.7194.0 "--attachment=C:\Program Files (x86)\Google\GoogleUpdater\updater.log" --initial-client-data=0x2cc,0x2d0,0x2d4,0x2a8,0x2d8,0xa129c0,0xa129cc,0xa129d8
[12860:8900:0611/030209.906:VERBOSE1:chrome\updater\updater.cc:330] OS version: 10.0.22631.5472, System uptime (seconds): 3056, parent pid: 8304
[8304:4060:0611/030209.908:VERBOSE1:chrome\updater\crash_reporter.cc:120] Crash handler launched and ready.
[8304:4060:0611/030209.909:VERBOSE1:chrome\updater\crash_client.cc:106] Found 0 completed crash reports
[8304:4060:0611/030209.909:VERBOSE1:chrome\updater\crash_client.cc:124] Found 0 pending crash reports
[8304:4060:0611/030209.909:VERBOSE2:chrome\updater\update_usage_stats_task_win.cc:41] usage stats enabled by app {8a69d345-d564-463c-aff1-a69d9e530f96}
[8304:4060:0611/030209.910:VERBOSE1:chrome\updater\updater.cc:90] Crash reporting initialized.
[8304:4060:0611/030209.912:VERBOSE1:chrome\updater\updater.cc:145] IsUserAdmin: 1, IsUserNonElevatedAdmin: 0, IsUACOn: 1, IsElevatedWithUACOn: 1, LUA: 1
[8304:13176:0611/030209.931:VERBOSE2:chrome\updater\app\server\win\updater_service_delegate.cc:60] Running COM server within the Windows Service
[8304:13176:0611/030209.931:VERBOSE2:chrome\updater\app\app_server.cc:57] ModeCheck
[8304:13176:0611/030209.931:VERBOSE2:chrome\updater\prefs.cc:89] CreateGlobalPrefsInternal
[8304:13176:0611/030209.932:VERBOSE1:chrome\updater\prefs.cc:135] UpdaterPrefsImpl (global): C:\Program Files (x86)\Google\GoogleUpdater
[8304:13176:0611/030209.932:VERBOSE2:chrome\updater\app\app_server.cc:70] This version: 138.0.7194.0, active version: 138.0.7194.0
[8304:13176:0611/030209.932:VERBOSE1:chrome\updater\win\setup\setup_util.cc:263] AreComInterfacesPresent: scope: System: is_internal: 0
[8304:13176:0611/030209.945:VERBOSE2:chrome\updater\win\setup\setup_util.cc:284] AreComInterfacesPresent: all interfaces present
[8304:13176:0611/030209.945:VERBOSE2:chrome\updater\prefs.cc:208] CreateLocalPrefs
[8304:13176:0611/030209.945:VERBOSE1:chrome\updater\prefs.cc:135] UpdaterPrefsImpl (local): C:\Program Files (x86)\Google\GoogleUpdater\138.0.7194.0
[8304:13176:0611/030209.946:VERBOSE1:chrome\enterprise_companion\device_management_storage\dm_storage_win.cc:242] GetDmToken: token not found.
[8304:13176:0611/030209.946:VERBOSE1:chrome\enterprise_companion\device_management_storage\dm_storage.cc:218] No valid DM token.
[8304:13176:0611/030209.959:VERBOSE1:chrome\updater\policy\service.cc:146] Current effective policies:
{
  LastCheckPeriod = 270 (Default)
}

[8304:13176:0611/030209.959:VERBOSE1:chrome\updater\prefs.cc:140] ~UpdaterPrefsImpl: C:\Program Files (x86)\Google\GoogleUpdater\138.0.7194.0
[8304:13176:0611/030209.985:VERBOSE2:chrome\updater\app\app_server_win.cc:300] Starting task, Microsoft::WRL::Module count: 2
[8304:13176:0611/030209.987:VERBOSE2:chrome\updater\util\win_util.cc:1433] OemInstallTime not found
[8304:13176:0611/030209.987:VERBOSE1:chrome\updater\update_service_impl_impl.cc:820] RunPeriodicTasks
[8304:13176:0611/030209.987:VERBOSE1:chrome\updater\update_service_impl_impl.cc:825] last_started updated.
[8304:13176:0611/030210.750:VERBOSE2:chrome\updater\util\win_util.cc:1239] Cohort values: 1:gu/32zf:32zx@0.5, 137.0.7151.103 Rollout, 
[8304:13492:0611/030211.311:VERBOSE2:chrome\updater\update_usage_stats_task_win.cc:41] usage stats enabled by app {8a69d345-d564-463c-aff1-a69d9e530f96}
[8304:13176:0611/030211.984:VERBOSE1:chrome\updater\update_service_impl_impl.cc:713] FetchPolicies
[8304:13492:0611/030211.985:VERBOSE1:chrome\enterprise_companion\device_management_storage\dm_storage_win.cc:242] GetDmToken: token not found.
[8304:13492:0611/030211.985:VERBOSE1:chrome\enterprise_companion\device_management_storage\dm_storage_win.cc:40] ReadRegistryString: failed to read registry: Software\Policies\Google\CloudManagement\@EnrollmentToken
[8304:13492:0611/030211.985:VERBOSE1:chrome\enterprise_companion\device_management_storage\dm_storage_win.cc:40] ReadRegistryString: failed to read registry: Software\Policies\Google\Chrome\@CloudManagementEnrollmentToken
[8304:13492:0611/030211.985:VERBOSE1:chrome\enterprise_companion\device_management_storage\dm_storage_win.cc:40] ReadRegistryString: failed to read registry: Software\Google\Update\Clients\{44fc7fe2-65ce-487c-93f4-edee46eeaaab}@CloudManagementEnrollmentToken
[8304:13492:0611/030211.985:VERBOSE1:chrome\enterprise_companion\device_management_storage\dm_storage_win.cc:40] ReadRegistryString: failed to read registry: Software\Google\Update\Clients\{430fd4d0-b729-4f61-aa34-91526481799d}@CloudManagementEnrollmentToken
[8304:13176:0611/030211.985:VERBOSE2:chrome\updater\policy\service.cc:182] Device is not CBCM managed, skipped policy fetch.
[8304:13176:0611/030211.985:VERBOSE1:chrome\updater\policy\service.cc:207] FetchPoliciesDone: 0
[8304:13176:0611/030211.985:VERBOSE1:chrome\updater\policy\service.cc:212] Policies after refresh:
{
  LastCheckPeriod = 270 (Default)
}

[8304:13176:0611/030212.926:INFO:chrome\updater\check_for_updates_task.cc:49] Skipping UpdateAll: last update was 50 minutes ago. check_delay == 270
[8304:13176:0611/030213.753:VERBOSE1:chrome\updater\update_service_impl_impl.cc:928] ForceInstall
[8304:13176:0611/030213.753:INFO:chrome\updater\update_service_impl_impl.cc:884] ForceInstall task complete: 0
[2004:11040:0611/030214.809:VERBOSE2:chrome\updater\ipc\update_service_proxy_win.cc:255] Run
[2004:15060:0611/030214.809:VERBOSE1:chrome\updater\ipc\update_service_proxy_win.cc:1048] ~UpdateServiceProxyImpl
[2004:1436:0611/030214.810:VERBOSE2:chrome\updater\ipc\proxy_impl_base_win.h:62] ~ProxyImplBase
[7932:13516:0611/030214.816:VERBOSE2:chrome\updater\ipc\update_service_internal_proxy_win.cc:65] Run result 0.
[2004:3388:0611/030214.816:VERBOSE2:chrome\updater\app\server\win\com_classes.cc:891] UpdaterInternalImpl::Run. IUpdaterInternalCallback::Run returned 0
[7932:9540:0611/030214.817:VERBOSE1:chrome\updater\ipc\update_service_internal_proxy_win.cc:148] ~UpdateServiceInternalProxyImpl
[7932:1148:0611/030214.817:VERBOSE2:chrome\updater\ipc\proxy_impl_base_win.h:62] ~ProxyImplBase
[7932:9540:0611/030214.821:VERBOSE1:chrome\updater\updater.cc:335] UpdaterMain (--wake) returned 0.
[11800:13160:0611/030214.837:VERBOSE1:chrome\updater\updater.cc:335] UpdaterMain (--crash-handler) returned 0.
[8304:13176:0611/030224.809:VERBOSE2:chrome\updater\app\app_server_win.cc:252] Stop: COM server is shutting down.
[8304:13176:0611/030224.810:VERBOSE2:chrome\updater\app\app_server_win.cc:312] Completed task, Microsoft::WRL::Module count: 0
[8304:13492:0611/030224.810:VERBOSE1:chrome\updater\prefs.cc:235] Prefs committed.
[8304:13176:0611/030224.810:VERBOSE1:chrome\updater\prefs.cc:140] ~UpdaterPrefsImpl: C:\Program Files (x86)\Google\GoogleUpdater
[8304:4060:0611/030224.815:VERBOSE1:chrome\updater\updater.cc:335] UpdaterMain (--windows-service) returned 0.
[2004:15060:0611/030224.824:VERBOSE2:chrome\updater\app\app_server_win.cc:252] Stop: COM server is shutting down.
[2004:15060:0611/030224.824:VERBOSE2:chrome\updater\app\app_server_win.cc:312] Completed task, Microsoft::WRL::Module count: 0
[2004:3388:0611/030224.824:VERBOSE1:chrome\updater\prefs.cc:235] Prefs committed.
[2004:15060:0611/030224.825:VERBOSE1:chrome\updater\prefs.cc:140] ~UpdaterPrefsImpl: C:\Program Files (x86)\Google\GoogleUpdater\138.0.7194.0
[2004:3004:0611/030224.830:VERBOSE1:chrome\updater\updater.cc:335] UpdaterMain (--windows-service) returned 0.
[12860:8900:0611/030224.830:VERBOSE1:chrome\updater\updater.cc:335] UpdaterMain (--crash-handler) returned 0.
[14732:8472:0611/030224.837:VERBOSE1:chrome\updater\updater.cc:335] UpdaterMain (--crash-handler) returned 0.
[14292:5116:0611/040209.563:VERBOSE1:chrome\updater\updater.cc:328] Version: 138.0.7194.0, opt, 32 bit (x86), command line: "C:\Program Files (x86)\Google\GoogleUpdater\138.0.7194.0\updater.exe" --wake --system
[14292:5116:0611/040209.564:VERBOSE1:chrome\updater\updater.cc:330] OS version: 10.0.22631.5472, System uptime (seconds): 6655, parent pid: 2820
[10868:8492:0611/040209.613:VERBOSE1:chrome\updater\updater.cc:328] Version: 138.0.7194.0, opt, 32 bit (x86), command line: "C:\Program Files (x86)\Google\GoogleUpdater\138.0.7194.0\updater.exe" --crash-handler --system "--database=C:\Program Files (x86)\Google\GoogleUpdater\138.0.7194.0\Crashpad" --url=https://clients2.google.com/cr/report --annotation=prod=Update4 --annotation=ver=138.0.7194.0 "--attachment=C:\Program Files (x86)\Google\GoogleUpdater\updater.log" --initial-client-data=0x2c8,0x2cc,0x2d0,0x2a8,0x2d4,0xa129c0,0xa129cc,0xa129d8
[10868:8492:0611/040209.613:VERBOSE1:chrome\updater\updater.cc:330] OS version: 10.0.22631.5472, System uptime (seconds): 6655, parent pid: 14292
[14292:5116:0611/040209.615:VERBOSE1:chrome\updater\crash_reporter.cc:120] Crash handler launched and ready.
[14292:5116:0611/040209.616:VERBOSE1:chrome\updater\crash_client.cc:106] Found 0 completed crash reports
[14292:5116:0611/040209.616:VERBOSE1:chrome\updater\crash_client.cc:124] Found 0 pending crash reports
[14292:5116:0611/040209.617:VERBOSE2:chrome\updater\update_usage_stats_task_win.cc:41] usage stats enabled by app {8a69d345-d564-463c-aff1-a69d9e530f96}
[14292:5116:0611/040209.617:VERBOSE1:chrome\updater\updater.cc:90] Crash reporting initialized.
[14292:5116:0611/040209.620:VERBOSE1:chrome\updater\updater.cc:145] IsUserAdmin: 1, IsUserNonElevatedAdmin: 0, IsUACOn: 1, IsElevatedWithUACOn: 1, LUA: 1
[14292:5116:0611/040209.636:VERBOSE1:chrome\updater\ipc\update_service_internal_proxy_win.cc:156] Run
[8660:6948:0611/040209.689:VERBOSE1:chrome\updater\updater.cc:328] Version: 138.0.7194.0, opt, 32 bit (x86), command line: "C:\Program Files (x86)\Google\GoogleUpdater\138.0.7194.0\updater.exe" --system --windows-service --service=update-internal
[8660:6948:0611/040209.689:VERBOSE1:chrome\updater\updater.cc:330] OS version: 10.0.22631.5472, System uptime (seconds): 6655, parent pid: 960
[8132:11216:0611/040209.739:VERBOSE1:chrome\updater\updater.cc:328] Version: 138.0.7194.0, opt, 32 bit (x86), command line: "C:\Program Files (x86)\Google\GoogleUpdater\138.0.7194.0\updater.exe" --crash-handler --system "--database=C:\Program Files (x86)\Google\GoogleUpdater\138.0.7194.0\Crashpad" --url=https://clients2.google.com/cr/report --annotation=prod=Update4 --annotation=ver=138.0.7194.0 "--attachment=C:\Program Files (x86)\Google\GoogleUpdater\updater.log" --initial-client-data=0x2c8,0x2cc,0x2d0,0x2a4,0x2d4,0xa129c0,0xa129cc,0xa129d8
[8132:11216:0611/040209.739:VERBOSE1:chrome\updater\updater.cc:330] OS version: 10.0.22631.5472, System uptime (seconds): 6656, parent pid: 8660
[8660:6948:0611/040209.739:VERBOSE1:chrome\updater\crash_reporter.cc:120] Crash handler launched and ready.
[8660:6948:0611/040209.740:VERBOSE1:chrome\updater\crash_client.cc:106] Found 0 completed crash reports
[8660:6948:0611/040209.740:VERBOSE1:chrome\updater\crash_client.cc:124] Found 0 pending crash reports
[8660:6948:0611/040209.741:VERBOSE2:chrome\updater\update_usage_stats_task_win.cc:41] usage stats enabled by app {8a69d345-d564-463c-aff1-a69d9e530f96}
[8660:6948:0611/040209.741:VERBOSE1:chrome\updater\updater.cc:90] Crash reporting initialized.
[8660:6948:0611/040209.744:VERBOSE1:chrome\updater\updater.cc:145] IsUserAdmin: 1, IsUserNonElevatedAdmin: 0, IsUACOn: 1, IsElevatedWithUACOn: 1, LUA: 1
[8660:14240:0611/040209.763:VERBOSE2:chrome\updater\app\server\win\updater_service_delegate.cc:60] Running COM server within the Windows Service
[8660:14240:0611/040209.763:VERBOSE2:chrome\updater\app\app_server.cc:57] ModeCheck
[8660:14240:0611/040209.763:VERBOSE2:chrome\updater\prefs.cc:89] CreateGlobalPrefsInternal
[8660:14240:0611/040209.764:VERBOSE1:chrome\updater\prefs.cc:135] UpdaterPrefsImpl (global): C:\Program Files (x86)\Google\GoogleUpdater
[8660:14240:0611/040209.764:VERBOSE2:chrome\updater\app\app_server.cc:70] This version: 138.0.7194.0, active version: 138.0.7194.0
[8660:14240:0611/040209.764:VERBOSE1:chrome\updater\win\setup\setup_util.cc:263] AreComInterfacesPresent: scope: System: is_internal: 1
[8660:14240:0611/040209.765:VERBOSE2:chrome\updater\win\setup\setup_util.cc:284] AreComInterfacesPresent: all interfaces present
[8660:14240:0611/040209.765:VERBOSE2:chrome\updater\prefs.cc:208] CreateLocalPrefs
[8660:14240:0611/040209.765:VERBOSE1:chrome\updater\prefs.cc:135] UpdaterPrefsImpl (local): C:\Program Files (x86)\Google\GoogleUpdater\138.0.7194.0
[8660:14240:0611/040209.765:VERBOSE1:chrome\updater\prefs.cc:140] ~UpdaterPrefsImpl: C:\Program Files (x86)\Google\GoogleUpdater
[8660:14240:0611/040209.788:VERBOSE2:chrome\updater\app\app_server_win.cc:300] Starting task, Microsoft::WRL::Module count: 2
[8660:14240:0611/040209.788:VERBOSE1:chrome\updater\update_service_internal_impl.cc:25] Run
[8660:14240:0611/040209.788:VERBOSE1:chrome\updater\ipc\update_service_proxy_win.cc:1090] RunPeriodicTasks
[14812:3436:0611/040209.838:VERBOSE1:chrome\updater\updater.cc:328] Version: 138.0.7194.0, opt, 32 bit (x86), command line: "C:\Program Files (x86)\Google\GoogleUpdater\138.0.7194.0\updater.exe" --system --windows-service --service=update
[14812:3436:0611/040209.838:VERBOSE1:chrome\updater\updater.cc:330] OS version: 10.0.22631.5472, System uptime (seconds): 6656, parent pid: 960
[2300:13008:0611/040209.887:VERBOSE1:chrome\updater\updater.cc:328] Version: 138.0.7194.0, opt, 32 bit (x86), command line: "C:\Program Files (x86)\Google\GoogleUpdater\138.0.7194.0\updater.exe" --crash-handler --system "--database=C:\Program Files (x86)\Google\GoogleUpdater\138.0.7194.0\Crashpad" --url=https://clients2.google.com/cr/report --annotation=prod=Update4 --annotation=ver=138.0.7194.0 "--attachment=C:\Program Files (x86)\Google\GoogleUpdater\updater.log" --initial-client-data=0x2c8,0x2cc,0x2d0,0x2a4,0x2d4,0xa129c0,0xa129cc,0xa129d8
[2300:13008:0611/040209.887:VERBOSE1:chrome\updater\updater.cc:330] OS version: 10.0.22631.5472, System uptime (seconds): 6656, parent pid: 14812
[14812:3436:0611/040209.889:VERBOSE1:chrome\updater\crash_reporter.cc:120] Crash handler launched and ready.
[14812:3436:0611/040209.889:VERBOSE1:chrome\updater\crash_client.cc:106] Found 0 completed crash reports
[14812:3436:0611/040209.889:VERBOSE1:chrome\updater\crash_client.cc:124] Found 0 pending crash reports
[14812:3436:0611/040209.890:VERBOSE2:chrome\updater\update_usage_stats_task_win.cc:41] usage stats enabled by app {8a69d345-d564-463c-aff1-a69d9e530f96}
[14812:3436:0611/040209.890:VERBOSE1:chrome\updater\updater.cc:90] Crash reporting initialized.
[14812:3436:0611/040209.892:VERBOSE1:chrome\updater\updater.cc:145] IsUserAdmin: 1, IsUserNonElevatedAdmin: 0, IsUACOn: 1, IsElevatedWithUACOn: 1, LUA: 1
[14812:11984:0611/040209.912:VERBOSE2:chrome\updater\app\server\win\updater_service_delegate.cc:60] Running COM server within the Windows Service
[14812:11984:0611/040209.912:VERBOSE2:chrome\updater\app\app_server.cc:57] ModeCheck
[14812:11984:0611/040209.912:VERBOSE2:chrome\updater\prefs.cc:89] CreateGlobalPrefsInternal
[14812:11984:0611/040209.913:VERBOSE1:chrome\updater\prefs.cc:135] UpdaterPrefsImpl (global): C:\Program Files (x86)\Google\GoogleUpdater
[14812:11984:0611/040209.913:VERBOSE2:chrome\updater\app\app_server.cc:70] This version: 138.0.7194.0, active version: 138.0.7194.0
[14812:11984:0611/040209.913:VERBOSE1:chrome\updater\win\setup\setup_util.cc:263] AreComInterfacesPresent: scope: System: is_internal: 0
[14812:11984:0611/040209.926:VERBOSE2:chrome\updater\win\setup\setup_util.cc:284] AreComInterfacesPresent: all interfaces present
[14812:11984:0611/040209.926:VERBOSE2:chrome\updater\prefs.cc:208] CreateLocalPrefs
[14812:11984:0611/040209.927:VERBOSE1:chrome\updater\prefs.cc:135] UpdaterPrefsImpl (local): C:\Program Files (x86)\Google\GoogleUpdater\138.0.7194.0
[14812:11984:0611/040209.927:VERBOSE1:chrome\enterprise_companion\device_management_storage\dm_storage_win.cc:242] GetDmToken: token not found.
[14812:11984:0611/040209.927:VERBOSE1:chrome\enterprise_companion\device_management_storage\dm_storage.cc:218] No valid DM token.
[14812:11984:0611/040209.940:VERBOSE1:chrome\updater\policy\service.cc:146] Current effective policies:
{
  LastCheckPeriod = 270 (Default)
}

[14812:11984:0611/040209.940:VERBOSE1:chrome\updater\prefs.cc:140] ~UpdaterPrefsImpl: C:\Program Files (x86)\Google\GoogleUpdater\138.0.7194.0
[14812:11984:0611/040209.965:VERBOSE2:chrome\updater\app\app_server_win.cc:300] Starting task, Microsoft::WRL::Module count: 2
[14812:11984:0611/040209.967:VERBOSE2:chrome\updater\util\win_util.cc:1433] OemInstallTime not found
[14812:11984:0611/040209.967:VERBOSE1:chrome\updater\update_service_impl_impl.cc:820] RunPeriodicTasks
[14812:11984:0611/040209.967:VERBOSE1:chrome\updater\update_service_impl_impl.cc:825] last_started updated.
[14812:11984:0611/040210.055:VERBOSE2:chrome\updater\util\win_util.cc:1239] Cohort values: 1:gu/32zf:32zx@0.5, 137.0.7151.103 Rollout, 
[14812:3512:0611/040211.593:VERBOSE2:chrome\updater\update_usage_stats_task_win.cc:41] usage stats enabled by app {8a69d345-d564-463c-aff1-a69d9e530f96}
[14812:11984:0611/040212.266:VERBOSE1:chrome\updater\update_service_impl_impl.cc:713] FetchPolicies
[14812:3512:0611/040212.266:VERBOSE1:chrome\enterprise_companion\device_management_storage\dm_storage_win.cc:242] GetDmToken: token not found.
[14812:3512:0611/040212.267:VERBOSE1:chrome\enterprise_companion\device_management_storage\dm_storage_win.cc:40] ReadRegistryString: failed to read registry: Software\Policies\Google\CloudManagement\@EnrollmentToken
[14812:3512:0611/040212.267:VERBOSE1:chrome\enterprise_companion\device_management_storage\dm_storage_win.cc:40] ReadRegistryString: failed to read registry: Software\Policies\Google\Chrome\@CloudManagementEnrollmentToken
[14812:3512:0611/040212.267:VERBOSE1:chrome\enterprise_companion\device_management_storage\dm_storage_win.cc:40] ReadRegistryString: failed to read registry: Software\Google\Update\Clients\{44fc7fe2-65ce-487c-93f4-edee46eeaaab}@CloudManagementEnrollmentToken
[14812:3512:0611/040212.268:VERBOSE1:chrome\enterprise_companion\device_management_storage\dm_storage_win.cc:40] ReadRegistryString: failed to read registry: Software\Google\Update\Clients\{430fd4d0-b729-4f61-aa34-91526481799d}@CloudManagementEnrollmentToken
[14812:11984:0611/040212.268:VERBOSE2:chrome\updater\policy\service.cc:182] Device is not CBCM managed, skipped policy fetch.
[14812:11984:0611/040212.268:VERBOSE1:chrome\updater\policy\service.cc:207] FetchPoliciesDone: 0
[14812:11984:0611/040212.268:VERBOSE1:chrome\updater\policy\service.cc:212] Policies after refresh:
{
  LastCheckPeriod = 270 (Default)
}

[14812:11984:0611/040212.804:INFO:chrome\updater\check_for_updates_task.cc:49] Skipping UpdateAll: last update was 110 minutes ago. check_delay == 270
[14812:11984:0611/040213.318:VERBOSE1:chrome\updater\update_service_impl_impl.cc:928] ForceInstall
[14812:11984:0611/040213.318:INFO:chrome\updater\update_service_impl_impl.cc:884] ForceInstall task complete: 0
[8660:7992:0611/040213.763:VERBOSE2:chrome\updater\ipc\update_service_proxy_win.cc:255] Run
[8660:14240:0611/040213.764:VERBOSE1:chrome\updater\ipc\update_service_proxy_win.cc:1048] ~UpdateServiceProxyImpl
[8660:924:0611/040213.764:VERBOSE2:chrome\updater\ipc\proxy_impl_base_win.h:62] ~ProxyImplBase
[14292:3936:0611/040213.770:VERBOSE2:chrome\updater\ipc\update_service_internal_proxy_win.cc:65] Run result 0.
[8660:15200:0611/040213.770:VERBOSE2:chrome\updater\app\server\win\com_classes.cc:891] UpdaterInternalImpl::Run. IUpdaterInternalCallback::Run returned 0
[14292:5116:0611/040213.771:VERBOSE1:chrome\updater\ipc\update_service_internal_proxy_win.cc:148] ~UpdateServiceInternalProxyImpl
[14292:13528:0611/040213.771:VERBOSE2:chrome\updater\ipc\proxy_impl_base_win.h:62] ~ProxyImplBase
[14292:5116:0611/040213.774:VERBOSE1:chrome\updater\updater.cc:335] UpdaterMain (--wake) returned 0.
[10868:8492:0611/040213.789:VERBOSE1:chrome\updater\updater.cc:335] UpdaterMain (--crash-handler) returned 0.
[8660:14240:0611/040223.774:VERBOSE2:chrome\updater\app\app_server_win.cc:252] Stop: COM server is shutting down.
[14812:11984:0611/040223.774:VERBOSE2:chrome\updater\app\app_server_win.cc:252] Stop: COM server is shutting down.
[8660:14240:0611/040223.774:VERBOSE2:chrome\updater\app\app_server_win.cc:312] Completed task, Microsoft::WRL::Module count: 0
[8660:15200:0611/040223.774:VERBOSE1:chrome\updater\prefs.cc:235] Prefs committed.
[14812:11984:0611/040223.774:VERBOSE2:chrome\updater\app\app_server_win.cc:312] Completed task, Microsoft::WRL::Module count: 0
[8660:14240:0611/040223.774:VERBOSE1:chrome\updater\prefs.cc:140] ~UpdaterPrefsImpl: C:\Program Files (x86)\Google\GoogleUpdater\138.0.7194.0
[14812:3512:0611/040223.774:VERBOSE1:chrome\updater\prefs.cc:235] Prefs committed.
[14812:11984:0611/040223.775:VERBOSE1:chrome\updater\prefs.cc:140] ~UpdaterPrefsImpl: C:\Program Files (x86)\Google\GoogleUpdater
[8660:6948:0611/040223.776:VERBOSE1:chrome\updater\updater.cc:335] UpdaterMain (--windows-service) returned 0.
[14812:3436:0611/040223.776:VERBOSE1:chrome\updater\updater.cc:335] UpdaterMain (--windows-service) returned 0.
[8132:11216:0611/040223.784:VERBOSE1:chrome\updater\updater.cc:335] UpdaterMain (--crash-handler) returned 0.
[2300:13008:0611/040223.784:VERBOSE1:chrome\updater\updater.cc:335] UpdaterMain (--crash-handler) returned 0.
[4908:4912:0611/140116.947:VERBOSE1:chrome\updater\updater.cc:328] Version: 138.0.7194.0, opt, 32 bit (x86), command line: "C:\Program Files (x86)\Google\GoogleUpdater\138.0.7194.0\updater.exe" --system --windows-service --service=update
[4916:4920:0611/140116.947:VERBOSE1:chrome\updater\updater.cc:328] Version: 138.0.7194.0, opt, 32 bit (x86), command line: "C:\Program Files (x86)\Google\GoogleUpdater\138.0.7194.0\updater.exe" --system --windows-service --service=update-internal
[4916:4920:0611/140116.963:VERBOSE1:chrome\updater\updater.cc:330] OS version: 10.0.22631.5472, System uptime (seconds): 26, parent pid: 984
[4908:4912:0611/140116.963:VERBOSE1:chrome\updater\updater.cc:330] OS version: 10.0.22631.5472, System uptime (seconds): 26, parent pid: 984
[6080:6104:0611/140117.324:VERBOSE1:chrome\updater\updater.cc:328] Version: 138.0.7194.0, opt, 32 bit (x86), command line: "C:\Program Files (x86)\Google\GoogleUpdater\138.0.7194.0\updater.exe" --crash-handler --system "--database=C:\Program Files (x86)\Google\GoogleUpdater\138.0.7194.0\Crashpad" --url=https://clients2.google.com/cr/report --annotation=prod=Update4 --annotation=ver=138.0.7194.0 "--attachment=C:\Program Files (x86)\Google\GoogleUpdater\updater.log" --initial-client-data=0x2ac,0x2b0,0x2a4,0x2a8,0x2d4,0x6b29c0,0x6b29cc,0x6b29d8
[6080:6104:0611/140117.324:VERBOSE1:chrome\updater\updater.cc:330] OS version: 10.0.22631.5472, System uptime (seconds): 26, parent pid: 4916
[6052:6100:0611/140117.324:VERBOSE1:chrome\updater\updater.cc:328] Version: 138.0.7194.0, opt, 32 bit (x86), command line: "C:\Program Files (x86)\Google\GoogleUpdater\138.0.7194.0\updater.exe" --crash-handler --system "--database=C:\Program Files (x86)\Google\GoogleUpdater\138.0.7194.0\Crashpad" --url=https://clients2.google.com/cr/report --annotation=prod=Update4 --annotation=ver=138.0.7194.0 "--attachment=C:\Program Files (x86)\Google\GoogleUpdater\updater.log" --initial-client-data=0x2cc,0x2d0,0x2d4,0x2a4,0x2d8,0x6b29c0,0x6b29cc,0x6b29d8
[6052:6100:0611/140117.324:VERBOSE1:chrome\updater\updater.cc:330] OS version: 10.0.22631.5472, System uptime (seconds): 26, parent pid: 4908
[4908:4912:0611/140117.355:VERBOSE1:chrome\updater\crash_reporter.cc:120] Crash handler launched and ready.
[4916:4920:0611/140117.355:VERBOSE1:chrome\updater\crash_reporter.cc:120] Crash handler launched and ready.
[4908:4912:0611/140117.355:VERBOSE1:chrome\updater\crash_client.cc:106] Found 0 completed crash reports
[4916:4920:0611/140117.355:VERBOSE1:chrome\updater\crash_client.cc:106] Found 0 completed crash reports
[4908:4912:0611/140117.355:VERBOSE1:chrome\updater\crash_client.cc:124] Found 0 pending crash reports
[4916:4920:0611/140117.355:VERBOSE1:chrome\updater\crash_client.cc:124] Found 0 pending crash reports
[4916:4920:0611/140117.355:VERBOSE2:chrome\updater\update_usage_stats_task_win.cc:41] usage stats enabled by app {8a69d345-d564-463c-aff1-a69d9e530f96}
[4908:4912:0611/140117.355:VERBOSE2:chrome\updater\update_usage_stats_task_win.cc:41] usage stats enabled by app {8a69d345-d564-463c-aff1-a69d9e530f96}
[4916:4920:0611/140117.355:VERBOSE1:chrome\updater\updater.cc:90] Crash reporting initialized.
[4908:4912:0611/140117.371:VERBOSE1:chrome\updater\updater.cc:90] Crash reporting initialized.
[4908:4912:0611/140117.402:VERBOSE1:chrome\updater\updater.cc:145] IsUserAdmin: 1, IsUserNonElevatedAdmin: 0, IsUACOn: 0, IsElevatedWithUACOn: 0, LUA: 1
[4916:4920:0611/140117.433:VERBOSE1:chrome\updater\updater.cc:145] IsUserAdmin: 1, IsUserNonElevatedAdmin: 0, IsUACOn: 0, IsElevatedWithUACOn: 0, LUA: 1
[4916:6400:0611/140117.590:VERBOSE2:chrome\updater\app\server\win\updater_service_delegate.cc:65] Running Wake task from the Windows Service
[4916:6400:0611/140117.606:VERBOSE2:chrome\updater\app\server\win\updater_service_delegate.cc:27] Launching Wake command: "C:\Program Files (x86)\Google\GoogleUpdater\138.0.7194.0\updater.exe" --wake --system
[6424:6428:0611/140117.669:VERBOSE1:chrome\updater\updater.cc:328] Version: 138.0.7194.0, opt, 32 bit (x86), command line: "C:\Program Files (x86)\Google\GoogleUpdater\138.0.7194.0\updater.exe" --wake --system
[6424:6428:0611/140117.669:VERBOSE1:chrome\updater\updater.cc:330] OS version: 10.0.22631.5472, System uptime (seconds): 26, parent pid: 4916
[6492:6496:0611/140117.763:VERBOSE1:chrome\updater\updater.cc:328] Version: 138.0.7194.0, opt, 32 bit (x86), command line: "C:\Program Files (x86)\Google\GoogleUpdater\138.0.7194.0\updater.exe" --crash-handler --system "--database=C:\Program Files (x86)\Google\GoogleUpdater\138.0.7194.0\Crashpad" --url=https://clients2.google.com/cr/report --annotation=prod=Update4 --annotation=ver=138.0.7194.0 "--attachment=C:\Program Files (x86)\Google\GoogleUpdater\updater.log" --initial-client-data=0xec,0xf0,0xa4,0x2b0,0x2d4,0x6b29c0,0x6b29cc,0x6b29d8
[6492:6496:0611/140117.763:VERBOSE1:chrome\updater\updater.cc:330] OS version: 10.0.22631.5472, System uptime (seconds): 27, parent pid: 6424
[6424:6428:0611/140117.763:VERBOSE1:chrome\updater\crash_reporter.cc:120] Crash handler launched and ready.
[6424:6428:0611/140117.763:VERBOSE1:chrome\updater\crash_client.cc:106] Found 0 completed crash reports
[6424:6428:0611/140117.763:VERBOSE1:chrome\updater\crash_client.cc:124] Found 0 pending crash reports
[6424:6428:0611/140117.763:VERBOSE2:chrome\updater\update_usage_stats_task_win.cc:41] usage stats enabled by app {8a69d345-d564-463c-aff1-a69d9e530f96}
[6424:6428:0611/140117.763:VERBOSE1:chrome\updater\updater.cc:90] Crash reporting initialized.
[6424:6428:0611/140117.763:VERBOSE1:chrome\updater\updater.cc:145] IsUserAdmin: 1, IsUserNonElevatedAdmin: 0, IsUACOn: 0, IsElevatedWithUACOn: 0, LUA: 1
[6424:6428:0611/140117.778:VERBOSE1:chrome\updater\ipc\update_service_internal_proxy_win.cc:156] Run
[6740:6744:0611/140118.015:VERBOSE1:chrome\updater\updater.cc:328] Version: 138.0.7194.0, opt, 32 bit (x86), command line: "C:\Program Files (x86)\Google\GoogleUpdater\138.0.7194.0\updater.exe" --system --windows-service --service=update-internal
[6740:6744:0611/140118.015:VERBOSE1:chrome\updater\updater.cc:330] OS version: 10.0.22631.5472, System uptime (seconds): 27, parent pid: 984
[6824:6828:0611/140118.076:VERBOSE1:chrome\updater\updater.cc:328] Version: 138.0.7194.0, opt, 32 bit (x86), command line: "C:\Program Files (x86)\Google\GoogleUpdater\138.0.7194.0\updater.exe" --crash-handler --system "--database=C:\Program Files (x86)\Google\GoogleUpdater\138.0.7194.0\Crashpad" --url=https://clients2.google.com/cr/report --annotation=prod=Update4 --annotation=ver=138.0.7194.0 "--attachment=C:\Program Files (x86)\Google\GoogleUpdater\updater.log" --initial-client-data=0x2d4,0x2d8,0x2dc,0x2b0,0x2e0,0x6b29c0,0x6b29cc,0x6b29d8
[6824:6828:0611/140118.076:VERBOSE1:chrome\updater\updater.cc:330] OS version: 10.0.22631.5472, System uptime (seconds): 27, parent pid: 6740
[6740:6744:0611/140118.076:VERBOSE1:chrome\updater\crash_reporter.cc:120] Crash handler launched and ready.
[6740:6744:0611/140118.076:VERBOSE1:chrome\updater\crash_client.cc:106] Found 0 completed crash reports
[6740:6744:0611/140118.076:VERBOSE1:chrome\updater\crash_client.cc:124] Found 0 pending crash reports
[6740:6744:0611/140118.076:VERBOSE2:chrome\updater\update_usage_stats_task_win.cc:41] usage stats enabled by app {8a69d345-d564-463c-aff1-a69d9e530f96}
[6740:6744:0611/140118.076:VERBOSE1:chrome\updater\updater.cc:90] Crash reporting initialized.
[6740:6744:0611/140118.076:VERBOSE1:chrome\updater\updater.cc:145] IsUserAdmin: 1, IsUserNonElevatedAdmin: 0, IsUACOn: 0, IsElevatedWithUACOn: 0, LUA: 1
[6740:6896:0611/140118.108:VERBOSE2:chrome\updater\app\server\win\updater_service_delegate.cc:60] Running COM server within the Windows Service
[6740:6896:0611/140118.108:VERBOSE2:chrome\updater\app\app_server.cc:57] ModeCheck
[6740:6896:0611/140118.108:VERBOSE2:chrome\updater\prefs.cc:89] CreateGlobalPrefsInternal
[6740:6896:0611/140118.124:VERBOSE1:chrome\updater\prefs.cc:135] UpdaterPrefsImpl (global): C:\Program Files (x86)\Google\GoogleUpdater
[6740:6896:0611/140118.124:VERBOSE2:chrome\updater\app\app_server.cc:70] This version: 138.0.7194.0, active version: 138.0.7194.0
[6740:6896:0611/140118.124:VERBOSE1:chrome\updater\win\setup\setup_util.cc:263] AreComInterfacesPresent: scope: System: is_internal: 1
[6740:6896:0611/140118.124:VERBOSE2:chrome\updater\win\setup\setup_util.cc:284] AreComInterfacesPresent: all interfaces present
[6740:6896:0611/140118.124:VERBOSE2:chrome\updater\prefs.cc:208] CreateLocalPrefs
[6740:6896:0611/140118.124:VERBOSE1:chrome\updater\prefs.cc:135] UpdaterPrefsImpl (local): C:\Program Files (x86)\Google\GoogleUpdater\138.0.7194.0
[6740:6896:0611/140118.139:VERBOSE1:chrome\updater\prefs.cc:140] ~UpdaterPrefsImpl: C:\Program Files (x86)\Google\GoogleUpdater
[6740:6896:0611/140118.500:VERBOSE2:chrome\updater\app\app_server_win.cc:300] Starting task, Microsoft::WRL::Module count: 2
[6740:6896:0611/140118.500:VERBOSE1:chrome\updater\update_service_internal_impl.cc:25] Run
[6740:6896:0611/140118.500:VERBOSE1:chrome\updater\ipc\update_service_proxy_win.cc:1090] RunPeriodicTasks
[7136:7144:0611/140118.609:VERBOSE1:chrome\updater\updater.cc:328] Version: 138.0.7194.0, opt, 32 bit (x86), command line: "C:\Program Files (x86)\Google\GoogleUpdater\138.0.7194.0\updater.exe" --system --windows-service --service=update
[7136:7144:0611/140118.609:VERBOSE1:chrome\updater\updater.cc:330] OS version: 10.0.22631.5472, System uptime (seconds): 27, parent pid: 984
[996:1368:0611/140118.688:VERBOSE1:chrome\updater\updater.cc:328] Version: 138.0.7194.0, opt, 32 bit (x86), command line: "C:\Program Files (x86)\Google\GoogleUpdater\138.0.7194.0\updater.exe" --crash-handler --system "--database=C:\Program Files (x86)\Google\GoogleUpdater\138.0.7194.0\Crashpad" --url=https://clients2.google.com/cr/report --annotation=prod=Update4 --annotation=ver=138.0.7194.0 "--attachment=C:\Program Files (x86)\Google\GoogleUpdater\updater.log" --initial-client-data=0x2c8,0x2cc,0x2d0,0x2a4,0x2d4,0x6b29c0,0x6b29cc,0x6b29d8
[996:1368:0611/140118.688:VERBOSE1:chrome\updater\updater.cc:330] OS version: 10.0.22631.5472, System uptime (seconds): 27, parent pid: 7136
[7136:7144:0611/140118.703:VERBOSE1:chrome\updater\crash_reporter.cc:120] Crash handler launched and ready.
[7136:7144:0611/140118.703:VERBOSE1:chrome\updater\crash_client.cc:106] Found 0 completed crash reports
[7136:7144:0611/140118.703:VERBOSE1:chrome\updater\crash_client.cc:124] Found 0 pending crash reports
[7136:7144:0611/140118.703:VERBOSE2:chrome\updater\update_usage_stats_task_win.cc:41] usage stats enabled by app {8a69d345-d564-463c-aff1-a69d9e530f96}
[7136:7144:0611/140118.703:VERBOSE1:chrome\updater\updater.cc:90] Crash reporting initialized.
[7136:7144:0611/140118.703:VERBOSE1:chrome\updater\updater.cc:145] IsUserAdmin: 1, IsUserNonElevatedAdmin: 0, IsUACOn: 0, IsElevatedWithUACOn: 0, LUA: 1
[7136:576:0611/140118.750:VERBOSE2:chrome\updater\app\server\win\updater_service_delegate.cc:60] Running COM server within the Windows Service
[7136:576:0611/140118.750:VERBOSE2:chrome\updater\app\app_server.cc:57] ModeCheck
[7136:576:0611/140118.750:VERBOSE2:chrome\updater\prefs.cc:89] CreateGlobalPrefsInternal
[7136:576:0611/140118.750:VERBOSE1:chrome\updater\prefs.cc:135] UpdaterPrefsImpl (global): C:\Program Files (x86)\Google\GoogleUpdater
[7136:576:0611/140118.750:VERBOSE2:chrome\updater\app\app_server.cc:70] This version: 138.0.7194.0, active version: 138.0.7194.0
[7136:576:0611/140118.750:VERBOSE1:chrome\updater\win\setup\setup_util.cc:263] AreComInterfacesPresent: scope: System: is_internal: 0
[7136:576:0611/140118.781:VERBOSE2:chrome\updater\win\setup\setup_util.cc:284] AreComInterfacesPresent: all interfaces present
[7136:576:0611/140118.781:VERBOSE2:chrome\updater\prefs.cc:208] CreateLocalPrefs
[7136:576:0611/140118.781:VERBOSE1:chrome\updater\prefs.cc:135] UpdaterPrefsImpl (local): C:\Program Files (x86)\Google\GoogleUpdater\138.0.7194.0
[7136:576:0611/140118.781:VERBOSE1:chrome\enterprise_companion\device_management_storage\dm_storage_win.cc:242] GetDmToken: token not found.
[7136:576:0611/140118.781:VERBOSE1:chrome\enterprise_companion\device_management_storage\dm_storage.cc:218] No valid DM token.
[4908:4912:0611/140118.891:VERBOSE1:chrome\updater\updater.cc:335] UpdaterMain (--windows-service) returned 0.
[4916:4920:0611/140118.891:VERBOSE1:chrome\updater\updater.cc:335] UpdaterMain (--windows-service) returned 0.
[6052:6100:0611/140118.908:VERBOSE1:chrome\updater\updater.cc:335] UpdaterMain (--crash-handler) returned 0.
[6080:6104:0611/140118.918:VERBOSE1:chrome\updater\updater.cc:335] UpdaterMain (--crash-handler) returned 0.
[7136:576:0611/140119.236:VERBOSE1:chrome\updater\policy\service.cc:146] Current effective policies:
{
  LastCheckPeriod = 270 (Default)
}

[7136:576:0611/140119.236:VERBOSE1:chrome\updater\prefs.cc:140] ~UpdaterPrefsImpl: C:\Program Files (x86)\Google\GoogleUpdater\138.0.7194.0
[7136:576:0611/140119.299:VERBOSE2:chrome\updater\app\app_server_win.cc:300] Starting task, Microsoft::WRL::Module count: 2
[7136:576:0611/140119.299:VERBOSE2:chrome\updater\util\win_util.cc:1433] OemInstallTime not found
[7136:576:0611/140119.299:VERBOSE1:chrome\updater\update_service_impl_impl.cc:820] RunPeriodicTasks
[7136:576:0611/140119.299:VERBOSE1:chrome\updater\update_service_impl_impl.cc:825] last_started updated.
[7136:576:0611/140119.535:VERBOSE2:chrome\updater\util\win_util.cc:1239] Cohort values: 1:gu/32zf:32zx@0.5, 137.0.7151.103 Rollout, 
[7136:4700:0611/140120.005:VERBOSE2:chrome\updater\update_usage_stats_task_win.cc:41] usage stats enabled by app {8a69d345-d564-463c-aff1-a69d9e530f96}
[7136:576:0611/140120.680:VERBOSE1:chrome\updater\update_service_impl_impl.cc:713] FetchPolicies
[7136:4700:0611/140120.680:VERBOSE1:chrome\enterprise_companion\device_management_storage\dm_storage_win.cc:242] GetDmToken: token not found.
[7136:4700:0611/140120.680:VERBOSE1:chrome\enterprise_companion\device_management_storage\dm_storage_win.cc:40] ReadRegistryString: failed to read registry: Software\Policies\Google\CloudManagement\@EnrollmentToken
[7136:4700:0611/140120.680:VERBOSE1:chrome\enterprise_companion\device_management_storage\dm_storage_win.cc:40] ReadRegistryString: failed to read registry: Software\Policies\Google\Chrome\@CloudManagementEnrollmentToken
[7136:4700:0611/140120.680:VERBOSE1:chrome\enterprise_companion\device_management_storage\dm_storage_win.cc:40] ReadRegistryString: failed to read registry: Software\Google\Update\Clients\{44fc7fe2-65ce-487c-93f4-edee46eeaaab}@CloudManagementEnrollmentToken
[7136:4700:0611/140120.680:VERBOSE1:chrome\enterprise_companion\device_management_storage\dm_storage_win.cc:40] ReadRegistryString: failed to read registry: Software\Google\Update\Clients\{430fd4d0-b729-4f61-aa34-91526481799d}@CloudManagementEnrollmentToken
[7136:576:0611/140120.680:VERBOSE2:chrome\updater\policy\service.cc:182] Device is not CBCM managed, skipped policy fetch.
[7136:576:0611/140120.680:VERBOSE1:chrome\updater\policy\service.cc:207] FetchPoliciesDone: 0
[7136:576:0611/140120.680:VERBOSE1:chrome\updater\policy\service.cc:212] Policies after refresh:
{
  LastCheckPeriod = 270 (Default)
}

[7136:576:0611/140121.323:VERBOSE1:chrome\updater\update_service_impl_impl.cc:1083] UpdateAll
[7136:576:0611/140121.339:VERBOSE1:chrome\updater\update_service_impl_impl.cc:128] GetComponents. Same version update: not allowed
[7136:576:0611/140121.339:VERBOSE1:chrome\updater\installer.cc:134] MakeCrxComponentFromAppInfo for {8a69d345-d564-463c-aff1-a69d9e530f96}
[7136:576:0611/140121.339:VERBOSE1:chrome\updater\installer.cc:134] MakeCrxComponentFromAppInfo for {44fc7fe2-65ce-487c-93f4-edee46eeaaab}
[7136:576:0611/140121.355:VERBOSE1:chrome\updater\net\network_fetcher_win.cc:54] Using the system configuration for proxy.
[7136:576:0611/140121.417:VERBOSE2:chrome\updater\net\network_fetcher_win.cc:198] Impl: GetLoggedOnUserToken failed: 8000ffff
[7136:576:0611/140121.966:VERBOSE2:components\update_client\request_sender.cc:95] url: https://update.googleapis.com/service/update2/json
[7136:576:0611/140121.966:VERBOSE2:components\update_client\request_sender.cc:104] Sending Omaha request: {"request":{"@os":"win","@updater":"updater","acceptformat":"crx3,download,puff,run,xz,zucc","apps":[{"appid":"{44fc7fe2-65ce-487c-93f4-edee46eeaaab}","cohort":"1:scr:","cohortname":"Everyone","enabled":true,"installdate":6735,"ping":{"ping_freshness":"{b99f01f9-4906-49e3-906c-eda1931a6a10}","rd":6735},"updatecheck":{},"version":"138.0.7194.0"},{"ap":"x64-statsdef_1","appid":"{8a69d345-d564-463c-aff1-a69d9e530f96}","brand":"ONGR","cached_items":[{"sha256":"a017a3bf1dbaf31d3ae7114cc3cf1767b0ef199ff6dd08303e54083f7a9f5048"}],"cohort":"1:gu/32zf:32zx@0.5","cohortname":"137.0.7151.103 Rollout","enabled":true,"installdate":6735,"lang":"en","ping":{"ping_freshness":"{8cae63db-fc8f-4993-a787-47763a7bf315}","rd":6735},"updatecheck":{},"version":"137.0.7151.104"}],"arch":"x86","dedup":"cr","domainjoined":false,"hw":{"avx":false,"physmemory":16,"sse":true,"sse2":true,"sse3":true,"sse41":true,"sse42":true,"ssse3":true},"ismachine":true,"nacl_arch":"x86-64","os":{"arch":"x86_64","platform":"Windows","version":"10.0.22631.5472"},"prodversion":"138.0.7194.0","protocol":"4.0","requestid":"{9da1f14b-731f-48c6-ab0f-8213aaf4ce0e}","sessionid":"{96fef4f7-772a-47ee-ad3f-0c37278e3cee}","updaterversion":"138.0.7194.0","wow64":true}}
[7136:576:0611/140121.966:VERBOSE2:chrome\updater\net\network_fetcher_win.cc:123] PostRequest
[7136:4700:0611/140122.045:VERBOSE1:components\winhttp\proxy_configuration.cc:123] Auto-proxy: winhttp uses the user settings for proxy.
[7136:7388:0611/140122.453:VERBOSE1:components\winhttp\network_fetcher.cc:526] hostname: update.googleapis.com
[7136:7196:0611/140122.672:VERBOSE1:components\winhttp\network_fetcher.cc:535] ip: [2607:f8b0:4006:80e::2003]
[7136:576:0611/140123.112:VERBOSE2:chrome\updater\net\network_fetcher_win.cc:151] PostRequestComplete: response code=200
[7136:576:0611/140123.112:VERBOSE1:components\update_client\request_sender.cc:188] Request completed from url: https://update.googleapis.com/service/update2/json?cup2key=15:d0sNUXWHnm_brBbra8DuklJhPsJh0KJq159dIu5_FlY&cup2hreq=2ff2130bc7e90844442f1e1378e6fca66cb1dfd9fda0d4945e51eaab3e2286bb
[7136:576:0611/140123.112:VERBOSE2:components\update_client\request_sender.cc:136] Omaha response received: )]}'
{"response":{"server":"prod","protocol":"4.0","daystart":{"elapsed_seconds":39689,"elapsed_days":6736},"apps":[{"appid":"{44fc7fe2-65ce-487c-93f4-edee46eeaaab}","cohort":"1:scr:","status":"ok","cohortname":"Everyone","ping":{"status":"ok"},"updatecheck":{"status":"noupdate"}},{"appid":"{8a69d345-d564-463c-aff1-a69d9e530f96}","cohort":"1:gu/32zf:32zx@0.5","status":"ok","cohortname":"137.0.7151.103 Rollout","ping":{"status":"ok"},"updatecheck":{"status":"noupdate"}}]}}
[7136:576:0611/140123.143:VERBOSE1:chrome\updater\update_service_impl_impl.cc:1106] last_checked updated.
[7136:576:0611/140123.143:INFO:chrome\updater\check_for_updates_task.cc:88] UpdateAll task complete: 0
[7136:576:0611/140123.506:VERBOSE1:chrome\updater\update_service_impl_impl.cc:928] ForceInstall
[7136:576:0611/140123.506:INFO:chrome\updater\update_service_impl_impl.cc:884] ForceInstall task complete: 0
[6740:6992:0611/140124.037:VERBOSE2:chrome\updater\ipc\update_service_proxy_win.cc:255] Run
[6740:6896:0611/140124.037:VERBOSE1:chrome\updater\ipc\update_service_proxy_win.cc:1048] ~UpdateServiceProxyImpl
[6740:7116:0611/140124.037:VERBOSE2:chrome\updater\ipc\proxy_impl_base_win.h:62] ~ProxyImplBase
[6424:7088:0611/140124.052:VERBOSE2:chrome\updater\ipc\update_service_internal_proxy_win.cc:65] Run result 0.
[6740:6872:0611/140124.052:VERBOSE2:chrome\updater\app\server\win\com_classes.cc:891] UpdaterInternalImpl::Run. IUpdaterInternalCallback::Run returned 0
[6424:6428:0611/140124.052:VERBOSE1:chrome\updater\ipc\update_service_internal_proxy_win.cc:148] ~UpdateServiceInternalProxyImpl
[6424:6600:0611/140124.052:VERBOSE2:chrome\updater\ipc\proxy_impl_base_win.h:62] ~ProxyImplBase
[6424:6428:0611/140127.834:VERBOSE1:chrome\updater\updater.cc:335] UpdaterMain (--wake) returned 0.
[8800:9064:0611/140127.944:VERBOSE1:chrome\updater\updater.cc:328] Version: 138.0.7194.0, opt, 32 bit (x86), command line: "C:\Program Files (x86)\Google\GoogleUpdater\138.0.7194.0\updater.exe" --wake --system
[8800:9064:0611/140128.015:VERBOSE1:chrome\updater\updater.cc:330] OS version: 10.0.22631.5472, System uptime (seconds): 37, parent pid: 2044
[6492:6496:0611/140128.053:VERBOSE1:chrome\updater\updater.cc:335] UpdaterMain (--crash-handler) returned 0.
[6740:6896:0611/140134.071:VERBOSE2:chrome\updater\app\app_server_win.cc:252] Stop: COM server is shutting down.
[6740:6896:0611/140134.071:VERBOSE2:chrome\updater\app\app_server_win.cc:312] Completed task, Microsoft::WRL::Module count: 0
[6740:6872:0611/140134.071:VERBOSE1:chrome\updater\prefs.cc:235] Prefs committed.
[6740:6896:0611/140134.071:VERBOSE1:chrome\updater\prefs.cc:140] ~UpdaterPrefsImpl: C:\Program Files (x86)\Google\GoogleUpdater\138.0.7194.0
[7136:576:0611/140134.071:VERBOSE2:chrome\updater\app\app_server_win.cc:252] Stop: COM server is shutting down.
[7136:576:0611/140134.102:VERBOSE2:chrome\updater\app\app_server_win.cc:312] Completed task, Microsoft::WRL::Module count: 0
[7136:4700:0611/140134.102:VERBOSE1:chrome\updater\prefs.cc:235] Prefs committed.
[7136:576:0611/140134.118:VERBOSE1:chrome\updater\prefs.cc:140] ~UpdaterPrefsImpl: C:\Program Files (x86)\Google\GoogleUpdater
[9856:9860:0611/140136.461:VERBOSE1:chrome\updater\updater.cc:328] Version: 138.0.7194.0, opt, 32 bit (x86), command line: "C:\Program Files (x86)\Google\GoogleUpdater\138.0.7194.0\updater.exe" --crash-handler --system "--database=C:\Program Files (x86)\Google\GoogleUpdater\138.0.7194.0\Crashpad" --url=https://clients2.google.com/cr/report --annotation=prod=Update4 --annotation=ver=138.0.7194.0 "--attachment=C:\Program Files (x86)\Google\GoogleUpdater\updater.log" --initial-client-data=0x2a4,0x2cc,0x2d0,0x2a8,0x2d4,0x6b29c0,0x6b29cc,0x6b29d8
[9856:9860:0611/140136.461:VERBOSE1:chrome\updater\updater.cc:330] OS version: 10.0.22631.5472, System uptime (seconds): 45, parent pid: 8800
[8800:9064:0611/140136.711:VERBOSE1:chrome\updater\crash_reporter.cc:120] Crash handler launched and ready.
[8800:9064:0611/140136.727:VERBOSE1:chrome\updater\crash_client.cc:106] Found 0 completed crash reports
[8800:9064:0611/140136.727:VERBOSE1:chrome\updater\crash_client.cc:124] Found 0 pending crash reports
[8800:9064:0611/140136.727:VERBOSE2:chrome\updater\update_usage_stats_task_win.cc:41] usage stats enabled by app {8a69d345-d564-463c-aff1-a69d9e530f96}
[8800:9064:0611/140136.727:VERBOSE1:chrome\updater\updater.cc:90] Crash reporting initialized.
[8800:9064:0611/140136.727:VERBOSE1:chrome\updater\updater.cc:145] IsUserAdmin: 1, IsUserNonElevatedAdmin: 0, IsUACOn: 1, IsElevatedWithUACOn: 1, LUA: 1
[8800:9064:0611/140137.180:VERBOSE1:chrome\updater\ipc\update_service_internal_proxy_win.cc:156] Run
[7136:7144:0611/140137.243:VERBOSE1:chrome\updater\updater.cc:335] UpdaterMain (--windows-service) returned 0.
[996:1368:0611/140137.258:VERBOSE1:chrome\updater\updater.cc:335] UpdaterMain (--crash-handler) returned 0.
[10348:10352:0611/140137.368:VERBOSE1:chrome\updater\updater.cc:328] Version: 138.0.7194.0, opt, 32 bit (x86), command line: "C:\Program Files (x86)\Google\GoogleUpdater\138.0.7194.0\updater.exe" --system --windows-service --service=update-internal
[10348:10352:0611/140137.368:VERBOSE1:chrome\updater\updater.cc:330] OS version: 10.0.22631.5472, System uptime (seconds): 46, parent pid: 984
[10364:10368:0611/140137.446:VERBOSE1:chrome\updater\updater.cc:328] Version: 138.0.7194.0, opt, 32 bit (x86), command line: "C:\Program Files (x86)\Google\GoogleUpdater\138.0.7194.0\updater.exe" --crash-handler --system "--database=C:\Program Files (x86)\Google\GoogleUpdater\138.0.7194.0\Crashpad" --url=https://clients2.google.com/cr/report --annotation=prod=Update4 --annotation=ver=138.0.7194.0 "--attachment=C:\Program Files (x86)\Google\GoogleUpdater\updater.log" --initial-client-data=0x2c8,0x2cc,0x2d0,0x280,0x2d4,0x6b29c0,0x6b29cc,0x6b29d8
[10364:10368:0611/140137.446:VERBOSE1:chrome\updater\updater.cc:330] OS version: 10.0.22631.5472, System uptime (seconds): 46, parent pid: 10348
[10348:10352:0611/140137.462:VERBOSE1:chrome\updater\crash_reporter.cc:120] Crash handler launched and ready.
[10348:10352:0611/140137.462:VERBOSE1:chrome\updater\crash_client.cc:106] Found 0 completed crash reports
[10348:10352:0611/140137.462:VERBOSE1:chrome\updater\crash_client.cc:124] Found 0 pending crash reports
[10348:10352:0611/140137.462:VERBOSE2:chrome\updater\update_usage_stats_task_win.cc:41] usage stats enabled by app {8a69d345-d564-463c-aff1-a69d9e530f96}
[10348:10352:0611/140137.462:VERBOSE1:chrome\updater\updater.cc:90] Crash reporting initialized.
[10348:10352:0611/140137.462:VERBOSE1:chrome\updater\updater.cc:145] IsUserAdmin: 1, IsUserNonElevatedAdmin: 0, IsUACOn: 1, IsElevatedWithUACOn: 1, LUA: 1
[10348:10420:0611/140137.493:VERBOSE2:chrome\updater\app\server\win\updater_service_delegate.cc:60] Running COM server within the Windows Service
[10348:10420:0611/140137.493:VERBOSE2:chrome\updater\app\app_server.cc:57] ModeCheck
[10348:10420:0611/140137.493:VERBOSE2:chrome\updater\prefs.cc:89] CreateGlobalPrefsInternal
[10348:10420:0611/140137.493:VERBOSE1:chrome\updater\prefs.cc:135] UpdaterPrefsImpl (global): C:\Program Files (x86)\Google\GoogleUpdater
[10348:10420:0611/140137.493:VERBOSE2:chrome\updater\app\app_server.cc:70] This version: 138.0.7194.0, active version: 138.0.7194.0
[10348:10420:0611/140137.493:VERBOSE1:chrome\updater\win\setup\setup_util.cc:263] AreComInterfacesPresent: scope: System: is_internal: 1
[10348:10420:0611/140137.493:VERBOSE2:chrome\updater\win\setup\setup_util.cc:284] AreComInterfacesPresent: all interfaces present
[10348:10420:0611/140137.493:VERBOSE2:chrome\updater\prefs.cc:208] CreateLocalPrefs
[10348:10420:0611/140137.493:VERBOSE1:chrome\updater\prefs.cc:135] UpdaterPrefsImpl (local): C:\Program Files (x86)\Google\GoogleUpdater\138.0.7194.0
[10348:10420:0611/140137.493:VERBOSE1:chrome\updater\prefs.cc:140] ~UpdaterPrefsImpl: C:\Program Files (x86)\Google\GoogleUpdater
[10348:10420:0611/140137.571:VERBOSE2:chrome\updater\app\app_server_win.cc:300] Starting task, Microsoft::WRL::Module count: 2
[10348:10420:0611/140137.571:VERBOSE1:chrome\updater\update_service_internal_impl.cc:25] Run
[10348:10420:0611/140137.571:VERBOSE1:chrome\updater\ipc\update_service_proxy_win.cc:1090] RunPeriodicTasks
[10448:10452:0611/140137.649:VERBOSE1:chrome\updater\updater.cc:328] Version: 138.0.7194.0, opt, 32 bit (x86), command line: "C:\Program Files (x86)\Google\GoogleUpdater\138.0.7194.0\updater.exe" --system --windows-service --service=update
[10448:10452:0611/140137.649:VERBOSE1:chrome\updater\updater.cc:330] OS version: 10.0.22631.5472, System uptime (seconds): 46, parent pid: 984
[6740:6744:0611/140139.134:VERBOSE1:chrome\updater\updater.cc:335] UpdaterMain (--windows-service) returned 0.
[6824:6828:0611/140140.211:VERBOSE1:chrome\updater\updater.cc:335] UpdaterMain (--crash-handler) returned 0.
[10472:10476:0611/140140.679:VERBOSE1:chrome\updater\updater.cc:328] Version: 138.0.7194.0, opt, 32 bit (x86), command line: "C:\Program Files (x86)\Google\GoogleUpdater\138.0.7194.0\updater.exe" --crash-handler --system "--database=C:\Program Files (x86)\Google\GoogleUpdater\138.0.7194.0\Crashpad" --url=https://clients2.google.com/cr/report --annotation=prod=Update4 --annotation=ver=138.0.7194.0 "--attachment=C:\Program Files (x86)\Google\GoogleUpdater\updater.log" --initial-client-data=0x2cc,0x2d0,0x2d4,0x2a8,0x2d8,0x6b29c0,0x6b29cc,0x6b29d8
[10472:10476:0611/140140.695:VERBOSE1:chrome\updater\updater.cc:330] OS version: 10.0.22631.5472, System uptime (seconds): 50, parent pid: 10448
[10448:10452:0611/140140.773:VERBOSE1:chrome\updater\crash_reporter.cc:120] Crash handler launched and ready.
[10448:10452:0611/140140.789:VERBOSE1:chrome\updater\crash_client.cc:106] Found 0 completed crash reports
[10448:10452:0611/140140.789:VERBOSE1:chrome\updater\crash_client.cc:124] Found 0 pending crash reports
[10448:10452:0611/140140.789:VERBOSE2:chrome\updater\update_usage_stats_task_win.cc:41] usage stats enabled by app {8a69d345-d564-463c-aff1-a69d9e530f96}
[10448:10452:0611/140140.789:VERBOSE1:chrome\updater\updater.cc:90] Crash reporting initialized.
[10448:10452:0611/140140.804:VERBOSE1:chrome\updater\updater.cc:145] IsUserAdmin: 1, IsUserNonElevatedAdmin: 0, IsUACOn: 1, IsElevatedWithUACOn: 1, LUA: 1
[10448:11120:0611/140141.132:VERBOSE2:chrome\updater\app\server\win\updater_service_delegate.cc:60] Running COM server within the Windows Service
[10448:11120:0611/140141.132:VERBOSE2:chrome\updater\app\app_server.cc:57] ModeCheck
[10448:11120:0611/140141.132:VERBOSE2:chrome\updater\prefs.cc:89] CreateGlobalPrefsInternal
[10448:11120:0611/140141.132:VERBOSE1:chrome\updater\prefs.cc:135] UpdaterPrefsImpl (global): C:\Program Files (x86)\Google\GoogleUpdater
[10448:11120:0611/140141.132:VERBOSE2:chrome\updater\app\app_server.cc:70] This version: 138.0.7194.0, active version: 138.0.7194.0
[10448:11120:0611/140141.132:VERBOSE1:chrome\updater\win\setup\setup_util.cc:263] AreComInterfacesPresent: scope: System: is_internal: 0
[10448:11120:0611/140141.226:VERBOSE2:chrome\updater\win\setup\setup_util.cc:284] AreComInterfacesPresent: all interfaces present
[10448:11120:0611/140141.226:VERBOSE2:chrome\updater\prefs.cc:208] CreateLocalPrefs
[10448:11120:0611/140141.226:VERBOSE1:chrome\updater\prefs.cc:135] UpdaterPrefsImpl (local): C:\Program Files (x86)\Google\GoogleUpdater\138.0.7194.0
[10448:11120:0611/140141.226:VERBOSE1:chrome\enterprise_companion\device_management_storage\dm_storage_win.cc:242] GetDmToken: token not found.
[10448:11120:0611/140141.226:VERBOSE1:chrome\enterprise_companion\device_management_storage\dm_storage.cc:218] No valid DM token.
[10448:11120:0611/140141.351:VERBOSE1:chrome\updater\policy\service.cc:146] Current effective policies:
{
  LastCheckPeriod = 270 (Default)
}

[10448:11120:0611/140141.351:VERBOSE1:chrome\updater\prefs.cc:140] ~UpdaterPrefsImpl: C:\Program Files (x86)\Google\GoogleUpdater\138.0.7194.0
[10448:11120:0611/140141.632:VERBOSE2:chrome\updater\app\app_server_win.cc:300] Starting task, Microsoft::WRL::Module count: 2
[10448:11120:0611/140141.632:VERBOSE2:chrome\updater\util\win_util.cc:1433] OemInstallTime not found
[10448:11120:0611/140141.632:VERBOSE1:chrome\updater\update_service_impl_impl.cc:820] RunPeriodicTasks
[10448:11120:0611/140141.632:VERBOSE1:chrome\updater\update_service_impl_impl.cc:825] last_started updated.
[10448:11120:0611/140142.101:VERBOSE2:chrome\updater\util\win_util.cc:1239] Cohort values: 1:gu/32zf:32zx@0.5, 137.0.7151.103 Rollout, 
[10448:11096:0611/140144.069:VERBOSE2:chrome\updater\update_usage_stats_task_win.cc:41] usage stats enabled by app {8a69d345-d564-463c-aff1-a69d9e530f96}
[10448:11120:0611/140144.913:VERBOSE1:chrome\updater\update_service_impl_impl.cc:713] FetchPolicies
[10448:11096:0611/140144.913:VERBOSE1:chrome\enterprise_companion\device_management_storage\dm_storage_win.cc:242] GetDmToken: token not found.
[10448:11096:0611/140144.913:VERBOSE1:chrome\enterprise_companion\device_management_storage\dm_storage_win.cc:40] ReadRegistryString: failed to read registry: Software\Policies\Google\CloudManagement\@EnrollmentToken
[10448:11096:0611/140144.913:VERBOSE1:chrome\enterprise_companion\device_management_storage\dm_storage_win.cc:40] ReadRegistryString: failed to read registry: Software\Policies\Google\Chrome\@CloudManagementEnrollmentToken
[10448:11096:0611/140144.913:VERBOSE1:chrome\enterprise_companion\device_management_storage\dm_storage_win.cc:40] ReadRegistryString: failed to read registry: Software\Google\Update\Clients\{44fc7fe2-65ce-487c-93f4-edee46eeaaab}@CloudManagementEnrollmentToken
[10448:11096:0611/140144.913:VERBOSE1:chrome\enterprise_companion\device_management_storage\dm_storage_win.cc:40] ReadRegistryString: failed to read registry: Software\Google\Update\Clients\{430fd4d0-b729-4f61-aa34-91526481799d}@CloudManagementEnrollmentToken
[10448:11120:0611/140144.913:VERBOSE2:chrome\updater\policy\service.cc:182] Device is not CBCM managed, skipped policy fetch.
[10448:11120:0611/140144.913:VERBOSE1:chrome\updater\policy\service.cc:207] FetchPoliciesDone: 0
[10448:11120:0611/140144.913:VERBOSE1:chrome\updater\policy\service.cc:212] Policies after refresh:
{
  LastCheckPeriod = 270 (Default)
}

[10448:11120:0611/140145.850:INFO:chrome\updater\check_for_updates_task.cc:49] Skipping UpdateAll: last update was 0 minutes ago. check_delay == 324
[10448:11120:0611/140146.600:VERBOSE1:chrome\updater\update_service_impl_impl.cc:928] ForceInstall
[10448:11120:0611/140146.600:INFO:chrome\updater\update_service_impl_impl.cc:884] ForceInstall task complete: 0
[10348:10432:0611/140147.553:VERBOSE2:chrome\updater\ipc\update_service_proxy_win.cc:255] Run
[10348:10420:0611/140147.553:VERBOSE1:chrome\updater\ipc\update_service_proxy_win.cc:1048] ~UpdateServiceProxyImpl
[10348:10444:0611/140147.553:VERBOSE2:chrome\updater\ipc\proxy_impl_base_win.h:62] ~ProxyImplBase
[8800:10340:0611/140147.568:VERBOSE2:chrome\updater\ipc\update_service_internal_proxy_win.cc:65] Run result 0.
[10348:10408:0611/140147.568:VERBOSE2:chrome\updater\app\server\win\com_classes.cc:891] UpdaterInternalImpl::Run. IUpdaterInternalCallback::Run returned 0
[8800:9064:0611/140152.849:VERBOSE1:chrome\updater\ipc\update_service_internal_proxy_win.cc:148] ~UpdateServiceInternalProxyImpl
[8800:8232:0611/140154.598:VERBOSE2:chrome\updater\ipc\proxy_impl_base_win.h:62] ~ProxyImplBase
[8800:9064:0611/140155.988:VERBOSE1:chrome\updater\updater.cc:335] UpdaterMain (--wake) returned 0.
[9856:9860:0611/140157.441:VERBOSE1:chrome\updater\updater.cc:335] UpdaterMain (--crash-handler) returned 0.
[10348:10420:0611/140157.566:VERBOSE2:chrome\updater\app\app_server_win.cc:252] Stop: COM server is shutting down.
[10348:10420:0611/140157.566:VERBOSE2:chrome\updater\app\app_server_win.cc:312] Completed task, Microsoft::WRL::Module count: 0
[10348:10408:0611/140157.566:VERBOSE1:chrome\updater\prefs.cc:235] Prefs committed.
[10348:10420:0611/140157.566:VERBOSE1:chrome\updater\prefs.cc:140] ~UpdaterPrefsImpl: C:\Program Files (x86)\Google\GoogleUpdater\138.0.7194.0
[10448:11120:0611/140157.566:VERBOSE2:chrome\updater\app\app_server_win.cc:252] Stop: COM server is shutting down.
[10448:11120:0611/140157.566:VERBOSE2:chrome\updater\app\app_server_win.cc:312] Completed task, Microsoft::WRL::Module count: 0
[10448:11096:0611/140157.566:VERBOSE1:chrome\updater\prefs.cc:235] Prefs committed.
[10448:11120:0611/140157.566:VERBOSE1:chrome\updater\prefs.cc:140] ~UpdaterPrefsImpl: C:\Program Files (x86)\Google\GoogleUpdater
[10448:10452:0611/140157.644:VERBOSE1:chrome\updater\updater.cc:335] UpdaterMain (--windows-service) returned 0.
[10472:10476:0611/140157.660:VERBOSE1:chrome\updater\updater.cc:335] UpdaterMain (--crash-handler) returned 0.
[10348:10352:0611/140157.660:VERBOSE1:chrome\updater\updater.cc:335] UpdaterMain (--windows-service) returned 0.
[10364:10368:0611/140157.676:VERBOSE1:chrome\updater\updater.cc:335] UpdaterMain (--crash-handler) returned 0.
[12112:12028:0611/140209.549:VERBOSE1:chrome\updater\updater.cc:328] Version: 138.0.7194.0, opt, 32 bit (x86), command line: "C:\Program Files (x86)\Google\GoogleUpdater\138.0.7194.0\updater.exe" --wake --system
[12112:12028:0611/140209.549:VERBOSE1:chrome\updater\updater.cc:330] OS version: 10.0.22631.5472, System uptime (seconds): 78, parent pid: 2044
[10752:11744:0611/140209.596:VERBOSE1:chrome\updater\updater.cc:328] Version: 138.0.7194.0, opt, 32 bit (x86), command line: "C:\Program Files (x86)\Google\GoogleUpdater\138.0.7194.0\updater.exe" --crash-handler --system "--database=C:\Program Files (x86)\Google\GoogleUpdater\138.0.7194.0\Crashpad" --url=https://clients2.google.com/cr/report --annotation=prod=Update4 --annotation=ver=138.0.7194.0 "--attachment=C:\Program Files (x86)\Google\GoogleUpdater\updater.log" --initial-client-data=0x2c8,0x2cc,0x2d0,0x2a4,0x2d4,0x6b29c0,0x6b29cc,0x6b29d8
[10752:11744:0611/140209.596:VERBOSE1:chrome\updater\updater.cc:330] OS version: 10.0.22631.5472, System uptime (seconds): 78, parent pid: 12112
[12112:12028:0611/140209.596:VERBOSE1:chrome\updater\crash_reporter.cc:120] Crash handler launched and ready.
[12112:12028:0611/140209.596:VERBOSE1:chrome\updater\crash_client.cc:106] Found 0 completed crash reports
[12112:12028:0611/140209.596:VERBOSE1:chrome\updater\crash_client.cc:124] Found 0 pending crash reports
[12112:12028:0611/140209.596:VERBOSE2:chrome\updater\update_usage_stats_task_win.cc:41] usage stats enabled by app {8a69d345-d564-463c-aff1-a69d9e530f96}
[12112:12028:0611/140209.611:VERBOSE1:chrome\updater\updater.cc:90] Crash reporting initialized.
[12112:12028:0611/140209.611:VERBOSE1:chrome\updater\updater.cc:145] IsUserAdmin: 1, IsUserNonElevatedAdmin: 0, IsUACOn: 1, IsElevatedWithUACOn: 1, LUA: 1
[12112:12028:0611/140209.627:VERBOSE1:chrome\updater\ipc\update_service_internal_proxy_win.cc:156] Run
[12864:12868:0611/140209.689:VERBOSE1:chrome\updater\updater.cc:328] Version: 138.0.7194.0, opt, 32 bit (x86), command line: "C:\Program Files (x86)\Google\GoogleUpdater\138.0.7194.0\updater.exe" --system --windows-service --service=update-internal
[12864:12868:0611/140209.689:VERBOSE1:chrome\updater\updater.cc:330] OS version: 10.0.22631.5472, System uptime (seconds): 78, parent pid: 984
[12892:12896:0611/140209.736:VERBOSE1:chrome\updater\updater.cc:328] Version: 138.0.7194.0, opt, 32 bit (x86), command line: "C:\Program Files (x86)\Google\GoogleUpdater\138.0.7194.0\updater.exe" --crash-handler --system "--database=C:\Program Files (x86)\Google\GoogleUpdater\138.0.7194.0\Crashpad" --url=https://clients2.google.com/cr/report --annotation=prod=Update4 --annotation=ver=138.0.7194.0 "--attachment=C:\Program Files (x86)\Google\GoogleUpdater\updater.log" --initial-client-data=0x2cc,0x2d0,0x2d4,0x280,0x2d8,0x6b29c0,0x6b29cc,0x6b29d8
[12892:12896:0611/140209.736:VERBOSE1:chrome\updater\updater.cc:330] OS version: 10.0.22631.5472, System uptime (seconds): 79, parent pid: 12864
[12864:12868:0611/140209.736:VERBOSE1:chrome\updater\crash_reporter.cc:120] Crash handler launched and ready.
[12864:12868:0611/140209.736:VERBOSE1:chrome\updater\crash_client.cc:106] Found 0 completed crash reports
[12864:12868:0611/140209.736:VERBOSE1:chrome\updater\crash_client.cc:124] Found 0 pending crash reports
[12864:12868:0611/140209.736:VERBOSE2:chrome\updater\update_usage_stats_task_win.cc:41] usage stats enabled by app {8a69d345-d564-463c-aff1-a69d9e530f96}
[12864:12868:0611/140209.736:VERBOSE1:chrome\updater\updater.cc:90] Crash reporting initialized.
[12864:12868:0611/140209.752:VERBOSE1:chrome\updater\updater.cc:145] IsUserAdmin: 1, IsUserNonElevatedAdmin: 0, IsUACOn: 1, IsElevatedWithUACOn: 1, LUA: 1
[12864:1312:0611/140209.767:VERBOSE2:chrome\updater\app\server\win\updater_service_delegate.cc:60] Running COM server within the Windows Service
[12864:1312:0611/140209.767:VERBOSE2:chrome\updater\app\app_server.cc:57] ModeCheck
[12864:1312:0611/140209.767:VERBOSE2:chrome\updater\prefs.cc:89] CreateGlobalPrefsInternal
[12864:1312:0611/140209.767:VERBOSE1:chrome\updater\prefs.cc:135] UpdaterPrefsImpl (global): C:\Program Files (x86)\Google\GoogleUpdater
[12864:1312:0611/140209.767:VERBOSE2:chrome\updater\app\app_server.cc:70] This version: 138.0.7194.0, active version: 138.0.7194.0
[12864:1312:0611/140209.767:VERBOSE1:chrome\updater\win\setup\setup_util.cc:263] AreComInterfacesPresent: scope: System: is_internal: 1
[12864:1312:0611/140209.767:VERBOSE2:chrome\updater\win\setup\setup_util.cc:284] AreComInterfacesPresent: all interfaces present
[12864:1312:0611/140209.767:VERBOSE2:chrome\updater\prefs.cc:208] CreateLocalPrefs
[12864:1312:0611/140209.767:VERBOSE1:chrome\updater\prefs.cc:135] UpdaterPrefsImpl (local): C:\Program Files (x86)\Google\GoogleUpdater\138.0.7194.0
[12864:1312:0611/140209.767:VERBOSE1:chrome\updater\prefs.cc:140] ~UpdaterPrefsImpl: C:\Program Files (x86)\Google\GoogleUpdater
[12864:1312:0611/140209.783:VERBOSE2:chrome\updater\app\app_server_win.cc:300] Starting task, Microsoft::WRL::Module count: 2
[12864:1312:0611/140209.783:VERBOSE1:chrome\updater\update_service_internal_impl.cc:25] Run
[12864:1312:0611/140209.783:VERBOSE1:chrome\updater\ipc\update_service_proxy_win.cc:1090] RunPeriodicTasks
[3412:11244:0611/140209.830:VERBOSE1:chrome\updater\updater.cc:328] Version: 138.0.7194.0, opt, 32 bit (x86), command line: "C:\Program Files (x86)\Google\GoogleUpdater\138.0.7194.0\updater.exe" --system --windows-service --service=update
[3412:11244:0611/140209.830:VERBOSE1:chrome\updater\updater.cc:330] OS version: 10.0.22631.5472, System uptime (seconds): 79, parent pid: 984
[10964:1984:0611/140209.908:VERBOSE1:chrome\updater\updater.cc:328] Version: 138.0.7194.0, opt, 32 bit (x86), command line: "C:\Program Files (x86)\Google\GoogleUpdater\138.0.7194.0\updater.exe" --crash-handler --system "--database=C:\Program Files (x86)\Google\GoogleUpdater\138.0.7194.0\Crashpad" --url=https://clients2.google.com/cr/report --annotation=prod=Update4 --annotation=ver=138.0.7194.0 "--attachment=C:\Program Files (x86)\Google\GoogleUpdater\updater.log" --initial-client-data=0x2c8,0x2cc,0x2d0,0x2a4,0x2d4,0x6b29c0,0x6b29cc,0x6b29d8
[10964:1984:0611/140209.908:VERBOSE1:chrome\updater\updater.cc:330] OS version: 10.0.22631.5472, System uptime (seconds): 79, parent pid: 3412
[3412:11244:0611/140209.908:VERBOSE1:chrome\updater\crash_reporter.cc:120] Crash handler launched and ready.
[3412:11244:0611/140209.908:VERBOSE1:chrome\updater\crash_client.cc:106] Found 0 completed crash reports
[3412:11244:0611/140209.908:VERBOSE1:chrome\updater\crash_client.cc:124] Found 0 pending crash reports
[3412:11244:0611/140209.908:VERBOSE2:chrome\updater\update_usage_stats_task_win.cc:41] usage stats enabled by app {8a69d345-d564-463c-aff1-a69d9e530f96}
[3412:11244:0611/140209.908:VERBOSE1:chrome\updater\updater.cc:90] Crash reporting initialized.
[3412:11244:0611/140209.908:VERBOSE1:chrome\updater\updater.cc:145] IsUserAdmin: 1, IsUserNonElevatedAdmin: 0, IsUACOn: 1, IsElevatedWithUACOn: 1, LUA: 1
[3412:6324:0611/140209.924:VERBOSE2:chrome\updater\app\server\win\updater_service_delegate.cc:60] Running COM server within the Windows Service
[3412:6324:0611/140209.924:VERBOSE2:chrome\updater\app\app_server.cc:57] ModeCheck
[3412:6324:0611/140209.924:VERBOSE2:chrome\updater\prefs.cc:89] CreateGlobalPrefsInternal
[3412:6324:0611/140209.924:VERBOSE1:chrome\updater\prefs.cc:135] UpdaterPrefsImpl (global): C:\Program Files (x86)\Google\GoogleUpdater
[3412:6324:0611/140209.924:VERBOSE2:chrome\updater\app\app_server.cc:70] This version: 138.0.7194.0, active version: 138.0.7194.0
[3412:6324:0611/140209.924:VERBOSE1:chrome\updater\win\setup\setup_util.cc:263] AreComInterfacesPresent: scope: System: is_internal: 0
[3412:6324:0611/140209.955:VERBOSE2:chrome\updater\win\setup\setup_util.cc:284] AreComInterfacesPresent: all interfaces present
[3412:6324:0611/140209.955:VERBOSE2:chrome\updater\prefs.cc:208] CreateLocalPrefs
[3412:6324:0611/140209.955:VERBOSE1:chrome\updater\prefs.cc:135] UpdaterPrefsImpl (local): C:\Program Files (x86)\Google\GoogleUpdater\138.0.7194.0
[3412:6324:0611/140209.955:VERBOSE1:chrome\enterprise_companion\device_management_storage\dm_storage_win.cc:242] GetDmToken: token not found.
[3412:6324:0611/140209.955:VERBOSE1:chrome\enterprise_companion\device_management_storage\dm_storage.cc:218] No valid DM token.
[3412:6324:0611/140209.986:VERBOSE1:chrome\updater\policy\service.cc:146] Current effective policies:
{
  LastCheckPeriod = 270 (Default)
}

[3412:6324:0611/140209.986:VERBOSE1:chrome\updater\prefs.cc:140] ~UpdaterPrefsImpl: C:\Program Files (x86)\Google\GoogleUpdater\138.0.7194.0
[3412:6324:0611/140210.017:VERBOSE2:chrome\updater\app\app_server_win.cc:300] Starting task, Microsoft::WRL::Module count: 2
[3412:6324:0611/140210.017:VERBOSE2:chrome\updater\util\win_util.cc:1433] OemInstallTime not found
[3412:6324:0611/140210.017:VERBOSE1:chrome\updater\update_service_impl_impl.cc:820] RunPeriodicTasks
[3412:6324:0611/140210.017:VERBOSE1:chrome\updater\update_service_impl_impl.cc:825] last_started updated.
[3412:6324:0611/140210.767:VERBOSE2:chrome\updater\util\win_util.cc:1239] Cohort values: 1:gu/32zf:32zx@0.5, 137.0.7151.103 Rollout, 
[3412:11172:0611/140212.189:VERBOSE2:chrome\updater\update_usage_stats_task_win.cc:41] usage stats enabled by app {8a69d345-d564-463c-aff1-a69d9e530f96}
[3412:6324:0611/140213.985:VERBOSE1:chrome\updater\update_service_impl_impl.cc:713] FetchPolicies
[3412:11172:0611/140213.985:VERBOSE1:chrome\enterprise_companion\device_management_storage\dm_storage_win.cc:242] GetDmToken: token not found.
[3412:11172:0611/140213.985:VERBOSE1:chrome\enterprise_companion\device_management_storage\dm_storage_win.cc:40] ReadRegistryString: failed to read registry: Software\Policies\Google\CloudManagement\@EnrollmentToken
[3412:11172:0611/140213.985:VERBOSE1:chrome\enterprise_companion\device_management_storage\dm_storage_win.cc:40] ReadRegistryString: failed to read registry: Software\Policies\Google\Chrome\@CloudManagementEnrollmentToken
[3412:11172:0611/140213.985:VERBOSE1:chrome\enterprise_companion\device_management_storage\dm_storage_win.cc:40] ReadRegistryString: failed to read registry: Software\Google\Update\Clients\{44fc7fe2-65ce-487c-93f4-edee46eeaaab}@CloudManagementEnrollmentToken
[3412:11172:0611/140213.985:VERBOSE1:chrome\enterprise_companion\device_management_storage\dm_storage_win.cc:40] ReadRegistryString: failed to read registry: Software\Google\Update\Clients\{430fd4d0-b729-4f61-aa34-91526481799d}@CloudManagementEnrollmentToken
[3412:6324:0611/140213.985:VERBOSE2:chrome\updater\policy\service.cc:182] Device is not CBCM managed, skipped policy fetch.
[3412:6324:0611/140213.985:VERBOSE1:chrome\updater\policy\service.cc:207] FetchPoliciesDone: 0
[3412:6324:0611/140213.985:VERBOSE1:chrome\updater\policy\service.cc:212] Policies after refresh:
{
  LastCheckPeriod = 270 (Default)
}

[3412:6324:0611/140214.594:INFO:chrome\updater\check_for_updates_task.cc:49] Skipping UpdateAll: last update was 0 minutes ago. check_delay == 270
[3412:6324:0611/140215.454:VERBOSE1:chrome\updater\update_service_impl_impl.cc:928] ForceInstall
[3412:6324:0611/140215.454:INFO:chrome\updater\update_service_impl_impl.cc:884] ForceInstall task complete: 0
[12864:1924:0611/140216.547:VERBOSE2:chrome\updater\ipc\update_service_proxy_win.cc:255] Run
[12864:1312:0611/140216.547:VERBOSE1:chrome\updater\ipc\update_service_proxy_win.cc:1048] ~UpdateServiceProxyImpl
[12864:3724:0611/140216.547:VERBOSE2:chrome\updater\ipc\proxy_impl_base_win.h:62] ~ProxyImplBase
[12112:12900:0611/140216.547:VERBOSE2:chrome\updater\ipc\update_service_internal_proxy_win.cc:65] Run result 0.
[12864:9460:0611/140216.547:VERBOSE2:chrome\updater\app\server\win\com_classes.cc:891] UpdaterInternalImpl::Run. IUpdaterInternalCallback::Run returned 0
[12112:12028:0611/140216.547:VERBOSE1:chrome\updater\ipc\update_service_internal_proxy_win.cc:148] ~UpdateServiceInternalProxyImpl
[12112:6588:0611/140216.547:VERBOSE2:chrome\updater\ipc\proxy_impl_base_win.h:62] ~ProxyImplBase
[12112:12028:0611/140216.547:VERBOSE1:chrome\updater\updater.cc:335] UpdaterMain (--wake) returned 0.
[10752:11744:0611/140216.563:VERBOSE1:chrome\updater\updater.cc:335] UpdaterMain (--crash-handler) returned 0.
[3412:6324:0611/140226.576:VERBOSE2:chrome\updater\app\app_server_win.cc:252] Stop: COM server is shutting down.
[12864:1312:0611/140226.576:VERBOSE2:chrome\updater\app\app_server_win.cc:252] Stop: COM server is shutting down.
[3412:6324:0611/140226.576:VERBOSE2:chrome\updater\app\app_server_win.cc:312] Completed task, Microsoft::WRL::Module count: 0
[3412:11172:0611/140226.576:VERBOSE1:chrome\updater\prefs.cc:235] Prefs committed.
[3412:6324:0611/140226.576:VERBOSE1:chrome\updater\prefs.cc:140] ~UpdaterPrefsImpl: C:\Program Files (x86)\Google\GoogleUpdater
[12864:1312:0611/140226.576:VERBOSE2:chrome\updater\app\app_server_win.cc:312] Completed task, Microsoft::WRL::Module count: 0
[12864:9460:0611/140226.576:VERBOSE1:chrome\updater\prefs.cc:235] Prefs committed.
[12864:1312:0611/140226.576:VERBOSE1:chrome\updater\prefs.cc:140] ~UpdaterPrefsImpl: C:\Program Files (x86)\Google\GoogleUpdater\138.0.7194.0
[12864:12868:0611/140226.779:VERBOSE1:chrome\updater\updater.cc:335] UpdaterMain (--windows-service) returned 0.
[12892:12896:0611/140226.794:VERBOSE1:chrome\updater\updater.cc:335] UpdaterMain (--crash-handler) returned 0.
[3412:11244:0611/140226.794:VERBOSE1:chrome\updater\updater.cc:335] UpdaterMain (--windows-service) returned 0.
[10964:1984:0611/140226.810:VERBOSE1:chrome\updater\updater.cc:335] UpdaterMain (--crash-handler) returned 0.
[11800:3224:0611/140305.332:VERBOSE1:chrome\updater\updater.cc:328] Version: 138.0.7194.0, opt, 32 bit (x86), command line: "C:\Program Files (x86)\Google\GoogleUpdater\138.0.7194.0\updater.exe" --system --windows-service --service=update
[11800:3224:0611/140305.332:VERBOSE1:chrome\updater\updater.cc:330] OS version: 10.0.22631.5472, System uptime (seconds): 134, parent pid: 984
[15136:11412:0611/140305.378:VERBOSE1:chrome\updater\updater.cc:328] Version: 138.0.7194.0, opt, 32 bit (x86), command line: "C:\Program Files (x86)\Google\GoogleUpdater\138.0.7194.0\updater.exe" --crash-handler --system "--database=C:\Program Files (x86)\Google\GoogleUpdater\138.0.7194.0\Crashpad" --url=https://clients2.google.com/cr/report --annotation=prod=Update4 --annotation=ver=138.0.7194.0 "--attachment=C:\Program Files (x86)\Google\GoogleUpdater\updater.log" --initial-client-data=0x2e0,0x2e4,0x2e8,0x2bc,0x2ec,0x6b29c0,0x6b29cc,0x6b29d8
[15136:11412:0611/140305.378:VERBOSE1:chrome\updater\updater.cc:330] OS version: 10.0.22631.5472, System uptime (seconds): 134, parent pid: 11800
[11800:3224:0611/140305.394:VERBOSE1:chrome\updater\crash_reporter.cc:120] Crash handler launched and ready.
[11800:3224:0611/140305.394:VERBOSE1:chrome\updater\crash_client.cc:106] Found 0 completed crash reports
[11800:3224:0611/140305.394:VERBOSE1:chrome\updater\crash_client.cc:124] Found 0 pending crash reports
[11800:3224:0611/140305.394:VERBOSE2:chrome\updater\update_usage_stats_task_win.cc:41] usage stats enabled by app {8a69d345-d564-463c-aff1-a69d9e530f96}
[11800:3224:0611/140305.394:VERBOSE1:chrome\updater\updater.cc:90] Crash reporting initialized.
[11800:3224:0611/140305.394:VERBOSE1:chrome\updater\updater.cc:145] IsUserAdmin: 1, IsUserNonElevatedAdmin: 0, IsUACOn: 1, IsElevatedWithUACOn: 1, LUA: 1
[11800:11244:0611/140305.410:VERBOSE2:chrome\updater\app\server\win\updater_service_delegate.cc:60] Running COM server within the Windows Service
[11800:11244:0611/140305.410:VERBOSE2:chrome\updater\app\app_server.cc:57] ModeCheck
[11800:11244:0611/140305.410:VERBOSE2:chrome\updater\prefs.cc:89] CreateGlobalPrefsInternal
[11800:11244:0611/140305.410:VERBOSE1:chrome\updater\prefs.cc:135] UpdaterPrefsImpl (global): C:\Program Files (x86)\Google\GoogleUpdater
[11800:11244:0611/140305.410:VERBOSE2:chrome\updater\app\app_server.cc:70] This version: 138.0.7194.0, active version: 138.0.7194.0
[11800:11244:0611/140305.410:VERBOSE1:chrome\updater\win\setup\setup_util.cc:263] AreComInterfacesPresent: scope: System: is_internal: 0
[11800:11244:0611/140305.425:VERBOSE2:chrome\updater\win\setup\setup_util.cc:284] AreComInterfacesPresent: all interfaces present
[11800:11244:0611/140305.425:VERBOSE2:chrome\updater\prefs.cc:208] CreateLocalPrefs
[11800:11244:0611/140305.441:VERBOSE1:chrome\updater\prefs.cc:135] UpdaterPrefsImpl (local): C:\Program Files (x86)\Google\GoogleUpdater\138.0.7194.0
[11800:11244:0611/140305.441:VERBOSE1:chrome\enterprise_companion\device_management_storage\dm_storage_win.cc:242] GetDmToken: token not found.
[11800:11244:0611/140305.441:VERBOSE1:chrome\enterprise_companion\device_management_storage\dm_storage.cc:218] No valid DM token.
[11800:11244:0611/140305.441:VERBOSE1:chrome\updater\policy\service.cc:146] Current effective policies:
{
  LastCheckPeriod = 270 (Default)
}

[11800:11244:0611/140305.441:VERBOSE1:chrome\updater\prefs.cc:140] ~UpdaterPrefsImpl: C:\Program Files (x86)\Google\GoogleUpdater\138.0.7194.0
[11800:11244:0611/140305.509:VERBOSE2:chrome\updater\app\app_server_win.cc:300] Starting task, Microsoft::WRL::Module count: 2
[11800:11244:0611/140305.509:VERBOSE2:chrome\updater\util\win_util.cc:1433] OemInstallTime not found
[11800:11244:0611/140305.509:VERBOSE1:chrome\updater\update_service_impl_impl.cc:820] RunPeriodicTasks
[11800:11244:0611/140305.509:VERBOSE1:chrome\updater\update_service_impl_impl.cc:825] last_started updated.
[11800:11244:0611/140305.836:VERBOSE2:chrome\updater\util\win_util.cc:1239] Cohort values: 1:gu/32zf:32zx@0.5, 137.0.7151.103 Rollout, 
[11800:2576:0611/140306.117:VERBOSE2:chrome\updater\update_usage_stats_task_win.cc:41] usage stats enabled by app {8a69d345-d564-463c-aff1-a69d9e530f96}
[11800:11244:0611/140307.682:VERBOSE1:chrome\updater\update_service_impl_impl.cc:713] FetchPolicies
[11800:2576:0611/140307.682:VERBOSE1:chrome\enterprise_companion\device_management_storage\dm_storage_win.cc:242] GetDmToken: token not found.
[11800:2576:0611/140307.682:VERBOSE1:chrome\enterprise_companion\device_management_storage\dm_storage_win.cc:40] ReadRegistryString: failed to read registry: Software\Policies\Google\CloudManagement\@EnrollmentToken
[11800:2576:0611/140307.682:VERBOSE1:chrome\enterprise_companion\device_management_storage\dm_storage_win.cc:40] ReadRegistryString: failed to read registry: Software\Policies\Google\Chrome\@CloudManagementEnrollmentToken
[11800:2576:0611/140307.682:VERBOSE1:chrome\enterprise_companion\device_management_storage\dm_storage_win.cc:40] ReadRegistryString: failed to read registry: Software\Google\Update\Clients\{44fc7fe2-65ce-487c-93f4-edee46eeaaab}@CloudManagementEnrollmentToken
[11800:2576:0611/140307.683:VERBOSE1:chrome\enterprise_companion\device_management_storage\dm_storage_win.cc:40] ReadRegistryString: failed to read registry: Software\Google\Update\Clients\{430fd4d0-b729-4f61-aa34-91526481799d}@CloudManagementEnrollmentToken
[11800:11244:0611/140307.683:VERBOSE2:chrome\updater\policy\service.cc:182] Device is not CBCM managed, skipped policy fetch.
[11800:11244:0611/140307.683:VERBOSE1:chrome\updater\policy\service.cc:207] FetchPoliciesDone: 0
[11800:11244:0611/140307.683:VERBOSE1:chrome\updater\policy\service.cc:212] Policies after refresh:
{
  LastCheckPeriod = 270 (Default)
}

[11800:11244:0611/140308.598:INFO:chrome\updater\check_for_updates_task.cc:49] Skipping UpdateAll: last update was 1 minutes ago. check_delay == 270
[11800:11244:0611/140308.972:VERBOSE1:chrome\updater\update_service_impl_impl.cc:928] ForceInstall
[11800:11244:0611/140308.972:INFO:chrome\updater\update_service_impl_impl.cc:884] ForceInstall task complete: 0
[11800:11244:0611/140320.369:VERBOSE2:chrome\updater\app\app_server_win.cc:252] Stop: COM server is shutting down.
[11800:11244:0611/140320.370:VERBOSE2:chrome\updater\app\app_server_win.cc:312] Completed task, Microsoft::WRL::Module count: 0
[11800:2576:0611/140320.370:VERBOSE1:chrome\updater\prefs.cc:235] Prefs committed.
[11800:11244:0611/140320.371:VERBOSE1:chrome\updater\prefs.cc:140] ~UpdaterPrefsImpl: C:\Program Files (x86)\Google\GoogleUpdater
[11800:3224:0611/140320.385:VERBOSE1:chrome\updater\updater.cc:335] UpdaterMain (--windows-service) returned 0.
[15136:11412:0611/140320.385:VERBOSE1:chrome\updater\updater.cc:335] UpdaterMain (--crash-handler) returned 0.
[9220:10728:0611/150209.567:VERBOSE1:chrome\updater\updater.cc:328] Version: 138.0.7194.0, opt, 32 bit (x86), command line: "C:\Program Files (x86)\Google\GoogleUpdater\138.0.7194.0\updater.exe" --wake --system
[9220:10728:0611/150209.567:VERBOSE1:chrome\updater\updater.cc:330] OS version: 10.0.22631.5472, System uptime (seconds): 3678, parent pid: 2044
[6448:15812:0611/150209.614:VERBOSE1:chrome\updater\updater.cc:328] Version: 138.0.7194.0, opt, 32 bit (x86), command line: "C:\Program Files (x86)\Google\GoogleUpdater\138.0.7194.0\updater.exe" --crash-handler --system "--database=C:\Program Files (x86)\Google\GoogleUpdater\138.0.7194.0\Crashpad" --url=https://clients2.google.com/cr/report --annotation=prod=Update4 --annotation=ver=138.0.7194.0 "--attachment=C:\Program Files (x86)\Google\GoogleUpdater\updater.log" --initial-client-data=0x2c8,0x2cc,0x2d0,0x2a4,0x2d4,0x6b29c0,0x6b29cc,0x6b29d8
[6448:15812:0611/150209.614:VERBOSE1:chrome\updater\updater.cc:330] OS version: 10.0.22631.5472, System uptime (seconds): 3678, parent pid: 9220
[9220:10728:0611/150209.614:VERBOSE1:chrome\updater\crash_reporter.cc:120] Crash handler launched and ready.
[9220:10728:0611/150209.614:VERBOSE1:chrome\updater\crash_client.cc:106] Found 0 completed crash reports
[9220:10728:0611/150209.614:VERBOSE1:chrome\updater\crash_client.cc:124] Found 0 pending crash reports
[9220:10728:0611/150209.614:VERBOSE2:chrome\updater\update_usage_stats_task_win.cc:41] usage stats enabled by app {8a69d345-d564-463c-aff1-a69d9e530f96}
[9220:10728:0611/150209.614:VERBOSE1:chrome\updater\updater.cc:90] Crash reporting initialized.
[9220:10728:0611/150209.614:VERBOSE1:chrome\updater\updater.cc:145] IsUserAdmin: 1, IsUserNonElevatedAdmin: 0, IsUACOn: 1, IsElevatedWithUACOn: 1, LUA: 1
[9220:10728:0611/150209.630:VERBOSE1:chrome\updater\ipc\update_service_internal_proxy_win.cc:156] Run
[6280:16016:0611/150209.692:VERBOSE1:chrome\updater\updater.cc:328] Version: 138.0.7194.0, opt, 32 bit (x86), command line: "C:\Program Files (x86)\Google\GoogleUpdater\138.0.7194.0\updater.exe" --system --windows-service --service=update-internal
[6280:16016:0611/150209.692:VERBOSE1:chrome\updater\updater.cc:330] OS version: 10.0.22631.5472, System uptime (seconds): 3679, parent pid: 984
[11408:8156:0611/150209.739:VERBOSE1:chrome\updater\updater.cc:328] Version: 138.0.7194.0, opt, 32 bit (x86), command line: "C:\Program Files (x86)\Google\GoogleUpdater\138.0.7194.0\updater.exe" --crash-handler --system "--database=C:\Program Files (x86)\Google\GoogleUpdater\138.0.7194.0\Crashpad" --url=https://clients2.google.com/cr/report --annotation=prod=Update4 --annotation=ver=138.0.7194.0 "--attachment=C:\Program Files (x86)\Google\GoogleUpdater\updater.log" --initial-client-data=0x2c8,0x2cc,0x2d0,0x2a4,0x2d4,0x6b29c0,0x6b29cc,0x6b29d8
[11408:8156:0611/150209.739:VERBOSE1:chrome\updater\updater.cc:330] OS version: 10.0.22631.5472, System uptime (seconds): 3679, parent pid: 6280
[6280:16016:0611/150209.739:VERBOSE1:chrome\updater\crash_reporter.cc:120] Crash handler launched and ready.
[6280:16016:0611/150209.739:VERBOSE1:chrome\updater\crash_client.cc:106] Found 0 completed crash reports
[6280:16016:0611/150209.739:VERBOSE1:chrome\updater\crash_client.cc:124] Found 0 pending crash reports
[6280:16016:0611/150209.739:VERBOSE2:chrome\updater\update_usage_stats_task_win.cc:41] usage stats enabled by app {8a69d345-d564-463c-aff1-a69d9e530f96}
[6280:16016:0611/150209.739:VERBOSE1:chrome\updater\updater.cc:90] Crash reporting initialized.
[6280:16016:0611/150209.739:VERBOSE1:chrome\updater\updater.cc:145] IsUserAdmin: 1, IsUserNonElevatedAdmin: 0, IsUACOn: 1, IsElevatedWithUACOn: 1, LUA: 1
[6280:16076:0611/150209.770:VERBOSE2:chrome\updater\app\server\win\updater_service_delegate.cc:60] Running COM server within the Windows Service
[6280:16076:0611/150209.770:VERBOSE2:chrome\updater\app\app_server.cc:57] ModeCheck
[6280:16076:0611/150209.770:VERBOSE2:chrome\updater\prefs.cc:89] CreateGlobalPrefsInternal
[6280:16076:0611/150209.770:VERBOSE1:chrome\updater\prefs.cc:135] UpdaterPrefsImpl (global): C:\Program Files (x86)\Google\GoogleUpdater
[6280:16076:0611/150209.770:VERBOSE2:chrome\updater\app\app_server.cc:70] This version: 138.0.7194.0, active version: 138.0.7194.0
[6280:16076:0611/150209.770:VERBOSE1:chrome\updater\win\setup\setup_util.cc:263] AreComInterfacesPresent: scope: System: is_internal: 1
[6280:16076:0611/150209.770:VERBOSE2:chrome\updater\win\setup\setup_util.cc:284] AreComInterfacesPresent: all interfaces present
[6280:16076:0611/150209.770:VERBOSE2:chrome\updater\prefs.cc:208] CreateLocalPrefs
[6280:16076:0611/150209.770:VERBOSE1:chrome\updater\prefs.cc:135] UpdaterPrefsImpl (local): C:\Program Files (x86)\Google\GoogleUpdater\138.0.7194.0
[6280:16076:0611/150209.770:VERBOSE1:chrome\updater\prefs.cc:140] ~UpdaterPrefsImpl: C:\Program Files (x86)\Google\GoogleUpdater
[6280:16076:0611/150209.786:VERBOSE2:chrome\updater\app\app_server_win.cc:300] Starting task, Microsoft::WRL::Module count: 2
[6280:16076:0611/150209.786:VERBOSE1:chrome\updater\update_service_internal_impl.cc:25] Run
[6280:16076:0611/150209.786:VERBOSE1:chrome\updater\ipc\update_service_proxy_win.cc:1090] RunPeriodicTasks
[16112:9400:0611/150209.833:VERBOSE1:chrome\updater\updater.cc:328] Version: 138.0.7194.0, opt, 32 bit (x86), command line: "C:\Program Files (x86)\Google\GoogleUpdater\138.0.7194.0\updater.exe" --system --windows-service --service=update
[16112:9400:0611/150209.833:VERBOSE1:chrome\updater\updater.cc:330] OS version: 10.0.22631.5472, System uptime (seconds): 3679, parent pid: 984
[9156:13060:0611/150209.879:VERBOSE1:chrome\updater\updater.cc:328] Version: 138.0.7194.0, opt, 32 bit (x86), command line: "C:\Program Files (x86)\Google\GoogleUpdater\138.0.7194.0\updater.exe" --crash-handler --system "--database=C:\Program Files (x86)\Google\GoogleUpdater\138.0.7194.0\Crashpad" --url=https://clients2.google.com/cr/report --annotation=prod=Update4 --annotation=ver=138.0.7194.0 "--attachment=C:\Program Files (x86)\Google\GoogleUpdater\updater.log" --initial-client-data=0x2c8,0x2cc,0x2d0,0x2a4,0x2d4,0x6b29c0,0x6b29cc,0x6b29d8
[9156:13060:0611/150209.879:VERBOSE1:chrome\updater\updater.cc:330] OS version: 10.0.22631.5472, System uptime (seconds): 3679, parent pid: 16112
[16112:9400:0611/150209.895:VERBOSE1:chrome\updater\crash_reporter.cc:120] Crash handler launched and ready.
[16112:9400:0611/150209.895:VERBOSE1:chrome\updater\crash_client.cc:106] Found 0 completed crash reports
[16112:9400:0611/150209.895:VERBOSE1:chrome\updater\crash_client.cc:124] Found 0 pending crash reports
[16112:9400:0611/150209.895:VERBOSE2:chrome\updater\update_usage_stats_task_win.cc:41] usage stats enabled by app {8a69d345-d564-463c-aff1-a69d9e530f96}
[16112:9400:0611/150209.895:VERBOSE1:chrome\updater\updater.cc:90] Crash reporting initialized.
[16112:9400:0611/150209.895:VERBOSE1:chrome\updater\updater.cc:145] IsUserAdmin: 1, IsUserNonElevatedAdmin: 0, IsUACOn: 1, IsElevatedWithUACOn: 1, LUA: 1
[16112:12772:0611/150209.911:VERBOSE2:chrome\updater\app\server\win\updater_service_delegate.cc:60] Running COM server within the Windows Service
[16112:12772:0611/150209.911:VERBOSE2:chrome\updater\app\app_server.cc:57] ModeCheck
[16112:12772:0611/150209.911:VERBOSE2:chrome\updater\prefs.cc:89] CreateGlobalPrefsInternal
[16112:12772:0611/150209.911:VERBOSE1:chrome\updater\prefs.cc:135] UpdaterPrefsImpl (global): C:\Program Files (x86)\Google\GoogleUpdater
[16112:12772:0611/150209.911:VERBOSE2:chrome\updater\app\app_server.cc:70] This version: 138.0.7194.0, active version: 138.0.7194.0
[16112:12772:0611/150209.911:VERBOSE1:chrome\updater\win\setup\setup_util.cc:263] AreComInterfacesPresent: scope: System: is_internal: 0
[16112:12772:0611/150209.926:VERBOSE2:chrome\updater\win\setup\setup_util.cc:284] AreComInterfacesPresent: all interfaces present
[16112:12772:0611/150209.926:VERBOSE2:chrome\updater\prefs.cc:208] CreateLocalPrefs
[16112:12772:0611/150209.926:VERBOSE1:chrome\updater\prefs.cc:135] UpdaterPrefsImpl (local): C:\Program Files (x86)\Google\GoogleUpdater\138.0.7194.0
[16112:12772:0611/150209.926:VERBOSE1:chrome\enterprise_companion\device_management_storage\dm_storage_win.cc:242] GetDmToken: token not found.
[16112:12772:0611/150209.926:VERBOSE1:chrome\enterprise_companion\device_management_storage\dm_storage.cc:218] No valid DM token.
[16112:12772:0611/150209.942:VERBOSE1:chrome\updater\policy\service.cc:146] Current effective policies:
{
  LastCheckPeriod = 270 (Default)
}

[16112:12772:0611/150209.942:VERBOSE1:chrome\updater\prefs.cc:140] ~UpdaterPrefsImpl: C:\Program Files (x86)\Google\GoogleUpdater\138.0.7194.0
[16112:12772:0611/150209.973:VERBOSE2:chrome\updater\app\app_server_win.cc:300] Starting task, Microsoft::WRL::Module count: 2
[16112:12772:0611/150209.973:VERBOSE2:chrome\updater\util\win_util.cc:1433] OemInstallTime not found
[16112:12772:0611/150209.973:VERBOSE1:chrome\updater\update_service_impl_impl.cc:820] RunPeriodicTasks
[16112:12772:0611/150209.973:VERBOSE1:chrome\updater\update_service_impl_impl.cc:825] last_started updated.
[16112:12772:0611/150210.459:VERBOSE2:chrome\updater\util\win_util.cc:1239] Cohort values: 1:gu/32zf:32zx@0.5, 137.0.7151.103 Rollout, 
[16112:7092:0611/150211.507:VERBOSE2:chrome\updater\update_usage_stats_task_win.cc:41] usage stats enabled by app {8a69d345-d564-463c-aff1-a69d9e530f96}
[16112:12772:0611/150211.726:VERBOSE1:chrome\updater\update_service_impl_impl.cc:713] FetchPolicies
[16112:7092:0611/150211.726:VERBOSE1:chrome\enterprise_companion\device_management_storage\dm_storage_win.cc:242] GetDmToken: token not found.
[16112:7092:0611/150211.726:VERBOSE1:chrome\enterprise_companion\device_management_storage\dm_storage_win.cc:40] ReadRegistryString: failed to read registry: Software\Policies\Google\CloudManagement\@EnrollmentToken
[16112:7092:0611/150211.726:VERBOSE1:chrome\enterprise_companion\device_management_storage\dm_storage_win.cc:40] ReadRegistryString: failed to read registry: Software\Policies\Google\Chrome\@CloudManagementEnrollmentToken
[16112:7092:0611/150211.726:VERBOSE1:chrome\enterprise_companion\device_management_storage\dm_storage_win.cc:40] ReadRegistryString: failed to read registry: Software\Google\Update\Clients\{44fc7fe2-65ce-487c-93f4-edee46eeaaab}@CloudManagementEnrollmentToken
[16112:7092:0611/150211.726:VERBOSE1:chrome\enterprise_companion\device_management_storage\dm_storage_win.cc:40] ReadRegistryString: failed to read registry: Software\Google\Update\Clients\{430fd4d0-b729-4f61-aa34-91526481799d}@CloudManagementEnrollmentToken
[16112:12772:0611/150211.726:VERBOSE2:chrome\updater\policy\service.cc:182] Device is not CBCM managed, skipped policy fetch.
[16112:12772:0611/150211.726:VERBOSE1:chrome\updater\policy\service.cc:207] FetchPoliciesDone: 0
[16112:12772:0611/150211.726:VERBOSE1:chrome\updater\policy\service.cc:212] Policies after refresh:
{
  LastCheckPeriod = 270 (Default)
}

[16112:12772:0611/150211.867:INFO:chrome\updater\check_for_updates_task.cc:49] Skipping UpdateAll: last update was 60 minutes ago. check_delay == 270
[16112:12772:0611/150212.429:VERBOSE1:chrome\updater\update_service_impl_impl.cc:928] ForceInstall
[16112:12772:0611/150212.429:INFO:chrome\updater\update_service_impl_impl.cc:884] ForceInstall task complete: 0
[6280:16180:0611/150213.897:VERBOSE2:chrome\updater\ipc\update_service_proxy_win.cc:255] Run
[6280:16076:0611/150213.897:VERBOSE1:chrome\updater\ipc\update_service_proxy_win.cc:1048] ~UpdateServiceProxyImpl
[6280:16136:0611/150213.897:VERBOSE2:chrome\updater\ipc\proxy_impl_base_win.h:62] ~ProxyImplBase
[9220:15520:0611/150213.897:VERBOSE2:chrome\updater\ipc\update_service_internal_proxy_win.cc:65] Run result 0.
[6280:16092:0611/150213.897:VERBOSE2:chrome\updater\app\server\win\com_classes.cc:891] UpdaterInternalImpl::Run. IUpdaterInternalCallback::Run returned 0
[9220:10728:0611/150213.897:VERBOSE1:chrome\updater\ipc\update_service_internal_proxy_win.cc:148] ~UpdateServiceInternalProxyImpl
[9220:6440:0611/150213.897:VERBOSE2:chrome\updater\ipc\proxy_impl_base_win.h:62] ~ProxyImplBase
[9220:10728:0611/150214.053:VERBOSE1:chrome\updater\updater.cc:335] UpdaterMain (--wake) returned 0.
[6448:15812:0611/150214.053:VERBOSE1:chrome\updater\updater.cc:335] UpdaterMain (--crash-handler) returned 0.
[16112:12772:0611/150223.913:VERBOSE2:chrome\updater\app\app_server_win.cc:252] Stop: COM server is shutting down.
[6280:16076:0611/150223.913:VERBOSE2:chrome\updater\app\app_server_win.cc:252] Stop: COM server is shutting down.
[6280:16076:0611/150223.913:VERBOSE2:chrome\updater\app\app_server_win.cc:312] Completed task, Microsoft::WRL::Module count: 0
[6280:16092:0611/150223.913:VERBOSE1:chrome\updater\prefs.cc:235] Prefs committed.
[6280:16076:0611/150223.913:VERBOSE1:chrome\updater\prefs.cc:140] ~UpdaterPrefsImpl: C:\Program Files (x86)\Google\GoogleUpdater\138.0.7194.0
[16112:12772:0611/150223.913:VERBOSE2:chrome\updater\app\app_server_win.cc:312] Completed task, Microsoft::WRL::Module count: 0
[16112:7092:0611/150223.913:VERBOSE1:chrome\updater\prefs.cc:235] Prefs committed.
[16112:12772:0611/150223.913:VERBOSE1:chrome\updater\prefs.cc:140] ~UpdaterPrefsImpl: C:\Program Files (x86)\Google\GoogleUpdater
[6280:16016:0611/150223.913:VERBOSE1:chrome\updater\updater.cc:335] UpdaterMain (--windows-service) returned 0.
[16112:9400:0611/150223.913:VERBOSE1:chrome\updater\updater.cc:335] UpdaterMain (--windows-service) returned 0.
[11408:8156:0611/150223.928:VERBOSE1:chrome\updater\updater.cc:335] UpdaterMain (--crash-handler) returned 0.
[9156:13060:0611/150223.928:VERBOSE1:chrome\updater\updater.cc:335] UpdaterMain (--crash-handler) returned 0.
[14752:10208:0611/160209.567:VERBOSE1:chrome\updater\updater.cc:328] Version: 138.0.7194.0, opt, 32 bit (x86), command line: "C:\Program Files (x86)\Google\GoogleUpdater\138.0.7194.0\updater.exe" --wake --system
[14752:10208:0611/160209.567:VERBOSE1:chrome\updater\updater.cc:330] OS version: 10.0.22631.5472, System uptime (seconds): 7278, parent pid: 2044
[12724:15792:0611/160209.614:VERBOSE1:chrome\updater\updater.cc:328] Version: 138.0.7194.0, opt, 32 bit (x86), command line: "C:\Program Files (x86)\Google\GoogleUpdater\138.0.7194.0\updater.exe" --crash-handler --system "--database=C:\Program Files (x86)\Google\GoogleUpdater\138.0.7194.0\Crashpad" --url=https://clients2.google.com/cr/report --annotation=prod=Update4 --annotation=ver=138.0.7194.0 "--attachment=C:\Program Files (x86)\Google\GoogleUpdater\updater.log" --initial-client-data=0x2c8,0x2cc,0x2d0,0x2a4,0x2d4,0x6b29c0,0x6b29cc,0x6b29d8
[12724:15792:0611/160209.614:VERBOSE1:chrome\updater\updater.cc:330] OS version: 10.0.22631.5472, System uptime (seconds): 7278, parent pid: 14752
[14752:10208:0611/160209.614:VERBOSE1:chrome\updater\crash_reporter.cc:120] Crash handler launched and ready.
[14752:10208:0611/160209.614:VERBOSE1:chrome\updater\crash_client.cc:106] Found 0 completed crash reports
[14752:10208:0611/160209.614:VERBOSE1:chrome\updater\crash_client.cc:124] Found 0 pending crash reports
[14752:10208:0611/160209.614:VERBOSE2:chrome\updater\update_usage_stats_task_win.cc:41] usage stats enabled by app {8a69d345-d564-463c-aff1-a69d9e530f96}
[14752:10208:0611/160209.614:VERBOSE1:chrome\updater\updater.cc:90] Crash reporting initialized.
[14752:10208:0611/160209.614:VERBOSE1:chrome\updater\updater.cc:145] IsUserAdmin: 1, IsUserNonElevatedAdmin: 0, IsUACOn: 1, IsElevatedWithUACOn: 1, LUA: 1
[14752:10208:0611/160209.630:VERBOSE1:chrome\updater\ipc\update_service_internal_proxy_win.cc:156] Run
[9720:1020:0611/160209.692:VERBOSE1:chrome\updater\updater.cc:328] Version: 138.0.7194.0, opt, 32 bit (x86), command line: "C:\Program Files (x86)\Google\GoogleUpdater\138.0.7194.0\updater.exe" --system --windows-service --service=update-internal
[9720:1020:0611/160209.692:VERBOSE1:chrome\updater\updater.cc:330] OS version: 10.0.22631.5472, System uptime (seconds): 7279, parent pid: 984
[14404:11284:0611/160209.739:VERBOSE1:chrome\updater\updater.cc:328] Version: 138.0.7194.0, opt, 32 bit (x86), command line: "C:\Program Files (x86)\Google\GoogleUpdater\138.0.7194.0\updater.exe" --crash-handler --system "--database=C:\Program Files (x86)\Google\GoogleUpdater\138.0.7194.0\Crashpad" --url=https://clients2.google.com/cr/report --annotation=prod=Update4 --annotation=ver=138.0.7194.0 "--attachment=C:\Program Files (x86)\Google\GoogleUpdater\updater.log" --initial-client-data=0x2c8,0x2cc,0x2d0,0x2a4,0x2d4,0x6b29c0,0x6b29cc,0x6b29d8
[14404:11284:0611/160209.739:VERBOSE1:chrome\updater\updater.cc:330] OS version: 10.0.22631.5472, System uptime (seconds): 7279, parent pid: 9720
[9720:1020:0611/160209.739:VERBOSE1:chrome\updater\crash_reporter.cc:120] Crash handler launched and ready.
[9720:1020:0611/160209.739:VERBOSE1:chrome\updater\crash_client.cc:106] Found 0 completed crash reports
[9720:1020:0611/160209.739:VERBOSE1:chrome\updater\crash_client.cc:124] Found 0 pending crash reports
[9720:1020:0611/160209.739:VERBOSE2:chrome\updater\update_usage_stats_task_win.cc:41] usage stats enabled by app {8a69d345-d564-463c-aff1-a69d9e530f96}
[9720:1020:0611/160209.739:VERBOSE1:chrome\updater\updater.cc:90] Crash reporting initialized.
[9720:1020:0611/160209.739:VERBOSE1:chrome\updater\updater.cc:145] IsUserAdmin: 1, IsUserNonElevatedAdmin: 0, IsUACOn: 1, IsElevatedWithUACOn: 1, LUA: 1
[9720:4220:0611/160209.755:VERBOSE2:chrome\updater\app\server\win\updater_service_delegate.cc:60] Running COM server within the Windows Service
[9720:4220:0611/160209.755:VERBOSE2:chrome\updater\app\app_server.cc:57] ModeCheck
[9720:4220:0611/160209.755:VERBOSE2:chrome\updater\prefs.cc:89] CreateGlobalPrefsInternal
[9720:4220:0611/160209.755:VERBOSE1:chrome\updater\prefs.cc:135] UpdaterPrefsImpl (global): C:\Program Files (x86)\Google\GoogleUpdater
[9720:4220:0611/160209.755:VERBOSE2:chrome\updater\app\app_server.cc:70] This version: 138.0.7194.0, active version: 138.0.7194.0
[9720:4220:0611/160209.755:VERBOSE1:chrome\updater\win\setup\setup_util.cc:263] AreComInterfacesPresent: scope: System: is_internal: 1
[9720:4220:0611/160209.770:VERBOSE2:chrome\updater\win\setup\setup_util.cc:284] AreComInterfacesPresent: all interfaces present
[9720:4220:0611/160209.770:VERBOSE2:chrome\updater\prefs.cc:208] CreateLocalPrefs
[9720:4220:0611/160209.770:VERBOSE1:chrome\updater\prefs.cc:135] UpdaterPrefsImpl (local): C:\Program Files (x86)\Google\GoogleUpdater\138.0.7194.0
[9720:4220:0611/160209.770:VERBOSE1:chrome\updater\prefs.cc:140] ~UpdaterPrefsImpl: C:\Program Files (x86)\Google\GoogleUpdater
[9720:4220:0611/160209.786:VERBOSE2:chrome\updater\app\app_server_win.cc:300] Starting task, Microsoft::WRL::Module count: 2
[9720:4220:0611/160209.786:VERBOSE1:chrome\updater\update_service_internal_impl.cc:25] Run
[9720:4220:0611/160209.786:VERBOSE1:chrome\updater\ipc\update_service_proxy_win.cc:1090] RunPeriodicTasks
[952:1300:0611/160209.833:VERBOSE1:chrome\updater\updater.cc:328] Version: 138.0.7194.0, opt, 32 bit (x86), command line: "C:\Program Files (x86)\Google\GoogleUpdater\138.0.7194.0\updater.exe" --system --windows-service --service=update
[952:1300:0611/160209.833:VERBOSE1:chrome\updater\updater.cc:330] OS version: 10.0.22631.5472, System uptime (seconds): 7279, parent pid: 984
[9328:8508:0611/160209.880:VERBOSE1:chrome\updater\updater.cc:328] Version: 138.0.7194.0, opt, 32 bit (x86), command line: "C:\Program Files (x86)\Google\GoogleUpdater\138.0.7194.0\updater.exe" --crash-handler --system "--database=C:\Program Files (x86)\Google\GoogleUpdater\138.0.7194.0\Crashpad" --url=https://clients2.google.com/cr/report --annotation=prod=Update4 --annotation=ver=138.0.7194.0 "--attachment=C:\Program Files (x86)\Google\GoogleUpdater\updater.log" --initial-client-data=0x2c8,0x2cc,0x2d0,0x2a4,0x2d4,0x6b29c0,0x6b29cc,0x6b29d8
[9328:8508:0611/160209.880:VERBOSE1:chrome\updater\updater.cc:330] OS version: 10.0.22631.5472, System uptime (seconds): 7279, parent pid: 952
[952:1300:0611/160209.880:VERBOSE1:chrome\updater\crash_reporter.cc:120] Crash handler launched and ready.
[952:1300:0611/160209.880:VERBOSE1:chrome\updater\crash_client.cc:106] Found 0 completed crash reports
[952:1300:0611/160209.880:VERBOSE1:chrome\updater\crash_client.cc:124] Found 0 pending crash reports
[952:1300:0611/160209.880:VERBOSE2:chrome\updater\update_usage_stats_task_win.cc:41] usage stats enabled by app {8a69d345-d564-463c-aff1-a69d9e530f96}
[952:1300:0611/160209.880:VERBOSE1:chrome\updater\updater.cc:90] Crash reporting initialized.
[952:1300:0611/160209.880:VERBOSE1:chrome\updater\updater.cc:145] IsUserAdmin: 1, IsUserNonElevatedAdmin: 0, IsUACOn: 1, IsElevatedWithUACOn: 1, LUA: 1
[952:15964:0611/160209.895:VERBOSE2:chrome\updater\app\server\win\updater_service_delegate.cc:60] Running COM server within the Windows Service
[952:15964:0611/160209.895:VERBOSE2:chrome\updater\app\app_server.cc:57] ModeCheck
[952:15964:0611/160209.895:VERBOSE2:chrome\updater\prefs.cc:89] CreateGlobalPrefsInternal
[952:15964:0611/160209.911:VERBOSE1:chrome\updater\prefs.cc:135] UpdaterPrefsImpl (global): C:\Program Files (x86)\Google\GoogleUpdater
[952:15964:0611/160209.911:VERBOSE2:chrome\updater\app\app_server.cc:70] This version: 138.0.7194.0, active version: 138.0.7194.0
[952:15964:0611/160209.911:VERBOSE1:chrome\updater\win\setup\setup_util.cc:263] AreComInterfacesPresent: scope: System: is_internal: 0
[952:15964:0611/160209.911:VERBOSE2:chrome\updater\win\setup\setup_util.cc:284] AreComInterfacesPresent: all interfaces present
[952:15964:0611/160209.911:VERBOSE2:chrome\updater\prefs.cc:208] CreateLocalPrefs
[952:15964:0611/160209.911:VERBOSE1:chrome\updater\prefs.cc:135] UpdaterPrefsImpl (local): C:\Program Files (x86)\Google\GoogleUpdater\138.0.7194.0
[952:15964:0611/160209.911:VERBOSE1:chrome\enterprise_companion\device_management_storage\dm_storage_win.cc:242] GetDmToken: token not found.
[952:15964:0611/160209.911:VERBOSE1:chrome\enterprise_companion\device_management_storage\dm_storage.cc:218] No valid DM token.
[952:15964:0611/160209.926:VERBOSE1:chrome\updater\policy\service.cc:146] Current effective policies:
{
  LastCheckPeriod = 270 (Default)
}

[952:15964:0611/160209.926:VERBOSE1:chrome\updater\prefs.cc:140] ~UpdaterPrefsImpl: C:\Program Files (x86)\Google\GoogleUpdater\138.0.7194.0
[952:15964:0611/160209.958:VERBOSE2:chrome\updater\app\app_server_win.cc:300] Starting task, Microsoft::WRL::Module count: 2
[952:15964:0611/160209.958:VERBOSE2:chrome\updater\util\win_util.cc:1433] OemInstallTime not found
[952:15964:0611/160209.958:VERBOSE1:chrome\updater\update_service_impl_impl.cc:820] RunPeriodicTasks
[952:15964:0611/160209.958:VERBOSE1:chrome\updater\update_service_impl_impl.cc:825] last_started updated.
[952:15964:0611/160210.661:VERBOSE2:chrome\updater\util\win_util.cc:1239] Cohort values: 1:gu/32zf:32zx@0.5, 137.0.7151.103 Rollout, 
[952:15768:0611/160211.364:VERBOSE2:chrome\updater\update_usage_stats_task_win.cc:41] usage stats enabled by app {8a69d345-d564-463c-aff1-a69d9e530f96}
[952:15964:0611/160212.379:VERBOSE1:chrome\updater\update_service_impl_impl.cc:713] FetchPolicies
[952:15768:0611/160212.379:VERBOSE1:chrome\enterprise_companion\device_management_storage\dm_storage_win.cc:242] GetDmToken: token not found.
[952:15768:0611/160212.379:VERBOSE1:chrome\enterprise_companion\device_management_storage\dm_storage_win.cc:40] ReadRegistryString: failed to read registry: Software\Policies\Google\CloudManagement\@EnrollmentToken
[952:15768:0611/160212.379:VERBOSE1:chrome\enterprise_companion\device_management_storage\dm_storage_win.cc:40] ReadRegistryString: failed to read registry: Software\Policies\Google\Chrome\@CloudManagementEnrollmentToken
[952:15768:0611/160212.379:VERBOSE1:chrome\enterprise_companion\device_management_storage\dm_storage_win.cc:40] ReadRegistryString: failed to read registry: Software\Google\Update\Clients\{44fc7fe2-65ce-487c-93f4-edee46eeaaab}@CloudManagementEnrollmentToken
[952:15768:0611/160212.379:VERBOSE1:chrome\enterprise_companion\device_management_storage\dm_storage_win.cc:40] ReadRegistryString: failed to read registry: Software\Google\Update\Clients\{430fd4d0-b729-4f61-aa34-91526481799d}@CloudManagementEnrollmentToken
[952:15964:0611/160212.379:VERBOSE2:chrome\updater\policy\service.cc:182] Device is not CBCM managed, skipped policy fetch.
[952:15964:0611/160212.379:VERBOSE1:chrome\updater\policy\service.cc:207] FetchPoliciesDone: 0
[952:15964:0611/160212.379:VERBOSE1:chrome\updater\policy\service.cc:212] Policies after refresh:
{
  LastCheckPeriod = 270 (Default)
}

[952:15964:0611/160213.050:INFO:chrome\updater\check_for_updates_task.cc:49] Skipping UpdateAll: last update was 120 minutes ago. check_delay == 270
[952:15964:0611/160213.847:VERBOSE1:chrome\updater\update_service_impl_impl.cc:928] ForceInstall
[952:15964:0611/160213.847:INFO:chrome\updater\update_service_impl_impl.cc:884] ForceInstall task complete: 0
[9720:1956:0611/160214.738:VERBOSE2:chrome\updater\ipc\update_service_proxy_win.cc:255] Run
[9720:4220:0611/160214.738:VERBOSE1:chrome\updater\ipc\update_service_proxy_win.cc:1048] ~UpdateServiceProxyImpl
[9720:9352:0611/160214.738:VERBOSE2:chrome\updater\ipc\proxy_impl_base_win.h:62] ~ProxyImplBase
[14752:14244:0611/160214.753:VERBOSE2:chrome\updater\ipc\update_service_internal_proxy_win.cc:65] Run result 0.
[9720:12836:0611/160214.753:VERBOSE2:chrome\updater\app\server\win\com_classes.cc:891] UpdaterInternalImpl::Run. IUpdaterInternalCallback::Run returned 0
[14752:10208:0611/160214.753:VERBOSE1:chrome\updater\ipc\update_service_internal_proxy_win.cc:148] ~UpdateServiceInternalProxyImpl
[14752:14932:0611/160214.753:VERBOSE2:chrome\updater\ipc\proxy_impl_base_win.h:62] ~ProxyImplBase
[14752:10208:0611/160214.753:VERBOSE1:chrome\updater\updater.cc:335] UpdaterMain (--wake) returned 0.
[12724:15792:0611/160214.769:VERBOSE1:chrome\updater\updater.cc:335] UpdaterMain (--crash-handler) returned 0.
[952:15964:0611/160224.750:VERBOSE2:chrome\updater\app\app_server_win.cc:252] Stop: COM server is shutting down.
[9720:4220:0611/160224.750:VERBOSE2:chrome\updater\app\app_server_win.cc:252] Stop: COM server is shutting down.
[9720:4220:0611/160224.750:VERBOSE2:chrome\updater\app\app_server_win.cc:312] Completed task, Microsoft::WRL::Module count: 0
[9720:12836:0611/160224.750:VERBOSE1:chrome\updater\prefs.cc:235] Prefs committed.
[952:15964:0611/160224.750:VERBOSE2:chrome\updater\app\app_server_win.cc:312] Completed task, Microsoft::WRL::Module count: 0
[9720:4220:0611/160224.750:VERBOSE1:chrome\updater\prefs.cc:140] ~UpdaterPrefsImpl: C:\Program Files (x86)\Google\GoogleUpdater\138.0.7194.0
[952:15768:0611/160224.750:VERBOSE1:chrome\updater\prefs.cc:235] Prefs committed.
[952:15964:0611/160224.750:VERBOSE1:chrome\updater\prefs.cc:140] ~UpdaterPrefsImpl: C:\Program Files (x86)\Google\GoogleUpdater
[9720:1020:0611/160224.750:VERBOSE1:chrome\updater\updater.cc:335] UpdaterMain (--windows-service) returned 0.
[952:1300:0611/160224.750:VERBOSE1:chrome\updater\updater.cc:335] UpdaterMain (--windows-service) returned 0.
[14404:11284:0611/160224.765:VERBOSE1:chrome\updater\updater.cc:335] UpdaterMain (--crash-handler) returned 0.
[9328:8508:0611/160224.765:VERBOSE1:chrome\updater\updater.cc:335] UpdaterMain (--crash-handler) returned 0.
[5284:12468:0611/160840.442:VERBOSE1:chrome\updater\updater.cc:328] Version: 138.0.7194.0, opt, 32 bit (x86), command line: "C:\Program Files (x86)\Google\GoogleUpdater\138.0.7194.0\updater.exe" --system --windows-service --service=update
[5284:12468:0611/160840.442:VERBOSE1:chrome\updater\updater.cc:330] OS version: 10.0.22631.5472, System uptime (seconds): 7669, parent pid: 984
[6060:13580:0611/160840.505:VERBOSE1:chrome\updater\updater.cc:328] Version: 138.0.7194.0, opt, 32 bit (x86), command line: "C:\Program Files (x86)\Google\GoogleUpdater\138.0.7194.0\updater.exe" --crash-handler --system "--database=C:\Program Files (x86)\Google\GoogleUpdater\138.0.7194.0\Crashpad" --url=https://clients2.google.com/cr/report --annotation=prod=Update4 --annotation=ver=138.0.7194.0 "--attachment=C:\Program Files (x86)\Google\GoogleUpdater\updater.log" --initial-client-data=0x2c8,0x2cc,0x2d0,0x2a4,0x2d4,0x6b29c0,0x6b29cc,0x6b29d8
[6060:13580:0611/160840.505:VERBOSE1:chrome\updater\updater.cc:330] OS version: 10.0.22631.5472, System uptime (seconds): 7669, parent pid: 5284
[5284:12468:0611/160840.520:VERBOSE1:chrome\updater\crash_reporter.cc:120] Crash handler launched and ready.
[5284:12468:0611/160840.521:VERBOSE1:chrome\updater\crash_client.cc:106] Found 0 completed crash reports
[5284:12468:0611/160840.522:VERBOSE1:chrome\updater\crash_client.cc:124] Found 0 pending crash reports
[5284:12468:0611/160840.522:VERBOSE2:chrome\updater\update_usage_stats_task_win.cc:41] usage stats enabled by app {8a69d345-d564-463c-aff1-a69d9e530f96}
[5284:12468:0611/160840.524:VERBOSE1:chrome\updater\updater.cc:90] Crash reporting initialized.
[5284:12468:0611/160840.527:VERBOSE1:chrome\updater\updater.cc:145] IsUserAdmin: 1, IsUserNonElevatedAdmin: 0, IsUACOn: 1, IsElevatedWithUACOn: 1, LUA: 1
[5284:1872:0611/160840.553:VERBOSE2:chrome\updater\app\server\win\updater_service_delegate.cc:60] Running COM server within the Windows Service
[5284:1872:0611/160840.553:VERBOSE2:chrome\updater\app\app_server.cc:57] ModeCheck
[5284:1872:0611/160840.553:VERBOSE2:chrome\updater\prefs.cc:89] CreateGlobalPrefsInternal
[5284:1872:0611/160840.553:VERBOSE1:chrome\updater\prefs.cc:135] UpdaterPrefsImpl (global): C:\Program Files (x86)\Google\GoogleUpdater
[5284:1872:0611/160840.553:VERBOSE2:chrome\updater\app\app_server.cc:70] This version: 138.0.7194.0, active version: 138.0.7194.0
[5284:1872:0611/160840.553:VERBOSE1:chrome\updater\win\setup\setup_util.cc:263] AreComInterfacesPresent: scope: System: is_internal: 0
[5284:1872:0611/160840.565:VERBOSE2:chrome\updater\win\setup\setup_util.cc:284] AreComInterfacesPresent: all interfaces present
[5284:1872:0611/160840.565:VERBOSE2:chrome\updater\prefs.cc:208] CreateLocalPrefs
[5284:1872:0611/160840.565:VERBOSE1:chrome\updater\prefs.cc:135] UpdaterPrefsImpl (local): C:\Program Files (x86)\Google\GoogleUpdater\138.0.7194.0
[5284:1872:0611/160840.565:VERBOSE1:chrome\enterprise_companion\device_management_storage\dm_storage_win.cc:242] GetDmToken: token not found.
[5284:1872:0611/160840.565:VERBOSE1:chrome\enterprise_companion\device_management_storage\dm_storage.cc:218] No valid DM token.
[5284:1872:0611/160840.583:VERBOSE1:chrome\updater\policy\service.cc:146] Current effective policies:
{
  LastCheckPeriod = 270 (Default)
}

[5284:1872:0611/160840.583:VERBOSE1:chrome\updater\prefs.cc:140] ~UpdaterPrefsImpl: C:\Program Files (x86)\Google\GoogleUpdater\138.0.7194.0
[5284:1872:0611/160840.654:VERBOSE2:chrome\updater\app\app_server_win.cc:300] Starting task, Microsoft::WRL::Module count: 2
[5284:1872:0611/160840.654:VERBOSE2:chrome\updater\util\win_util.cc:1433] OemInstallTime not found
[5284:1872:0611/160840.654:VERBOSE1:chrome\updater\update_service_impl_impl.cc:820] RunPeriodicTasks
[5284:1872:0611/160840.654:VERBOSE1:chrome\updater\update_service_impl_impl.cc:825] last_started updated.
[5284:1872:0611/160841.483:VERBOSE2:chrome\updater\util\win_util.cc:1239] Cohort values: 1:gu/32zf:32zx@0.5, 137.0.7151.103 Rollout, 
[5284:11736:0611/160842.393:VERBOSE2:chrome\updater\update_usage_stats_task_win.cc:41] usage stats enabled by app {8a69d345-d564-463c-aff1-a69d9e530f96}
[5284:1872:0611/160843.083:VERBOSE1:chrome\updater\update_service_impl_impl.cc:713] FetchPolicies
[5284:11736:0611/160843.085:VERBOSE1:chrome\enterprise_companion\device_management_storage\dm_storage_win.cc:242] GetDmToken: token not found.
[5284:11736:0611/160843.085:VERBOSE1:chrome\enterprise_companion\device_management_storage\dm_storage_win.cc:40] ReadRegistryString: failed to read registry: Software\Policies\Google\CloudManagement\@EnrollmentToken
[5284:11736:0611/160843.085:VERBOSE1:chrome\enterprise_companion\device_management_storage\dm_storage_win.cc:40] ReadRegistryString: failed to read registry: Software\Policies\Google\Chrome\@CloudManagementEnrollmentToken
[5284:11736:0611/160843.085:VERBOSE1:chrome\enterprise_companion\device_management_storage\dm_storage_win.cc:40] ReadRegistryString: failed to read registry: Software\Google\Update\Clients\{44fc7fe2-65ce-487c-93f4-edee46eeaaab}@CloudManagementEnrollmentToken
[5284:11736:0611/160843.085:VERBOSE1:chrome\enterprise_companion\device_management_storage\dm_storage_win.cc:40] ReadRegistryString: failed to read registry: Software\Google\Update\Clients\{430fd4d0-b729-4f61-aa34-91526481799d}@CloudManagementEnrollmentToken
[5284:1872:0611/160843.086:VERBOSE2:chrome\updater\policy\service.cc:182] Device is not CBCM managed, skipped policy fetch.
[5284:1872:0611/160843.086:VERBOSE1:chrome\updater\policy\service.cc:207] FetchPoliciesDone: 0
[5284:1872:0611/160843.086:VERBOSE1:chrome\updater\policy\service.cc:212] Policies after refresh:
{
  LastCheckPeriod = 270 (Default)
}

[5284:1872:0611/160843.823:INFO:chrome\updater\check_for_updates_task.cc:49] Skipping UpdateAll: last update was 127 minutes ago. check_delay == 270
[5284:1872:0611/160844.655:VERBOSE1:chrome\updater\update_service_impl_impl.cc:928] ForceInstall
[5284:1872:0611/160844.655:INFO:chrome\updater\update_service_impl_impl.cc:884] ForceInstall task complete: 0
[5284:1872:0611/160855.562:VERBOSE2:chrome\updater\app\app_server_win.cc:252] Stop: COM server is shutting down.
[5284:1872:0611/160855.562:VERBOSE2:chrome\updater\app\app_server_win.cc:312] Completed task, Microsoft::WRL::Module count: 0
[5284:11736:0611/160855.562:VERBOSE1:chrome\updater\prefs.cc:235] Prefs committed.
[5284:1872:0611/160855.562:VERBOSE1:chrome\updater\prefs.cc:140] ~UpdaterPrefsImpl: C:\Program Files (x86)\Google\GoogleUpdater
[5284:12468:0611/160855.562:VERBOSE1:chrome\updater\updater.cc:335] UpdaterMain (--windows-service) returned 0.
[6060:13580:0611/160855.577:VERBOSE1:chrome\updater\updater.cc:335] UpdaterMain (--crash-handler) returned 0.
[8532:3616:0611/170209.572:VERBOSE1:chrome\updater\updater.cc:328] Version: 138.0.7194.0, opt, 32 bit (x86), command line: "C:\Program Files (x86)\Google\GoogleUpdater\138.0.7194.0\updater.exe" --wake --system
[8532:3616:0611/170209.572:VERBOSE1:chrome\updater\updater.cc:330] OS version: 10.0.22631.5472, System uptime (seconds): 10878, parent pid: 2044
[7120:10120:0611/170209.623:VERBOSE1:chrome\updater\updater.cc:328] Version: 138.0.7194.0, opt, 32 bit (x86), command line: "C:\Program Files (x86)\Google\GoogleUpdater\138.0.7194.0\updater.exe" --crash-handler --system "--database=C:\Program Files (x86)\Google\GoogleUpdater\138.0.7194.0\Crashpad" --url=https://clients2.google.com/cr/report --annotation=prod=Update4 --annotation=ver=138.0.7194.0 "--attachment=C:\Program Files (x86)\Google\GoogleUpdater\updater.log" --initial-client-data=0x2c8,0x2cc,0x2d0,0x288,0x2d4,0x6b29c0,0x6b29cc,0x6b29d8
[7120:10120:0611/170209.623:VERBOSE1:chrome\updater\updater.cc:330] OS version: 10.0.22631.5472, System uptime (seconds): 10878, parent pid: 8532
[8532:3616:0611/170209.625:VERBOSE1:chrome\updater\crash_reporter.cc:120] Crash handler launched and ready.
[8532:3616:0611/170209.626:VERBOSE1:chrome\updater\crash_client.cc:106] Found 0 completed crash reports
[8532:3616:0611/170209.626:VERBOSE1:chrome\updater\crash_client.cc:124] Found 0 pending crash reports
[8532:3616:0611/170209.626:VERBOSE2:chrome\updater\update_usage_stats_task_win.cc:41] usage stats enabled by app {8a69d345-d564-463c-aff1-a69d9e530f96}
[8532:3616:0611/170209.628:VERBOSE1:chrome\updater\updater.cc:90] Crash reporting initialized.
[8532:3616:0611/170209.629:VERBOSE1:chrome\updater\updater.cc:145] IsUserAdmin: 1, IsUserNonElevatedAdmin: 0, IsUACOn: 1, IsElevatedWithUACOn: 1, LUA: 1
[8532:3616:0611/170209.647:VERBOSE1:chrome\updater\ipc\update_service_internal_proxy_win.cc:156] Run
[15696:10268:0611/170209.710:VERBOSE1:chrome\updater\updater.cc:328] Version: 138.0.7194.0, opt, 32 bit (x86), command line: "C:\Program Files (x86)\Google\GoogleUpdater\138.0.7194.0\updater.exe" --system --windows-service --service=update-internal
[15696:10268:0611/170209.710:VERBOSE1:chrome\updater\updater.cc:330] OS version: 10.0.22631.5472, System uptime (seconds): 10879, parent pid: 984
[2216:3332:0611/170209.761:VERBOSE1:chrome\updater\updater.cc:328] Version: 138.0.7194.0, opt, 32 bit (x86), command line: "C:\Program Files (x86)\Google\GoogleUpdater\138.0.7194.0\updater.exe" --crash-handler --system "--database=C:\Program Files (x86)\Google\GoogleUpdater\138.0.7194.0\Crashpad" --url=https://clients2.google.com/cr/report --annotation=prod=Update4 --annotation=ver=138.0.7194.0 "--attachment=C:\Program Files (x86)\Google\GoogleUpdater\updater.log" --initial-client-data=0x2d4,0x2d8,0x2dc,0x248,0x2e0,0x6b29c0,0x6b29cc,0x6b29d8
[2216:3332:0611/170209.761:VERBOSE1:chrome\updater\updater.cc:330] OS version: 10.0.22631.5472, System uptime (seconds): 10879, parent pid: 15696
[15696:10268:0611/170209.762:VERBOSE1:chrome\updater\crash_reporter.cc:120] Crash handler launched and ready.
[15696:10268:0611/170209.763:VERBOSE1:chrome\updater\crash_client.cc:106] Found 0 completed crash reports
[15696:10268:0611/170209.763:VERBOSE1:chrome\updater\crash_client.cc:124] Found 0 pending crash reports
[15696:10268:0611/170209.763:VERBOSE2:chrome\updater\update_usage_stats_task_win.cc:41] usage stats enabled by app {8a69d345-d564-463c-aff1-a69d9e530f96}
[15696:10268:0611/170209.764:VERBOSE1:chrome\updater\updater.cc:90] Crash reporting initialized.
[15696:10268:0611/170209.766:VERBOSE1:chrome\updater\updater.cc:145] IsUserAdmin: 1, IsUserNonElevatedAdmin: 0, IsUACOn: 1, IsElevatedWithUACOn: 1, LUA: 1
[15696:10956:0611/170209.786:VERBOSE2:chrome\updater\app\server\win\updater_service_delegate.cc:60] Running COM server within the Windows Service
[15696:10956:0611/170209.786:VERBOSE2:chrome\updater\app\app_server.cc:57] ModeCheck
[15696:10956:0611/170209.786:VERBOSE2:chrome\updater\prefs.cc:89] CreateGlobalPrefsInternal
[15696:10956:0611/170209.788:VERBOSE1:chrome\updater\prefs.cc:135] UpdaterPrefsImpl (global): C:\Program Files (x86)\Google\GoogleUpdater
[15696:10956:0611/170209.788:VERBOSE2:chrome\updater\app\app_server.cc:70] This version: 138.0.7194.0, active version: 138.0.7194.0
[15696:10956:0611/170209.788:VERBOSE1:chrome\updater\win\setup\setup_util.cc:263] AreComInterfacesPresent: scope: System: is_internal: 1
[15696:10956:0611/170209.789:VERBOSE2:chrome\updater\win\setup\setup_util.cc:284] AreComInterfacesPresent: all interfaces present
[15696:10956:0611/170209.789:VERBOSE2:chrome\updater\prefs.cc:208] CreateLocalPrefs
[15696:10956:0611/170209.790:VERBOSE1:chrome\updater\prefs.cc:135] UpdaterPrefsImpl (local): C:\Program Files (x86)\Google\GoogleUpdater\138.0.7194.0
[15696:10956:0611/170209.790:VERBOSE1:chrome\updater\prefs.cc:140] ~UpdaterPrefsImpl: C:\Program Files (x86)\Google\GoogleUpdater
[15696:10956:0611/170209.813:VERBOSE2:chrome\updater\app\app_server_win.cc:300] Starting task, Microsoft::WRL::Module count: 2
[15696:10956:0611/170209.813:VERBOSE1:chrome\updater\update_service_internal_impl.cc:25] Run
[15696:10956:0611/170209.813:VERBOSE1:chrome\updater\ipc\update_service_proxy_win.cc:1090] RunPeriodicTasks
[15932:8488:0611/170209.863:VERBOSE1:chrome\updater\updater.cc:328] Version: 138.0.7194.0, opt, 32 bit (x86), command line: "C:\Program Files (x86)\Google\GoogleUpdater\138.0.7194.0\updater.exe" --system --windows-service --service=update
[15932:8488:0611/170209.864:VERBOSE1:chrome\updater\updater.cc:330] OS version: 10.0.22631.5472, System uptime (seconds): 10879, parent pid: 984
[15512:11584:0611/170209.913:VERBOSE1:chrome\updater\updater.cc:328] Version: 138.0.7194.0, opt, 32 bit (x86), command line: "C:\Program Files (x86)\Google\GoogleUpdater\138.0.7194.0\updater.exe" --crash-handler --system "--database=C:\Program Files (x86)\Google\GoogleUpdater\138.0.7194.0\Crashpad" --url=https://clients2.google.com/cr/report --annotation=prod=Update4 --annotation=ver=138.0.7194.0 "--attachment=C:\Program Files (x86)\Google\GoogleUpdater\updater.log" --initial-client-data=0x2c8,0x2cc,0x2d0,0x2a4,0x2d4,0x6b29c0,0x6b29cc,0x6b29d8
[15512:11584:0611/170209.914:VERBOSE1:chrome\updater\updater.cc:330] OS version: 10.0.22631.5472, System uptime (seconds): 10879, parent pid: 15932
[15932:8488:0611/170209.915:VERBOSE1:chrome\updater\crash_reporter.cc:120] Crash handler launched and ready.
[15932:8488:0611/170209.916:VERBOSE1:chrome\updater\crash_client.cc:106] Found 0 completed crash reports
[15932:8488:0611/170209.916:VERBOSE1:chrome\updater\crash_client.cc:124] Found 0 pending crash reports
[15932:8488:0611/170209.916:VERBOSE2:chrome\updater\update_usage_stats_task_win.cc:41] usage stats enabled by app {8a69d345-d564-463c-aff1-a69d9e530f96}
[15932:8488:0611/170209.917:VERBOSE1:chrome\updater\updater.cc:90] Crash reporting initialized.
[15932:8488:0611/170209.918:VERBOSE1:chrome\updater\updater.cc:145] IsUserAdmin: 1, IsUserNonElevatedAdmin: 0, IsUACOn: 1, IsElevatedWithUACOn: 1, LUA: 1
[15932:232:0611/170209.940:VERBOSE2:chrome\updater\app\server\win\updater_service_delegate.cc:60] Running COM server within the Windows Service
[15932:232:0611/170209.940:VERBOSE2:chrome\updater\app\app_server.cc:57] ModeCheck
[15932:232:0611/170209.940:VERBOSE2:chrome\updater\prefs.cc:89] CreateGlobalPrefsInternal
[15932:232:0611/170209.941:VERBOSE1:chrome\updater\prefs.cc:135] UpdaterPrefsImpl (global): C:\Program Files (x86)\Google\GoogleUpdater
[15932:232:0611/170209.941:VERBOSE2:chrome\updater\app\app_server.cc:70] This version: 138.0.7194.0, active version: 138.0.7194.0
[15932:232:0611/170209.941:VERBOSE1:chrome\updater\win\setup\setup_util.cc:263] AreComInterfacesPresent: scope: System: is_internal: 0
[15932:232:0611/170209.955:VERBOSE2:chrome\updater\win\setup\setup_util.cc:284] AreComInterfacesPresent: all interfaces present
[15932:232:0611/170209.955:VERBOSE2:chrome\updater\prefs.cc:208] CreateLocalPrefs
[15932:232:0611/170209.956:VERBOSE1:chrome\updater\prefs.cc:135] UpdaterPrefsImpl (local): C:\Program Files (x86)\Google\GoogleUpdater\138.0.7194.0
[15932:232:0611/170209.956:VERBOSE1:chrome\enterprise_companion\device_management_storage\dm_storage_win.cc:242] GetDmToken: token not found.
[15932:232:0611/170209.956:VERBOSE1:chrome\enterprise_companion\device_management_storage\dm_storage.cc:218] No valid DM token.
[15932:232:0611/170209.970:VERBOSE1:chrome\updater\policy\service.cc:146] Current effective policies:
{
  LastCheckPeriod = 270 (Default)
}

[15932:232:0611/170209.970:VERBOSE1:chrome\updater\prefs.cc:140] ~UpdaterPrefsImpl: C:\Program Files (x86)\Google\GoogleUpdater\138.0.7194.0
[15932:232:0611/170209.997:VERBOSE2:chrome\updater\app\app_server_win.cc:300] Starting task, Microsoft::WRL::Module count: 2
[15932:232:0611/170209.997:VERBOSE2:chrome\updater\util\win_util.cc:1433] OemInstallTime not found
[15932:232:0611/170209.997:VERBOSE1:chrome\updater\update_service_impl_impl.cc:820] RunPeriodicTasks
[15932:232:0611/170209.997:VERBOSE1:chrome\updater\update_service_impl_impl.cc:825] last_started updated.
[15932:232:0611/170210.480:VERBOSE2:chrome\updater\util\win_util.cc:1239] Cohort values: 1:gu/32zf:32zx@0.5, 137.0.7151.103 Rollout, 
[15932:6964:0611/170211.863:VERBOSE2:chrome\updater\update_usage_stats_task_win.cc:41] usage stats enabled by app {8a69d345-d564-463c-aff1-a69d9e530f96}
[15932:232:0611/170212.642:VERBOSE1:chrome\updater\update_service_impl_impl.cc:713] FetchPolicies
[15932:6964:0611/170212.642:VERBOSE1:chrome\enterprise_companion\device_management_storage\dm_storage_win.cc:242] GetDmToken: token not found.
[15932:6964:0611/170212.643:VERBOSE1:chrome\enterprise_companion\device_management_storage\dm_storage_win.cc:40] ReadRegistryString: failed to read registry: Software\Policies\Google\CloudManagement\@EnrollmentToken
[15932:6964:0611/170212.643:VERBOSE1:chrome\enterprise_companion\device_management_storage\dm_storage_win.cc:40] ReadRegistryString: failed to read registry: Software\Policies\Google\Chrome\@CloudManagementEnrollmentToken
[15932:6964:0611/170212.644:VERBOSE1:chrome\enterprise_companion\device_management_storage\dm_storage_win.cc:40] ReadRegistryString: failed to read registry: Software\Google\Update\Clients\{44fc7fe2-65ce-487c-93f4-edee46eeaaab}@CloudManagementEnrollmentToken
[15932:6964:0611/170212.644:VERBOSE1:chrome\enterprise_companion\device_management_storage\dm_storage_win.cc:40] ReadRegistryString: failed to read registry: Software\Google\Update\Clients\{430fd4d0-b729-4f61-aa34-91526481799d}@CloudManagementEnrollmentToken
[15932:232:0611/170212.644:VERBOSE2:chrome\updater\policy\service.cc:182] Device is not CBCM managed, skipped policy fetch.
[15932:232:0611/170212.644:VERBOSE1:chrome\updater\policy\service.cc:207] FetchPoliciesDone: 0
[15932:232:0611/170212.644:VERBOSE1:chrome\updater\policy\service.cc:212] Policies after refresh:
{
  LastCheckPeriod = 270 (Default)
}

[15932:232:0611/170212.786:INFO:chrome\updater\check_for_updates_task.cc:49] Skipping UpdateAll: last update was 180 minutes ago. check_delay == 270
[15932:232:0611/170213.717:VERBOSE1:chrome\updater\update_service_impl_impl.cc:928] ForceInstall
[15932:232:0611/170213.717:INFO:chrome\updater\update_service_impl_impl.cc:884] ForceInstall task complete: 0
[15696:7252:0611/170214.128:VERBOSE2:chrome\updater\ipc\update_service_proxy_win.cc:255] Run
[15696:10956:0611/170214.129:VERBOSE1:chrome\updater\ipc\update_service_proxy_win.cc:1048] ~UpdateServiceProxyImpl
[15696:15264:0611/170214.129:VERBOSE2:chrome\updater\ipc\proxy_impl_base_win.h:62] ~ProxyImplBase
[8532:15716:0611/170214.136:VERBOSE2:chrome\updater\ipc\update_service_internal_proxy_win.cc:65] Run result 0.
[15696:11760:0611/170214.136:VERBOSE2:chrome\updater\app\server\win\com_classes.cc:891] UpdaterInternalImpl::Run. IUpdaterInternalCallback::Run returned 0
[8532:3616:0611/170214.137:VERBOSE1:chrome\updater\ipc\update_service_internal_proxy_win.cc:148] ~UpdateServiceInternalProxyImpl
[8532:512:0611/170214.137:VERBOSE2:chrome\updater\ipc\proxy_impl_base_win.h:62] ~ProxyImplBase
[8532:3616:0611/170214.141:VERBOSE1:chrome\updater\updater.cc:335] UpdaterMain (--wake) returned 0.
[7120:10120:0611/170214.155:VERBOSE1:chrome\updater\updater.cc:335] UpdaterMain (--crash-handler) returned 0.
[15932:232:0611/170224.129:VERBOSE2:chrome\updater\app\app_server_win.cc:252] Stop: COM server is shutting down.
[15932:232:0611/170224.129:VERBOSE2:chrome\updater\app\app_server_win.cc:312] Completed task, Microsoft::WRL::Module count: 0
[15932:6964:0611/170224.130:VERBOSE1:chrome\updater\prefs.cc:235] Prefs committed.
[15932:232:0611/170224.130:VERBOSE1:chrome\updater\prefs.cc:140] ~UpdaterPrefsImpl: C:\Program Files (x86)\Google\GoogleUpdater
[15932:8488:0611/170224.132:VERBOSE1:chrome\updater\updater.cc:335] UpdaterMain (--windows-service) returned 0.
[15512:11584:0611/170224.139:VERBOSE1:chrome\updater\updater.cc:335] UpdaterMain (--crash-handler) returned 0.
[15696:10956:0611/170224.145:VERBOSE2:chrome\updater\app\app_server_win.cc:252] Stop: COM server is shutting down.
[15696:10956:0611/170224.145:VERBOSE2:chrome\updater\app\app_server_win.cc:312] Completed task, Microsoft::WRL::Module count: 0
[15696:11760:0611/170224.146:VERBOSE1:chrome\updater\prefs.cc:235] Prefs committed.
[15696:10956:0611/170224.146:VERBOSE1:chrome\updater\prefs.cc:140] ~UpdaterPrefsImpl: C:\Program Files (x86)\Google\GoogleUpdater\138.0.7194.0
[15696:10268:0611/170224.147:VERBOSE1:chrome\updater\updater.cc:335] UpdaterMain (--windows-service) returned 0.
[2216:3332:0611/170224.156:VERBOSE1:chrome\updater\updater.cc:335] UpdaterMain (--crash-handler) returned 0.
[16048:6716:0611/180211.069:VERBOSE1:chrome\updater\updater.cc:328] Version: 138.0.7194.0, opt, 32 bit (x86), command line: "C:\Program Files (x86)\Google\GoogleUpdater\138.0.7194.0\updater.exe" --wake --system
[16048:6716:0611/180211.069:VERBOSE1:chrome\updater\updater.cc:330] OS version: 10.0.22631.5472, System uptime (seconds): 14480, parent pid: 2044
[9396:11396:0611/180211.218:VERBOSE1:chrome\updater\updater.cc:328] Version: 138.0.7194.0, opt, 32 bit (x86), command line: "C:\Program Files (x86)\Google\GoogleUpdater\138.0.7194.0\updater.exe" --crash-handler --system "--database=C:\Program Files (x86)\Google\GoogleUpdater\138.0.7194.0\Crashpad" --url=https://clients2.google.com/cr/report --annotation=prod=Update4 --annotation=ver=138.0.7194.0 "--attachment=C:\Program Files (x86)\Google\GoogleUpdater\updater.log" --initial-client-data=0x2c8,0x2cc,0x2d0,0x2a4,0x2d4,0x6b29c0,0x6b29cc,0x6b29d8
[9396:11396:0611/180211.218:VERBOSE1:chrome\updater\updater.cc:330] OS version: 10.0.22631.5472, System uptime (seconds): 14480, parent pid: 16048
[16048:6716:0611/180211.221:VERBOSE1:chrome\updater\crash_reporter.cc:120] Crash handler launched and ready.
[16048:6716:0611/180211.222:VERBOSE1:chrome\updater\crash_client.cc:106] Found 0 completed crash reports
[16048:6716:0611/180211.223:VERBOSE1:chrome\updater\crash_client.cc:124] Found 0 pending crash reports
[16048:6716:0611/180211.224:VERBOSE2:chrome\updater\update_usage_stats_task_win.cc:41] usage stats enabled by app {8a69d345-d564-463c-aff1-a69d9e530f96}
[16048:6716:0611/180211.225:VERBOSE1:chrome\updater\updater.cc:90] Crash reporting initialized.
[16048:6716:0611/180211.235:VERBOSE1:chrome\updater\updater.cc:145] IsUserAdmin: 1, IsUserNonElevatedAdmin: 0, IsUACOn: 1, IsElevatedWithUACOn: 1, LUA: 1
[16048:6716:0611/180211.269:VERBOSE1:chrome\updater\ipc\update_service_internal_proxy_win.cc:156] Run
[15684:7636:0611/180211.402:VERBOSE1:chrome\updater\updater.cc:328] Version: 138.0.7194.0, opt, 32 bit (x86), command line: "C:\Program Files (x86)\Google\GoogleUpdater\138.0.7194.0\updater.exe" --system --windows-service --service=update-internal
[15684:7636:0611/180211.402:VERBOSE1:chrome\updater\updater.cc:330] OS version: 10.0.22631.5472, System uptime (seconds): 14480, parent pid: 984
[4084:16024:0611/180211.515:VERBOSE1:chrome\updater\updater.cc:328] Version: 138.0.7194.0, opt, 32 bit (x86), command line: "C:\Program Files (x86)\Google\GoogleUpdater\138.0.7194.0\updater.exe" --crash-handler --system "--database=C:\Program Files (x86)\Google\GoogleUpdater\138.0.7194.0\Crashpad" --url=https://clients2.google.com/cr/report --annotation=prod=Update4 --annotation=ver=138.0.7194.0 "--attachment=C:\Program Files (x86)\Google\GoogleUpdater\updater.log" --initial-client-data=0x2f8,0x2fc,0x300,0x2d4,0x304,0x6b29c0,0x6b29cc,0x6b29d8
[4084:16024:0611/180211.515:VERBOSE1:chrome\updater\updater.cc:330] OS version: 10.0.22631.5472, System uptime (seconds): 14480, parent pid: 15684
[15684:7636:0611/180211.523:VERBOSE1:chrome\updater\crash_reporter.cc:120] Crash handler launched and ready.
[15684:7636:0611/180211.524:VERBOSE1:chrome\updater\crash_client.cc:106] Found 0 completed crash reports
[15684:7636:0611/180211.524:VERBOSE1:chrome\updater\crash_client.cc:124] Found 0 pending crash reports
[15684:7636:0611/180211.525:VERBOSE2:chrome\updater\update_usage_stats_task_win.cc:41] usage stats enabled by app {8a69d345-d564-463c-aff1-a69d9e530f96}
[15684:7636:0611/180211.526:VERBOSE1:chrome\updater\updater.cc:90] Crash reporting initialized.
[15684:7636:0611/180211.529:VERBOSE1:chrome\updater\updater.cc:145] IsUserAdmin: 1, IsUserNonElevatedAdmin: 0, IsUACOn: 1, IsElevatedWithUACOn: 1, LUA: 1
[15684:1544:0611/180211.561:VERBOSE2:chrome\updater\app\server\win\updater_service_delegate.cc:60] Running COM server within the Windows Service
[15684:1544:0611/180211.561:VERBOSE2:chrome\updater\app\app_server.cc:57] ModeCheck
[15684:1544:0611/180211.561:VERBOSE2:chrome\updater\prefs.cc:89] CreateGlobalPrefsInternal
[15684:1544:0611/180211.567:VERBOSE1:chrome\updater\prefs.cc:135] UpdaterPrefsImpl (global): C:\Program Files (x86)\Google\GoogleUpdater
[15684:1544:0611/180211.567:VERBOSE2:chrome\updater\app\app_server.cc:70] This version: 138.0.7194.0, active version: 138.0.7194.0
[15684:1544:0611/180211.567:VERBOSE1:chrome\updater\win\setup\setup_util.cc:263] AreComInterfacesPresent: scope: System: is_internal: 1
[15684:1544:0611/180211.569:VERBOSE2:chrome\updater\win\setup\setup_util.cc:284] AreComInterfacesPresent: all interfaces present
[15684:1544:0611/180211.569:VERBOSE2:chrome\updater\prefs.cc:208] CreateLocalPrefs
[15684:1544:0611/180211.569:VERBOSE1:chrome\updater\prefs.cc:135] UpdaterPrefsImpl (local): C:\Program Files (x86)\Google\GoogleUpdater\138.0.7194.0
[15684:1544:0611/180211.570:VERBOSE1:chrome\updater\prefs.cc:140] ~UpdaterPrefsImpl: C:\Program Files (x86)\Google\GoogleUpdater
[15684:1544:0611/180211.616:VERBOSE2:chrome\updater\app\app_server_win.cc:300] Starting task, Microsoft::WRL::Module count: 2
[15684:1544:0611/180211.616:VERBOSE1:chrome\updater\update_service_internal_impl.cc:25] Run
[15684:1544:0611/180211.617:VERBOSE1:chrome\updater\ipc\update_service_proxy_win.cc:1090] RunPeriodicTasks
[10124:4332:0611/180211.719:VERBOSE1:chrome\updater\updater.cc:328] Version: 138.0.7194.0, opt, 32 bit (x86), command line: "C:\Program Files (x86)\Google\GoogleUpdater\138.0.7194.0\updater.exe" --system --windows-service --service=update
[10124:4332:0611/180211.719:VERBOSE1:chrome\updater\updater.cc:330] OS version: 10.0.22631.5472, System uptime (seconds): 14481, parent pid: 984
[6852:9704:0611/180211.810:VERBOSE1:chrome\updater\updater.cc:328] Version: 138.0.7194.0, opt, 32 bit (x86), command line: "C:\Program Files (x86)\Google\GoogleUpdater\138.0.7194.0\updater.exe" --crash-handler --system "--database=C:\Program Files (x86)\Google\GoogleUpdater\138.0.7194.0\Crashpad" --url=https://clients2.google.com/cr/report --annotation=prod=Update4 --annotation=ver=138.0.7194.0 "--attachment=C:\Program Files (x86)\Google\GoogleUpdater\updater.log" --initial-client-data=0x2d0,0x2d4,0x2d8,0x2ac,0x2dc,0x6b29c0,0x6b29cc,0x6b29d8
[6852:9704:0611/180211.810:VERBOSE1:chrome\updater\updater.cc:330] OS version: 10.0.22631.5472, System uptime (seconds): 14481, parent pid: 10124
[10124:4332:0611/180211.817:VERBOSE1:chrome\updater\crash_reporter.cc:120] Crash handler launched and ready.
[10124:4332:0611/180211.818:VERBOSE1:chrome\updater\crash_client.cc:106] Found 0 completed crash reports
[10124:4332:0611/180211.819:VERBOSE1:chrome\updater\crash_client.cc:124] Found 0 pending crash reports
[10124:4332:0611/180211.819:VERBOSE2:chrome\updater\update_usage_stats_task_win.cc:41] usage stats enabled by app {8a69d345-d564-463c-aff1-a69d9e530f96}
[10124:4332:0611/180211.821:VERBOSE1:chrome\updater\updater.cc:90] Crash reporting initialized.
[10124:4332:0611/180211.824:VERBOSE1:chrome\updater\updater.cc:145] IsUserAdmin: 1, IsUserNonElevatedAdmin: 0, IsUACOn: 1, IsElevatedWithUACOn: 1, LUA: 1
[10124:1772:0611/180211.854:VERBOSE2:chrome\updater\app\server\win\updater_service_delegate.cc:60] Running COM server within the Windows Service
[10124:1772:0611/180211.854:VERBOSE2:chrome\updater\app\app_server.cc:57] ModeCheck
[10124:1772:0611/180211.854:VERBOSE2:chrome\updater\prefs.cc:89] CreateGlobalPrefsInternal
[10124:1772:0611/180211.855:VERBOSE1:chrome\updater\prefs.cc:135] UpdaterPrefsImpl (global): C:\Program Files (x86)\Google\GoogleUpdater
[10124:1772:0611/180211.856:VERBOSE2:chrome\updater\app\app_server.cc:70] This version: 138.0.7194.0, active version: 138.0.7194.0
[10124:1772:0611/180211.856:VERBOSE1:chrome\updater\win\setup\setup_util.cc:263] AreComInterfacesPresent: scope: System: is_internal: 0
[10124:1772:0611/180211.887:VERBOSE2:chrome\updater\win\setup\setup_util.cc:284] AreComInterfacesPresent: all interfaces present
[10124:1772:0611/180211.888:VERBOSE2:chrome\updater\prefs.cc:208] CreateLocalPrefs
[10124:1772:0611/180211.888:VERBOSE1:chrome\updater\prefs.cc:135] UpdaterPrefsImpl (local): C:\Program Files (x86)\Google\GoogleUpdater\138.0.7194.0
[10124:1772:0611/180211.889:VERBOSE1:chrome\enterprise_companion\device_management_storage\dm_storage_win.cc:242] GetDmToken: token not found.
[10124:1772:0611/180211.889:VERBOSE1:chrome\enterprise_companion\device_management_storage\dm_storage.cc:218] No valid DM token.
[10124:1772:0611/180211.916:VERBOSE1:chrome\updater\policy\service.cc:146] Current effective policies:
{
  LastCheckPeriod = 270 (Default)
}

[10124:1772:0611/180211.916:VERBOSE1:chrome\updater\prefs.cc:140] ~UpdaterPrefsImpl: C:\Program Files (x86)\Google\GoogleUpdater\138.0.7194.0
[10124:1772:0611/180211.972:VERBOSE2:chrome\updater\app\app_server_win.cc:300] Starting task, Microsoft::WRL::Module count: 2
[10124:1772:0611/180211.972:VERBOSE2:chrome\updater\util\win_util.cc:1433] OemInstallTime not found
[10124:1772:0611/180211.972:VERBOSE1:chrome\updater\update_service_impl_impl.cc:820] RunPeriodicTasks
[10124:1772:0611/180211.972:VERBOSE1:chrome\updater\update_service_impl_impl.cc:825] last_started updated.
[10124:1772:0611/180212.590:VERBOSE2:chrome\updater\util\win_util.cc:1239] Cohort values: 1:gu/32zf:32zx@0.5, 137.0.7151.103 Rollout, 
[10124:5168:0611/180213.007:VERBOSE2:chrome\updater\update_usage_stats_task_win.cc:41] usage stats enabled by app {8a69d345-d564-463c-aff1-a69d9e530f96}
[10124:1772:0611/180213.883:VERBOSE1:chrome\updater\update_service_impl_impl.cc:713] FetchPolicies
[10124:5168:0611/180213.883:VERBOSE1:chrome\enterprise_companion\device_management_storage\dm_storage_win.cc:242] GetDmToken: token not found.
[10124:5168:0611/180213.884:VERBOSE1:chrome\enterprise_companion\device_management_storage\dm_storage_win.cc:40] ReadRegistryString: failed to read registry: Software\Policies\Google\CloudManagement\@EnrollmentToken
[10124:5168:0611/180213.884:VERBOSE1:chrome\enterprise_companion\device_management_storage\dm_storage_win.cc:40] ReadRegistryString: failed to read registry: Software\Policies\Google\Chrome\@CloudManagementEnrollmentToken
[10124:5168:0611/180213.884:VERBOSE1:chrome\enterprise_companion\device_management_storage\dm_storage_win.cc:40] ReadRegistryString: failed to read registry: Software\Google\Update\Clients\{44fc7fe2-65ce-487c-93f4-edee46eeaaab}@CloudManagementEnrollmentToken
[10124:5168:0611/180213.884:VERBOSE1:chrome\enterprise_companion\device_management_storage\dm_storage_win.cc:40] ReadRegistryString: failed to read registry: Software\Google\Update\Clients\{430fd4d0-b729-4f61-aa34-91526481799d}@CloudManagementEnrollmentToken
[10124:1772:0611/180213.885:VERBOSE2:chrome\updater\policy\service.cc:182] Device is not CBCM managed, skipped policy fetch.
[10124:1772:0611/180213.885:VERBOSE1:chrome\updater\policy\service.cc:207] FetchPoliciesDone: 0
[10124:1772:0611/180213.885:VERBOSE1:chrome\updater\policy\service.cc:212] Policies after refresh:
{
  LastCheckPeriod = 270 (Default)
}

[10124:1772:0611/180214.591:INFO:chrome\updater\check_for_updates_task.cc:49] Skipping UpdateAll: last update was 240 minutes ago. check_delay == 270
[10124:1772:0611/180214.917:VERBOSE1:chrome\updater\update_service_impl_impl.cc:928] ForceInstall
[10124:1772:0611/180214.917:INFO:chrome\updater\update_service_impl_impl.cc:884] ForceInstall task complete: 0
[15684:5512:0611/180216.590:VERBOSE2:chrome\updater\ipc\update_service_proxy_win.cc:255] Run
[15684:1544:0611/180216.590:VERBOSE1:chrome\updater\ipc\update_service_proxy_win.cc:1048] ~UpdateServiceProxyImpl
[15684:4964:0611/180216.592:VERBOSE2:chrome\updater\ipc\proxy_impl_base_win.h:62] ~ProxyImplBase
[16048:10024:0611/180216.598:VERBOSE2:chrome\updater\ipc\update_service_internal_proxy_win.cc:65] Run result 0.
[15684:3316:0611/180216.598:VERBOSE2:chrome\updater\app\server\win\com_classes.cc:891] UpdaterInternalImpl::Run. IUpdaterInternalCallback::Run returned 0
[16048:6716:0611/180216.740:VERBOSE1:chrome\updater\ipc\update_service_internal_proxy_win.cc:148] ~UpdateServiceInternalProxyImpl
[16048:16204:0611/180216.740:VERBOSE2:chrome\updater\ipc\proxy_impl_base_win.h:62] ~ProxyImplBase
[16048:6716:0611/180216.752:VERBOSE1:chrome\updater\updater.cc:335] UpdaterMain (--wake) returned 0.
[9396:11396:0611/180216.767:VERBOSE1:chrome\updater\updater.cc:335] UpdaterMain (--crash-handler) returned 0.
[15684:1544:0611/180226.591:VERBOSE2:chrome\updater\app\app_server_win.cc:252] Stop: COM server is shutting down.
[10124:1772:0611/180226.591:VERBOSE2:chrome\updater\app\app_server_win.cc:252] Stop: COM server is shutting down.
[15684:1544:0611/180226.592:VERBOSE2:chrome\updater\app\app_server_win.cc:312] Completed task, Microsoft::WRL::Module count: 0
[15684:3316:0611/180226.592:VERBOSE1:chrome\updater\prefs.cc:235] Prefs committed.
[10124:1772:0611/180226.592:VERBOSE2:chrome\updater\app\app_server_win.cc:312] Completed task, Microsoft::WRL::Module count: 0
[15684:1544:0611/180226.592:VERBOSE1:chrome\updater\prefs.cc:140] ~UpdaterPrefsImpl: C:\Program Files (x86)\Google\GoogleUpdater\138.0.7194.0
[10124:5168:0611/180226.592:VERBOSE1:chrome\updater\prefs.cc:235] Prefs committed.
[10124:1772:0611/180226.592:VERBOSE1:chrome\updater\prefs.cc:140] ~UpdaterPrefsImpl: C:\Program Files (x86)\Google\GoogleUpdater
[10124:4332:0611/180226.595:VERBOSE1:chrome\updater\updater.cc:335] UpdaterMain (--windows-service) returned 0.
[15684:7636:0611/180226.598:VERBOSE1:chrome\updater\updater.cc:335] UpdaterMain (--windows-service) returned 0.
[6852:9704:0611/180226.606:VERBOSE1:chrome\updater\updater.cc:335] UpdaterMain (--crash-handler) returned 0.
[4084:16024:0611/180226.606:VERBOSE1:chrome\updater\updater.cc:335] UpdaterMain (--crash-handler) returned 0.
[1576:13560:0611/190210.811:VERBOSE1:chrome\updater\updater.cc:328] Version: 138.0.7194.0, opt, 32 bit (x86), command line: "C:\Program Files (x86)\Google\GoogleUpdater\138.0.7194.0\updater.exe" --wake --system
[1576:13560:0611/190210.811:VERBOSE1:chrome\updater\updater.cc:330] OS version: 10.0.22631.5472, System uptime (seconds): 18080, parent pid: 2044
[5824:9884:0611/190210.861:VERBOSE1:chrome\updater\updater.cc:328] Version: 138.0.7194.0, opt, 32 bit (x86), command line: "C:\Program Files (x86)\Google\GoogleUpdater\138.0.7194.0\updater.exe" --crash-handler --system "--database=C:\Program Files (x86)\Google\GoogleUpdater\138.0.7194.0\Crashpad" --url=https://clients2.google.com/cr/report --annotation=prod=Update4 --annotation=ver=138.0.7194.0 "--attachment=C:\Program Files (x86)\Google\GoogleUpdater\updater.log" --initial-client-data=0x2c8,0x2cc,0x2d0,0x2a4,0x2d4,0x6b29c0,0x6b29cc,0x6b29d8
[5824:9884:0611/190210.861:VERBOSE1:chrome\updater\updater.cc:330] OS version: 10.0.22631.5472, System uptime (seconds): 18080, parent pid: 1576
[1576:13560:0611/190210.863:VERBOSE1:chrome\updater\crash_reporter.cc:120] Crash handler launched and ready.
[1576:13560:0611/190210.864:VERBOSE1:chrome\updater\crash_client.cc:106] Found 0 completed crash reports
[1576:13560:0611/190210.864:VERBOSE1:chrome\updater\crash_client.cc:124] Found 0 pending crash reports
[1576:13560:0611/190210.865:VERBOSE2:chrome\updater\update_usage_stats_task_win.cc:41] usage stats enabled by app {8a69d345-d564-463c-aff1-a69d9e530f96}
[1576:13560:0611/190210.866:VERBOSE1:chrome\updater\updater.cc:90] Crash reporting initialized.
[1576:13560:0611/190210.868:VERBOSE1:chrome\updater\updater.cc:145] IsUserAdmin: 1, IsUserNonElevatedAdmin: 0, IsUACOn: 1, IsElevatedWithUACOn: 1, LUA: 1
[1576:13560:0611/190210.884:VERBOSE1:chrome\updater\ipc\update_service_internal_proxy_win.cc:156] Run
[15504:13708:0611/190210.950:VERBOSE1:chrome\updater\updater.cc:328] Version: 138.0.7194.0, opt, 32 bit (x86), command line: "C:\Program Files (x86)\Google\GoogleUpdater\138.0.7194.0\updater.exe" --system --windows-service --service=update-internal
[15504:13708:0611/190210.950:VERBOSE1:chrome\updater\updater.cc:330] OS version: 10.0.22631.5472, System uptime (seconds): 18080, parent pid: 984
[12936:16252:0611/190211.003:VERBOSE1:chrome\updater\updater.cc:328] Version: 138.0.7194.0, opt, 32 bit (x86), command line: "C:\Program Files (x86)\Google\GoogleUpdater\138.0.7194.0\updater.exe" --crash-handler --system "--database=C:\Program Files (x86)\Google\GoogleUpdater\138.0.7194.0\Crashpad" --url=https://clients2.google.com/cr/report --annotation=prod=Update4 --annotation=ver=138.0.7194.0 "--attachment=C:\Program Files (x86)\Google\GoogleUpdater\updater.log" --initial-client-data=0x2c8,0x2cc,0x2d0,0x2a4,0x2d4,0x6b29c0,0x6b29cc,0x6b29d8
[12936:16252:0611/190211.003:VERBOSE1:chrome\updater\updater.cc:330] OS version: 10.0.22631.5472, System uptime (seconds): 18080, parent pid: 15504
[15504:13708:0611/190211.007:VERBOSE1:chrome\updater\crash_reporter.cc:120] Crash handler launched and ready.
[15504:13708:0611/190211.007:VERBOSE1:chrome\updater\crash_client.cc:106] Found 0 completed crash reports
[15504:13708:0611/190211.008:VERBOSE1:chrome\updater\crash_client.cc:124] Found 0 pending crash reports
[15504:13708:0611/190211.008:VERBOSE2:chrome\updater\update_usage_stats_task_win.cc:41] usage stats enabled by app {8a69d345-d564-463c-aff1-a69d9e530f96}
[15504:13708:0611/190211.009:VERBOSE1:chrome\updater\updater.cc:90] Crash reporting initialized.
[15504:13708:0611/190211.011:VERBOSE1:chrome\updater\updater.cc:145] IsUserAdmin: 1, IsUserNonElevatedAdmin: 0, IsUACOn: 1, IsElevatedWithUACOn: 1, LUA: 1
[15504:7324:0611/190211.030:VERBOSE2:chrome\updater\app\server\win\updater_service_delegate.cc:60] Running COM server within the Windows Service
[15504:7324:0611/190211.030:VERBOSE2:chrome\updater\app\app_server.cc:57] ModeCheck
[15504:7324:0611/190211.030:VERBOSE2:chrome\updater\prefs.cc:89] CreateGlobalPrefsInternal
[15504:7324:0611/190211.031:VERBOSE1:chrome\updater\prefs.cc:135] UpdaterPrefsImpl (global): C:\Program Files (x86)\Google\GoogleUpdater
[15504:7324:0611/190211.031:VERBOSE2:chrome\updater\app\app_server.cc:70] This version: 138.0.7194.0, active version: 138.0.7194.0
[15504:7324:0611/190211.031:VERBOSE1:chrome\updater\win\setup\setup_util.cc:263] AreComInterfacesPresent: scope: System: is_internal: 1
[15504:7324:0611/190211.032:VERBOSE2:chrome\updater\win\setup\setup_util.cc:284] AreComInterfacesPresent: all interfaces present
[15504:7324:0611/190211.032:VERBOSE2:chrome\updater\prefs.cc:208] CreateLocalPrefs
[15504:7324:0611/190211.032:VERBOSE1:chrome\updater\prefs.cc:135] UpdaterPrefsImpl (local): C:\Program Files (x86)\Google\GoogleUpdater\138.0.7194.0
[15504:7324:0611/190211.032:VERBOSE1:chrome\updater\prefs.cc:140] ~UpdaterPrefsImpl: C:\Program Files (x86)\Google\GoogleUpdater
[15504:7324:0611/190211.056:VERBOSE2:chrome\updater\app\app_server_win.cc:300] Starting task, Microsoft::WRL::Module count: 2
[15504:7324:0611/190211.056:VERBOSE1:chrome\updater\update_service_internal_impl.cc:25] Run
[15504:7324:0611/190211.056:VERBOSE1:chrome\updater\ipc\update_service_proxy_win.cc:1090] RunPeriodicTasks
[15424:14316:0611/190211.120:VERBOSE1:chrome\updater\updater.cc:328] Version: 138.0.7194.0, opt, 32 bit (x86), command line: "C:\Program Files (x86)\Google\GoogleUpdater\138.0.7194.0\updater.exe" --system --windows-service --service=update
[15424:14316:0611/190211.120:VERBOSE1:chrome\updater\updater.cc:330] OS version: 10.0.22631.5472, System uptime (seconds): 18080, parent pid: 984
[13116:11788:0611/190211.183:VERBOSE1:chrome\updater\updater.cc:328] Version: 138.0.7194.0, opt, 32 bit (x86), command line: "C:\Program Files (x86)\Google\GoogleUpdater\138.0.7194.0\updater.exe" --crash-handler --system "--database=C:\Program Files (x86)\Google\GoogleUpdater\138.0.7194.0\Crashpad" --url=https://clients2.google.com/cr/report --annotation=prod=Update4 --annotation=ver=138.0.7194.0 "--attachment=C:\Program Files (x86)\Google\GoogleUpdater\updater.log" --initial-client-data=0x2c8,0x2cc,0x2d0,0x2a4,0x2d4,0x6b29c0,0x6b29cc,0x6b29d8
[13116:11788:0611/190211.183:VERBOSE1:chrome\updater\updater.cc:330] OS version: 10.0.22631.5472, System uptime (seconds): 18080, parent pid: 15424
[15424:14316:0611/190211.185:VERBOSE1:chrome\updater\crash_reporter.cc:120] Crash handler launched and ready.
[15424:14316:0611/190211.186:VERBOSE1:chrome\updater\crash_client.cc:106] Found 0 completed crash reports
[15424:14316:0611/190211.186:VERBOSE1:chrome\updater\crash_client.cc:124] Found 0 pending crash reports
[15424:14316:0611/190211.186:VERBOSE2:chrome\updater\update_usage_stats_task_win.cc:41] usage stats enabled by app {8a69d345-d564-463c-aff1-a69d9e530f96}
[15424:14316:0611/190211.187:VERBOSE1:chrome\updater\updater.cc:90] Crash reporting initialized.
[15424:14316:0611/190211.189:VERBOSE1:chrome\updater\updater.cc:145] IsUserAdmin: 1, IsUserNonElevatedAdmin: 0, IsUACOn: 1, IsElevatedWithUACOn: 1, LUA: 1
[15424:3132:0611/190211.210:VERBOSE2:chrome\updater\app\server\win\updater_service_delegate.cc:60] Running COM server within the Windows Service
[15424:3132:0611/190211.210:VERBOSE2:chrome\updater\app\app_server.cc:57] ModeCheck
[15424:3132:0611/190211.210:VERBOSE2:chrome\updater\prefs.cc:89] CreateGlobalPrefsInternal
[15424:3132:0611/190211.211:VERBOSE1:chrome\updater\prefs.cc:135] UpdaterPrefsImpl (global): C:\Program Files (x86)\Google\GoogleUpdater
[15424:3132:0611/190211.211:VERBOSE2:chrome\updater\app\app_server.cc:70] This version: 138.0.7194.0, active version: 138.0.7194.0
[15424:3132:0611/190211.211:VERBOSE1:chrome\updater\win\setup\setup_util.cc:263] AreComInterfacesPresent: scope: System: is_internal: 0
[15424:3132:0611/190211.225:VERBOSE2:chrome\updater\win\setup\setup_util.cc:284] AreComInterfacesPresent: all interfaces present
[15424:3132:0611/190211.225:VERBOSE2:chrome\updater\prefs.cc:208] CreateLocalPrefs
[15424:3132:0611/190211.225:VERBOSE1:chrome\updater\prefs.cc:135] UpdaterPrefsImpl (local): C:\Program Files (x86)\Google\GoogleUpdater\138.0.7194.0
[15424:3132:0611/190211.226:VERBOSE1:chrome\enterprise_companion\device_management_storage\dm_storage_win.cc:242] GetDmToken: token not found.
[15424:3132:0611/190211.226:VERBOSE1:chrome\enterprise_companion\device_management_storage\dm_storage.cc:218] No valid DM token.
[15424:3132:0611/190211.241:VERBOSE1:chrome\updater\policy\service.cc:146] Current effective policies:
{
  LastCheckPeriod = 270 (Default)
}

[15424:3132:0611/190211.241:VERBOSE1:chrome\updater\prefs.cc:140] ~UpdaterPrefsImpl: C:\Program Files (x86)\Google\GoogleUpdater\138.0.7194.0
[15424:3132:0611/190211.267:VERBOSE2:chrome\updater\app\app_server_win.cc:300] Starting task, Microsoft::WRL::Module count: 2
[15424:3132:0611/190211.268:VERBOSE2:chrome\updater\util\win_util.cc:1433] OemInstallTime not found
[15424:3132:0611/190211.268:VERBOSE1:chrome\updater\update_service_impl_impl.cc:820] RunPeriodicTasks
[15424:3132:0611/190211.268:VERBOSE1:chrome\updater\update_service_impl_impl.cc:825] last_started updated.
[15424:3132:0611/190212.228:VERBOSE2:chrome\updater\util\win_util.cc:1239] Cohort values: 1:gu/32zf:32zx@0.5, 137.0.7151.103 Rollout, 
[15424:15124:0611/190212.696:VERBOSE2:chrome\updater\update_usage_stats_task_win.cc:41] usage stats enabled by app {8a69d345-d564-463c-aff1-a69d9e530f96}
[15424:3132:0611/190213.798:VERBOSE1:chrome\updater\update_service_impl_impl.cc:713] FetchPolicies
[15424:15124:0611/190213.798:VERBOSE1:chrome\enterprise_companion\device_management_storage\dm_storage_win.cc:242] GetDmToken: token not found.
[15424:15124:0611/190213.798:VERBOSE1:chrome\enterprise_companion\device_management_storage\dm_storage_win.cc:40] ReadRegistryString: failed to read registry: Software\Policies\Google\CloudManagement\@EnrollmentToken
[15424:15124:0611/190213.798:VERBOSE1:chrome\enterprise_companion\device_management_storage\dm_storage_win.cc:40] ReadRegistryString: failed to read registry: Software\Policies\Google\Chrome\@CloudManagementEnrollmentToken
[15424:15124:0611/190213.798:VERBOSE1:chrome\enterprise_companion\device_management_storage\dm_storage_win.cc:40] ReadRegistryString: failed to read registry: Software\Google\Update\Clients\{44fc7fe2-65ce-487c-93f4-edee46eeaaab}@CloudManagementEnrollmentToken
[15424:15124:0611/190213.798:VERBOSE1:chrome\enterprise_companion\device_management_storage\dm_storage_win.cc:40] ReadRegistryString: failed to read registry: Software\Google\Update\Clients\{430fd4d0-b729-4f61-aa34-91526481799d}@CloudManagementEnrollmentToken
[15424:3132:0611/190213.799:VERBOSE2:chrome\updater\policy\service.cc:182] Device is not CBCM managed, skipped policy fetch.
[15424:3132:0611/190213.799:VERBOSE1:chrome\updater\policy\service.cc:207] FetchPoliciesDone: 0
[15424:3132:0611/190213.799:VERBOSE1:chrome\updater\policy\service.cc:212] Policies after refresh:
{
  LastCheckPeriod = 270 (Default)
}

[15424:3132:0611/190214.728:VERBOSE1:chrome\updater\update_service_impl_impl.cc:1083] UpdateAll
[15424:3132:0611/190214.728:VERBOSE1:chrome\updater\update_service_impl_impl.cc:128] GetComponents. Same version update: not allowed
[15424:3132:0611/190214.731:VERBOSE1:chrome\updater\installer.cc:134] MakeCrxComponentFromAppInfo for {44fc7fe2-65ce-487c-93f4-edee46eeaaab}
[15424:3132:0611/190214.731:VERBOSE1:chrome\updater\installer.cc:134] MakeCrxComponentFromAppInfo for {8a69d345-d564-463c-aff1-a69d9e530f96}
[15424:3132:0611/190214.741:VERBOSE1:chrome\updater\net\network_fetcher_win.cc:54] Using the system configuration for proxy.
[15424:3132:0611/190214.763:VERBOSE2:chrome\updater\net\network_fetcher_win.cc:203] Impl: Successfully got logged on user token. Impersonate result: 0
[15424:3132:0611/190214.781:VERBOSE2:components\update_client\request_sender.cc:95] url: https://update.googleapis.com/service/update2/json
[15424:3132:0611/190214.782:VERBOSE2:components\update_client\request_sender.cc:104] Sending Omaha request: {"request":{"@os":"win","@updater":"updater","acceptformat":"crx3,download,puff,run,xz,zucc","apps":[{"appid":"{44fc7fe2-65ce-487c-93f4-edee46eeaaab}","cohort":"1:scr:","cohortname":"Everyone","enabled":true,"installdate":6735,"ping":{"ping_freshness":"{5c33c3db-334a-4e40-a211-97cc78942245}","rd":6736},"updatecheck":{},"version":"138.0.7194.0"},{"ap":"x64-statsdef_1","appid":"{8a69d345-d564-463c-aff1-a69d9e530f96}","brand":"ONGR","cached_items":[{"sha256":"a017a3bf1dbaf31d3ae7114cc3cf1767b0ef199ff6dd08303e54083f7a9f5048"}],"cohort":"1:gu/32zf:32zx@0.5","cohortname":"137.0.7151.103 Rollout","enabled":true,"installdate":6735,"lang":"en","ping":{"ad":6736,"ping_freshness":"{3c45eb10-4dc6-4a73-824d-9e9e6c1ad134}","rd":6736},"updatecheck":{},"version":"137.0.7151.104"}],"arch":"x86","dedup":"cr","domainjoined":false,"hw":{"avx":false,"physmemory":16,"sse":true,"sse2":true,"sse3":true,"sse41":true,"sse42":true,"ssse3":true},"ismachine":true,"nacl_arch":"x86-64","os":{"arch":"x86_64","platform":"Windows","version":"10.0.22631.5472"},"prodversion":"138.0.7194.0","protocol":"4.0","requestid":"{7fe1ce8a-dc71-45c6-8fd1-fa291bb2e2a5}","sessionid":"{5cd60553-bf42-4ee8-b059-fb7e479b6c60}","updaterversion":"138.0.7194.0","wow64":true}}
[15424:3132:0611/190214.782:VERBOSE2:chrome\updater\net\network_fetcher_win.cc:123] PostRequest
[15424:15124:0611/190214.782:VERBOSE1:components\winhttp\proxy_configuration.cc:123] Auto-proxy: winhttp uses the user settings for proxy.
[15424:10108:0611/190214.793:VERBOSE1:components\winhttp\network_fetcher.cc:526] hostname: update.googleapis.com
[15424:12496:0611/190214.840:VERBOSE1:components\winhttp\network_fetcher.cc:535] ip: [2607:f8b0:4006:817::2003]
[15424:3132:0611/190215.065:VERBOSE2:chrome\updater\net\network_fetcher_win.cc:151] PostRequestComplete: response code=200
[15424:3132:0611/190215.065:VERBOSE1:components\update_client\request_sender.cc:188] Request completed from url: https://update.googleapis.com/service/update2/json?cup2key=15:Cybb2tPBYMXtopctQsjZMBk1YE4N0-aoJgmqBAwXcTY&cup2hreq=5bb6163b9b681dafa4ec54e08224a1cf8e00672e38b0372d58e44f50cc406041
[15424:3132:0611/190215.065:VERBOSE2:components\update_client\request_sender.cc:136] Omaha response received: )]}'
{"response":{"server":"prod","protocol":"4.0","daystart":{"elapsed_seconds":57742,"elapsed_days":6736},"apps":[{"appid":"{44fc7fe2-65ce-487c-93f4-edee46eeaaab}","cohort":"1:scr:","status":"ok","cohortname":"Everyone","ping":{"status":"ok"},"updatecheck":{"status":"noupdate"}},{"appid":"{8a69d345-d564-463c-aff1-a69d9e530f96}","cohort":"1:gu/32zf:32zx@0.5","status":"ok","cohortname":"137.0.7151.103 Rollout","ping":{"status":"ok"},"updatecheck":{"status":"noupdate"}}]}}
[15424:3132:0611/190215.081:VERBOSE1:chrome\updater\update_service_impl_impl.cc:1106] last_checked updated.
[15424:3132:0611/190215.081:INFO:chrome\updater\check_for_updates_task.cc:88] UpdateAll task complete: 0
[15424:3132:0611/190215.954:VERBOSE1:chrome\updater\update_service_impl_impl.cc:928] ForceInstall
[15424:3132:0611/190215.954:INFO:chrome\updater\update_service_impl_impl.cc:884] ForceInstall task complete: 0
[15504:15104:0611/190216.843:VERBOSE2:chrome\updater\ipc\update_service_proxy_win.cc:255] Run
[15504:7324:0611/190216.843:VERBOSE1:chrome\updater\ipc\update_service_proxy_win.cc:1048] ~UpdateServiceProxyImpl
[15504:11584:0611/190216.844:VERBOSE2:chrome\updater\ipc\proxy_impl_base_win.h:62] ~ProxyImplBase
[1576:10860:0611/190216.846:VERBOSE2:chrome\updater\ipc\update_service_internal_proxy_win.cc:65] Run result 0.
[15504:10948:0611/190216.846:VERBOSE2:chrome\updater\app\server\win\com_classes.cc:891] UpdaterInternalImpl::Run. IUpdaterInternalCallback::Run returned 0
[1576:13560:0611/190216.846:VERBOSE1:chrome\updater\ipc\update_service_internal_proxy_win.cc:148] ~UpdateServiceInternalProxyImpl
[1576:11136:0611/190216.846:VERBOSE2:chrome\updater\ipc\proxy_impl_base_win.h:62] ~ProxyImplBase
[1576:13560:0611/190216.848:VERBOSE1:chrome\updater\updater.cc:335] UpdaterMain (--wake) returned 0.
[5824:9884:0611/190216.855:VERBOSE1:chrome\updater\updater.cc:335] UpdaterMain (--crash-handler) returned 0.
[15424:3132:0611/190226.843:VERBOSE2:chrome\updater\app\app_server_win.cc:252] Stop: COM server is shutting down.
[15504:7324:0611/190226.843:VERBOSE2:chrome\updater\app\app_server_win.cc:252] Stop: COM server is shutting down.
[15504:7324:0611/190226.843:VERBOSE2:chrome\updater\app\app_server_win.cc:312] Completed task, Microsoft::WRL::Module count: 0
[15504:10948:0611/190226.843:VERBOSE1:chrome\updater\prefs.cc:235] Prefs committed.
[15424:3132:0611/190226.843:VERBOSE2:chrome\updater\app\app_server_win.cc:312] Completed task, Microsoft::WRL::Module count: 0
[15504:7324:0611/190226.843:VERBOSE1:chrome\updater\prefs.cc:140] ~UpdaterPrefsImpl: C:\Program Files (x86)\Google\GoogleUpdater\138.0.7194.0
[15424:15124:0611/190226.843:VERBOSE1:chrome\updater\prefs.cc:235] Prefs committed.
[15424:3132:0611/190226.845:VERBOSE1:chrome\updater\prefs.cc:140] ~UpdaterPrefsImpl: C:\Program Files (x86)\Google\GoogleUpdater
[15504:13708:0611/190226.846:VERBOSE1:chrome\updater\updater.cc:335] UpdaterMain (--windows-service) returned 0.
[15424:14316:0611/190226.847:VERBOSE1:chrome\updater\updater.cc:335] UpdaterMain (--windows-service) returned 0.
[12936:16252:0611/190226.852:VERBOSE1:chrome\updater\updater.cc:335] UpdaterMain (--crash-handler) returned 0.
[13116:11788:0611/190226.856:VERBOSE1:chrome\updater\updater.cc:335] UpdaterMain (--crash-handler) returned 0.
[4968:2352:0611/191505.572:VERBOSE1:chrome\updater\updater.cc:328] Version: 138.0.7194.0, opt, 32 bit (x86), command line: "C:\Program Files (x86)\Google\GoogleUpdater\138.0.7194.0\updater.exe" --system --windows-service --service=update
[4968:2352:0611/191505.572:VERBOSE1:chrome\updater\updater.cc:330] OS version: 10.0.22631.5472, System uptime (seconds): 18854, parent pid: 984
[8472:15968:0611/191505.619:VERBOSE1:chrome\updater\updater.cc:328] Version: 138.0.7194.0, opt, 32 bit (x86), command line: "C:\Program Files (x86)\Google\GoogleUpdater\138.0.7194.0\updater.exe" --crash-handler --system "--database=C:\Program Files (x86)\Google\GoogleUpdater\138.0.7194.0\Crashpad" --url=https://clients2.google.com/cr/report --annotation=prod=Update4 --annotation=ver=138.0.7194.0 "--attachment=C:\Program Files (x86)\Google\GoogleUpdater\updater.log" --initial-client-data=0x2c8,0x2cc,0x2d0,0x2a4,0x2d4,0x6b29c0,0x6b29cc,0x6b29d8
[8472:15968:0611/191505.619:VERBOSE1:chrome\updater\updater.cc:330] OS version: 10.0.22631.5472, System uptime (seconds): 18854, parent pid: 4968
[4968:2352:0611/191505.619:VERBOSE1:chrome\updater\crash_reporter.cc:120] Crash handler launched and ready.
[4968:2352:0611/191505.619:VERBOSE1:chrome\updater\crash_client.cc:106] Found 0 completed crash reports
[4968:2352:0611/191505.619:VERBOSE1:chrome\updater\crash_client.cc:124] Found 0 pending crash reports
[4968:2352:0611/191505.619:VERBOSE2:chrome\updater\update_usage_stats_task_win.cc:41] usage stats enabled by app {8a69d345-d564-463c-aff1-a69d9e530f96}
[4968:2352:0611/191505.619:VERBOSE1:chrome\updater\updater.cc:90] Crash reporting initialized.
[4968:2352:0611/191505.619:VERBOSE1:chrome\updater\updater.cc:145] IsUserAdmin: 1, IsUserNonElevatedAdmin: 0, IsUACOn: 1, IsElevatedWithUACOn: 1, LUA: 1
[4968:13356:0611/191505.650:VERBOSE2:chrome\updater\app\server\win\updater_service_delegate.cc:60] Running COM server within the Windows Service
[4968:13356:0611/191505.650:VERBOSE2:chrome\updater\app\app_server.cc:57] ModeCheck
[4968:13356:0611/191505.650:VERBOSE2:chrome\updater\prefs.cc:89] CreateGlobalPrefsInternal
[4968:13356:0611/191505.650:VERBOSE1:chrome\updater\prefs.cc:135] UpdaterPrefsImpl (global): C:\Program Files (x86)\Google\GoogleUpdater
[4968:13356:0611/191505.650:VERBOSE2:chrome\updater\app\app_server.cc:70] This version: 138.0.7194.0, active version: 138.0.7194.0
[4968:13356:0611/191505.650:VERBOSE1:chrome\updater\win\setup\setup_util.cc:263] AreComInterfacesPresent: scope: System: is_internal: 0
[4968:13356:0611/191505.665:VERBOSE2:chrome\updater\win\setup\setup_util.cc:284] AreComInterfacesPresent: all interfaces present
[4968:13356:0611/191505.665:VERBOSE2:chrome\updater\prefs.cc:208] CreateLocalPrefs
[4968:13356:0611/191505.665:VERBOSE1:chrome\updater\prefs.cc:135] UpdaterPrefsImpl (local): C:\Program Files (x86)\Google\GoogleUpdater\138.0.7194.0
[4968:13356:0611/191505.665:VERBOSE1:chrome\enterprise_companion\device_management_storage\dm_storage_win.cc:242] GetDmToken: token not found.
[4968:13356:0611/191505.665:VERBOSE1:chrome\enterprise_companion\device_management_storage\dm_storage.cc:218] No valid DM token.
[4968:13356:0611/191505.681:VERBOSE1:chrome\updater\policy\service.cc:146] Current effective policies:
{
  LastCheckPeriod = 270 (Default)
}

[4968:13356:0611/191505.681:VERBOSE1:chrome\updater\prefs.cc:140] ~UpdaterPrefsImpl: C:\Program Files (x86)\Google\GoogleUpdater\138.0.7194.0
[4968:13356:0611/191505.712:VERBOSE2:chrome\updater\app\app_server_win.cc:300] Starting task, Microsoft::WRL::Module count: 2
[4968:13356:0611/191505.712:VERBOSE2:chrome\updater\util\win_util.cc:1433] OemInstallTime not found
[4968:13356:0611/191505.712:VERBOSE1:chrome\updater\update_service_impl_impl.cc:820] RunPeriodicTasks
[4968:13356:0611/191505.712:VERBOSE1:chrome\updater\update_service_impl_impl.cc:825] last_started updated.
[4968:13356:0611/191506.486:VERBOSE2:chrome\updater\util\win_util.cc:1239] Cohort values: 1:gu/32zf:32zx@0.5, 137.0.7151.103 Rollout, 
[4968:10152:0611/191507.364:VERBOSE2:chrome\updater\update_usage_stats_task_win.cc:41] usage stats enabled by app {8a69d345-d564-463c-aff1-a69d9e530f96}
[4968:13356:0611/191508.065:VERBOSE1:chrome\updater\update_service_impl_impl.cc:713] FetchPolicies
[4968:10152:0611/191508.065:VERBOSE1:chrome\enterprise_companion\device_management_storage\dm_storage_win.cc:242] GetDmToken: token not found.
[4968:10152:0611/191508.065:VERBOSE1:chrome\enterprise_companion\device_management_storage\dm_storage_win.cc:40] ReadRegistryString: failed to read registry: Software\Policies\Google\CloudManagement\@EnrollmentToken
[4968:10152:0611/191508.065:VERBOSE1:chrome\enterprise_companion\device_management_storage\dm_storage_win.cc:40] ReadRegistryString: failed to read registry: Software\Policies\Google\Chrome\@CloudManagementEnrollmentToken
[4968:10152:0611/191508.065:VERBOSE1:chrome\enterprise_companion\device_management_storage\dm_storage_win.cc:40] ReadRegistryString: failed to read registry: Software\Google\Update\Clients\{44fc7fe2-65ce-487c-93f4-edee46eeaaab}@CloudManagementEnrollmentToken
[4968:10152:0611/191508.065:VERBOSE1:chrome\enterprise_companion\device_management_storage\dm_storage_win.cc:40] ReadRegistryString: failed to read registry: Software\Google\Update\Clients\{430fd4d0-b729-4f61-aa34-91526481799d}@CloudManagementEnrollmentToken
[4968:13356:0611/191508.065:VERBOSE2:chrome\updater\policy\service.cc:182] Device is not CBCM managed, skipped policy fetch.
[4968:13356:0611/191508.066:VERBOSE1:chrome\updater\policy\service.cc:207] FetchPoliciesDone: 0
[4968:13356:0611/191508.066:VERBOSE1:chrome\updater\policy\service.cc:212] Policies after refresh:
{
  LastCheckPeriod = 270 (Default)
}

[4968:13356:0611/191508.369:INFO:chrome\updater\check_for_updates_task.cc:49] Skipping UpdateAll: last update was 12 minutes ago. check_delay == 270
[4968:13356:0611/191509.340:VERBOSE1:chrome\updater\update_service_impl_impl.cc:928] ForceInstall
[4968:13356:0611/191509.340:INFO:chrome\updater\update_service_impl_impl.cc:884] ForceInstall task complete: 0
[4968:13356:0611/191520.196:VERBOSE2:chrome\updater\app\app_server_win.cc:252] Stop: COM server is shutting down.
[4968:13356:0611/191520.196:VERBOSE2:chrome\updater\app\app_server_win.cc:312] Completed task, Microsoft::WRL::Module count: 0
[4968:10152:0611/191520.197:VERBOSE1:chrome\updater\prefs.cc:235] Prefs committed.
[4968:13356:0611/191520.197:VERBOSE1:chrome\updater\prefs.cc:140] ~UpdaterPrefsImpl: C:\Program Files (x86)\Google\GoogleUpdater
[4968:2352:0611/191520.201:VERBOSE1:chrome\updater\updater.cc:335] UpdaterMain (--windows-service) returned 0.
[8472:15968:0611/191520.233:VERBOSE1:chrome\updater\updater.cc:335] UpdaterMain (--crash-handler) returned 0.
[13704:14932:0611/200210.855:VERBOSE1:chrome\updater\updater.cc:328] Version: 138.0.7194.0, opt, 32 bit (x86), command line: "C:\Program Files (x86)\Google\GoogleUpdater\138.0.7194.0\updater.exe" --wake --system
[13704:14932:0611/200210.856:VERBOSE1:chrome\updater\updater.cc:330] OS version: 10.0.22631.5472, System uptime (seconds): 21680, parent pid: 2044
[15908:1400:0611/200210.996:VERBOSE1:chrome\updater\updater.cc:328] Version: 138.0.7194.0, opt, 32 bit (x86), command line: "C:\Program Files (x86)\Google\GoogleUpdater\138.0.7194.0\updater.exe" --crash-handler --system "--database=C:\Program Files (x86)\Google\GoogleUpdater\138.0.7194.0\Crashpad" --url=https://clients2.google.com/cr/report --annotation=prod=Update4 --annotation=ver=138.0.7194.0 "--attachment=C:\Program Files (x86)\Google\GoogleUpdater\updater.log" --initial-client-data=0x2c8,0x2cc,0x2d0,0x2a4,0x2d4,0x6b29c0,0x6b29cc,0x6b29d8
[15908:1400:0611/200210.996:VERBOSE1:chrome\updater\updater.cc:330] OS version: 10.0.22631.5472, System uptime (seconds): 21680, parent pid: 13704
[13704:14932:0611/200210.999:VERBOSE1:chrome\updater\crash_reporter.cc:120] Crash handler launched and ready.
[13704:14932:0611/200211.001:VERBOSE1:chrome\updater\crash_client.cc:106] Found 0 completed crash reports
[13704:14932:0611/200211.001:VERBOSE1:chrome\updater\crash_client.cc:124] Found 0 pending crash reports
[13704:14932:0611/200211.002:VERBOSE2:chrome\updater\update_usage_stats_task_win.cc:41] usage stats enabled by app {8a69d345-d564-463c-aff1-a69d9e530f96}
[13704:14932:0611/200211.003:VERBOSE1:chrome\updater\updater.cc:90] Crash reporting initialized.
[13704:14932:0611/200211.006:VERBOSE1:chrome\updater\updater.cc:145] IsUserAdmin: 1, IsUserNonElevatedAdmin: 0, IsUACOn: 1, IsElevatedWithUACOn: 1, LUA: 1
[13704:14932:0611/200211.035:VERBOSE1:chrome\updater\ipc\update_service_internal_proxy_win.cc:156] Run
[15720:7784:0611/200211.170:VERBOSE1:chrome\updater\updater.cc:328] Version: 138.0.7194.0, opt, 32 bit (x86), command line: "C:\Program Files (x86)\Google\GoogleUpdater\138.0.7194.0\updater.exe" --system --windows-service --service=update-internal
[15720:7784:0611/200211.170:VERBOSE1:chrome\updater\updater.cc:330] OS version: 10.0.22631.5472, System uptime (seconds): 21680, parent pid: 984
[11588:6584:0611/200211.271:VERBOSE1:chrome\updater\updater.cc:328] Version: 138.0.7194.0, opt, 32 bit (x86), command line: "C:\Program Files (x86)\Google\GoogleUpdater\138.0.7194.0\updater.exe" --crash-handler --system "--database=C:\Program Files (x86)\Google\GoogleUpdater\138.0.7194.0\Crashpad" --url=https://clients2.google.com/cr/report --annotation=prod=Update4 --annotation=ver=138.0.7194.0 "--attachment=C:\Program Files (x86)\Google\GoogleUpdater\updater.log" --initial-client-data=0x2c8,0x2cc,0x2d0,0x2a4,0x2d4,0x6b29c0,0x6b29cc,0x6b29d8
[11588:6584:0611/200211.271:VERBOSE1:chrome\updater\updater.cc:330] OS version: 10.0.22631.5472, System uptime (seconds): 21680, parent pid: 15720
[15720:7784:0611/200211.273:VERBOSE1:chrome\updater\crash_reporter.cc:120] Crash handler launched and ready.
[15720:7784:0611/200211.275:VERBOSE1:chrome\updater\crash_client.cc:106] Found 0 completed crash reports
[15720:7784:0611/200211.275:VERBOSE1:chrome\updater\crash_client.cc:124] Found 0 pending crash reports
[15720:7784:0611/200211.276:VERBOSE2:chrome\updater\update_usage_stats_task_win.cc:41] usage stats enabled by app {8a69d345-d564-463c-aff1-a69d9e530f96}
[15720:7784:0611/200211.277:VERBOSE1:chrome\updater\updater.cc:90] Crash reporting initialized.
[15720:7784:0611/200211.281:VERBOSE1:chrome\updater\updater.cc:145] IsUserAdmin: 1, IsUserNonElevatedAdmin: 0, IsUACOn: 1, IsElevatedWithUACOn: 1, LUA: 1
[15720:14076:0611/200211.313:VERBOSE2:chrome\updater\app\server\win\updater_service_delegate.cc:60] Running COM server within the Windows Service
[15720:14076:0611/200211.313:VERBOSE2:chrome\updater\app\app_server.cc:57] ModeCheck
[15720:14076:0611/200211.313:VERBOSE2:chrome\updater\prefs.cc:89] CreateGlobalPrefsInternal
[15720:14076:0611/200211.315:VERBOSE1:chrome\updater\prefs.cc:135] UpdaterPrefsImpl (global): C:\Program Files (x86)\Google\GoogleUpdater
[15720:14076:0611/200211.315:VERBOSE2:chrome\updater\app\app_server.cc:70] This version: 138.0.7194.0, active version: 138.0.7194.0
[15720:14076:0611/200211.315:VERBOSE1:chrome\updater\win\setup\setup_util.cc:263] AreComInterfacesPresent: scope: System: is_internal: 1
[15720:14076:0611/200211.317:VERBOSE2:chrome\updater\win\setup\setup_util.cc:284] AreComInterfacesPresent: all interfaces present
[15720:14076:0611/200211.317:VERBOSE2:chrome\updater\prefs.cc:208] CreateLocalPrefs
[15720:14076:0611/200211.317:VERBOSE1:chrome\updater\prefs.cc:135] UpdaterPrefsImpl (local): C:\Program Files (x86)\Google\GoogleUpdater\138.0.7194.0
[15720:14076:0611/200211.317:VERBOSE1:chrome\updater\prefs.cc:140] ~UpdaterPrefsImpl: C:\Program Files (x86)\Google\GoogleUpdater
[15720:14076:0611/200211.363:VERBOSE2:chrome\updater\app\app_server_win.cc:300] Starting task, Microsoft::WRL::Module count: 2
[15720:14076:0611/200211.363:VERBOSE1:chrome\updater\update_service_internal_impl.cc:25] Run
[15720:14076:0611/200211.364:VERBOSE1:chrome\updater\ipc\update_service_proxy_win.cc:1090] RunPeriodicTasks
[10384:1408:0611/200211.458:VERBOSE1:chrome\updater\updater.cc:328] Version: 138.0.7194.0, opt, 32 bit (x86), command line: "C:\Program Files (x86)\Google\GoogleUpdater\138.0.7194.0\updater.exe" --system --windows-service --service=update
[10384:1408:0611/200211.458:VERBOSE1:chrome\updater\updater.cc:330] OS version: 10.0.22631.5472, System uptime (seconds): 21680, parent pid: 984
[11836:14304:0611/200211.557:VERBOSE1:chrome\updater\updater.cc:328] Version: 138.0.7194.0, opt, 32 bit (x86), command line: "C:\Program Files (x86)\Google\GoogleUpdater\138.0.7194.0\updater.exe" --crash-handler --system "--database=C:\Program Files (x86)\Google\GoogleUpdater\138.0.7194.0\Crashpad" --url=https://clients2.google.com/cr/report --annotation=prod=Update4 --annotation=ver=138.0.7194.0 "--attachment=C:\Program Files (x86)\Google\GoogleUpdater\updater.log" --initial-client-data=0x2d0,0x2d4,0x2d8,0x2ac,0x2dc,0x6b29c0,0x6b29cc,0x6b29d8
[11836:14304:0611/200211.557:VERBOSE1:chrome\updater\updater.cc:330] OS version: 10.0.22631.5472, System uptime (seconds): 21680, parent pid: 10384
[10384:1408:0611/200211.560:VERBOSE1:chrome\updater\crash_reporter.cc:120] Crash handler launched and ready.
[10384:1408:0611/200211.562:VERBOSE1:chrome\updater\crash_client.cc:106] Found 0 completed crash reports
[10384:1408:0611/200211.562:VERBOSE1:chrome\updater\crash_client.cc:124] Found 0 pending crash reports
[10384:1408:0611/200211.563:VERBOSE2:chrome\updater\update_usage_stats_task_win.cc:41] usage stats enabled by app {8a69d345-d564-463c-aff1-a69d9e530f96}
[10384:1408:0611/200211.565:VERBOSE1:chrome\updater\updater.cc:90] Crash reporting initialized.
[10384:1408:0611/200211.568:VERBOSE1:chrome\updater\updater.cc:145] IsUserAdmin: 1, IsUserNonElevatedAdmin: 0, IsUACOn: 1, IsElevatedWithUACOn: 1, LUA: 1
[10384:11552:0611/200211.599:VERBOSE2:chrome\updater\app\server\win\updater_service_delegate.cc:60] Running COM server within the Windows Service
[10384:11552:0611/200211.600:VERBOSE2:chrome\updater\app\app_server.cc:57] ModeCheck
[10384:11552:0611/200211.600:VERBOSE2:chrome\updater\prefs.cc:89] CreateGlobalPrefsInternal
[10384:11552:0611/200211.601:VERBOSE1:chrome\updater\prefs.cc:135] UpdaterPrefsImpl (global): C:\Program Files (x86)\Google\GoogleUpdater
[10384:11552:0611/200211.601:VERBOSE2:chrome\updater\app\app_server.cc:70] This version: 138.0.7194.0, active version: 138.0.7194.0
[10384:11552:0611/200211.601:VERBOSE1:chrome\updater\win\setup\setup_util.cc:263] AreComInterfacesPresent: scope: System: is_internal: 0
[10384:11552:0611/200211.631:VERBOSE2:chrome\updater\win\setup\setup_util.cc:284] AreComInterfacesPresent: all interfaces present
[10384:11552:0611/200211.632:VERBOSE2:chrome\updater\prefs.cc:208] CreateLocalPrefs
[10384:11552:0611/200211.632:VERBOSE1:chrome\updater\prefs.cc:135] UpdaterPrefsImpl (local): C:\Program Files (x86)\Google\GoogleUpdater\138.0.7194.0
[10384:11552:0611/200211.633:VERBOSE1:chrome\enterprise_companion\device_management_storage\dm_storage_win.cc:242] GetDmToken: token not found.
[10384:11552:0611/200211.633:VERBOSE1:chrome\enterprise_companion\device_management_storage\dm_storage.cc:218] No valid DM token.
[10384:11552:0611/200211.656:VERBOSE1:chrome\updater\policy\service.cc:146] Current effective policies:
{
  LastCheckPeriod = 270 (Default)
}

[10384:11552:0611/200211.656:VERBOSE1:chrome\updater\prefs.cc:140] ~UpdaterPrefsImpl: C:\Program Files (x86)\Google\GoogleUpdater\138.0.7194.0
[10384:11552:0611/200211.705:VERBOSE2:chrome\updater\app\app_server_win.cc:300] Starting task, Microsoft::WRL::Module count: 2
[10384:11552:0611/200211.705:VERBOSE2:chrome\updater\util\win_util.cc:1433] OemInstallTime not found
[10384:11552:0611/200211.705:VERBOSE1:chrome\updater\update_service_impl_impl.cc:820] RunPeriodicTasks
[10384:11552:0611/200211.705:VERBOSE1:chrome\updater\update_service_impl_impl.cc:825] last_started updated.
[10384:11552:0611/200212.612:VERBOSE2:chrome\updater\util\win_util.cc:1239] Cohort values: 1:gu/32zf:32zx@0.5, 137.0.7151.103 Rollout, 
[10384:6428:0611/200213.801:VERBOSE2:chrome\updater\update_usage_stats_task_win.cc:41] usage stats enabled by app {8a69d345-d564-463c-aff1-a69d9e530f96}
[10384:11552:0611/200214.378:VERBOSE1:chrome\updater\update_service_impl_impl.cc:713] FetchPolicies
[10384:6428:0611/200214.379:VERBOSE1:chrome\enterprise_companion\device_management_storage\dm_storage_win.cc:242] GetDmToken: token not found.
[10384:6428:0611/200214.379:VERBOSE1:chrome\enterprise_companion\device_management_storage\dm_storage_win.cc:40] ReadRegistryString: failed to read registry: Software\Policies\Google\CloudManagement\@EnrollmentToken
[10384:6428:0611/200214.379:VERBOSE1:chrome\enterprise_companion\device_management_storage\dm_storage_win.cc:40] ReadRegistryString: failed to read registry: Software\Policies\Google\Chrome\@CloudManagementEnrollmentToken
[10384:6428:0611/200214.379:VERBOSE1:chrome\enterprise_companion\device_management_storage\dm_storage_win.cc:40] ReadRegistryString: failed to read registry: Software\Google\Update\Clients\{44fc7fe2-65ce-487c-93f4-edee46eeaaab}@CloudManagementEnrollmentToken
[10384:6428:0611/200214.379:VERBOSE1:chrome\enterprise_companion\device_management_storage\dm_storage_win.cc:40] ReadRegistryString: failed to read registry: Software\Google\Update\Clients\{430fd4d0-b729-4f61-aa34-91526481799d}@CloudManagementEnrollmentToken
[10384:11552:0611/200214.380:VERBOSE2:chrome\updater\policy\service.cc:182] Device is not CBCM managed, skipped policy fetch.
[10384:11552:0611/200214.380:VERBOSE1:chrome\updater\policy\service.cc:207] FetchPoliciesDone: 0
[10384:11552:0611/200214.380:VERBOSE1:chrome\updater\policy\service.cc:212] Policies after refresh:
{
  LastCheckPeriod = 270 (Default)
}

[10384:11552:0611/200215.245:INFO:chrome\updater\check_for_updates_task.cc:49] Skipping UpdateAll: last update was 60 minutes ago. check_delay == 270
[10384:11552:0611/200216.080:VERBOSE1:chrome\updater\update_service_impl_impl.cc:928] ForceInstall
[10384:11552:0611/200216.080:INFO:chrome\updater\update_service_impl_impl.cc:884] ForceInstall task complete: 0
[15720:10280:0611/200216.734:VERBOSE2:chrome\updater\ipc\update_service_proxy_win.cc:255] Run
[15720:14076:0611/200216.734:VERBOSE1:chrome\updater\ipc\update_service_proxy_win.cc:1048] ~UpdateServiceProxyImpl
[15720:14676:0611/200216.734:VERBOSE2:chrome\updater\ipc\proxy_impl_base_win.h:62] ~ProxyImplBase
[13704:1508:0611/200216.737:VERBOSE2:chrome\updater\ipc\update_service_internal_proxy_win.cc:65] Run result 0.
[15720:7788:0611/200216.737:VERBOSE2:chrome\updater\app\server\win\com_classes.cc:891] UpdaterInternalImpl::Run. IUpdaterInternalCallback::Run returned 0
[13704:14932:0611/200216.737:VERBOSE1:chrome\updater\ipc\update_service_internal_proxy_win.cc:148] ~UpdateServiceInternalProxyImpl
[13704:10144:0611/200216.737:VERBOSE2:chrome\updater\ipc\proxy_impl_base_win.h:62] ~ProxyImplBase
[13704:14932:0611/200216.738:VERBOSE1:chrome\updater\updater.cc:335] UpdaterMain (--wake) returned 0.
[15908:1400:0611/200216.750:VERBOSE1:chrome\updater\updater.cc:335] UpdaterMain (--crash-handler) returned 0.
[15720:14076:0611/200226.746:VERBOSE2:chrome\updater\app\app_server_win.cc:252] Stop: COM server is shutting down.
[10384:11552:0611/200226.746:VERBOSE2:chrome\updater\app\app_server_win.cc:252] Stop: COM server is shutting down.
[15720:14076:0611/200226.746:VERBOSE2:chrome\updater\app\app_server_win.cc:312] Completed task, Microsoft::WRL::Module count: 0
[15720:7788:0611/200226.746:VERBOSE1:chrome\updater\prefs.cc:235] Prefs committed.
[15720:14076:0611/200226.746:VERBOSE1:chrome\updater\prefs.cc:140] ~UpdaterPrefsImpl: C:\Program Files (x86)\Google\GoogleUpdater\138.0.7194.0
[10384:11552:0611/200226.746:VERBOSE2:chrome\updater\app\app_server_win.cc:312] Completed task, Microsoft::WRL::Module count: 0
[10384:6428:0611/200226.746:VERBOSE1:chrome\updater\prefs.cc:235] Prefs committed.
[10384:11552:0611/200226.747:VERBOSE1:chrome\updater\prefs.cc:140] ~UpdaterPrefsImpl: C:\Program Files (x86)\Google\GoogleUpdater
[10384:1408:0611/200226.751:VERBOSE1:chrome\updater\updater.cc:335] UpdaterMain (--windows-service) returned 0.
[15720:7784:0611/200226.751:VERBOSE1:chrome\updater\updater.cc:335] UpdaterMain (--windows-service) returned 0.
[11588:6584:0611/200226.764:VERBOSE1:chrome\updater\updater.cc:335] UpdaterMain (--crash-handler) returned 0.
[11836:14304:0611/200226.764:VERBOSE1:chrome\updater\updater.cc:335] UpdaterMain (--crash-handler) returned 0.
[12512:15836:0611/210210.845:VERBOSE1:chrome\updater\updater.cc:328] Version: 138.0.7194.0, opt, 32 bit (x86), command line: "C:\Program Files (x86)\Google\GoogleUpdater\138.0.7194.0\updater.exe" --wake --system
[12512:15836:0611/210210.845:VERBOSE1:chrome\updater\updater.cc:330] OS version: 10.0.22631.5472, System uptime (seconds): 25280, parent pid: 2044
[14248:3884:0611/210211.001:VERBOSE1:chrome\updater\updater.cc:328] Version: 138.0.7194.0, opt, 32 bit (x86), command line: "C:\Program Files (x86)\Google\GoogleUpdater\138.0.7194.0\updater.exe" --crash-handler --system "--database=C:\Program Files (x86)\Google\GoogleUpdater\138.0.7194.0\Crashpad" --url=https://clients2.google.com/cr/report --annotation=prod=Update4 --annotation=ver=138.0.7194.0 "--attachment=C:\Program Files (x86)\Google\GoogleUpdater\updater.log" --initial-client-data=0x2d0,0x2d4,0x2d8,0x2a4,0x2dc,0x6b29c0,0x6b29cc,0x6b29d8
[14248:3884:0611/210211.001:VERBOSE1:chrome\updater\updater.cc:330] OS version: 10.0.22631.5472, System uptime (seconds): 25280, parent pid: 12512
[12512:15836:0611/210211.003:VERBOSE1:chrome\updater\crash_reporter.cc:120] Crash handler launched and ready.
[12512:15836:0611/210211.006:VERBOSE1:chrome\updater\crash_client.cc:106] Found 0 completed crash reports
[12512:15836:0611/210211.007:VERBOSE1:chrome\updater\crash_client.cc:124] Found 0 pending crash reports
[12512:15836:0611/210211.008:VERBOSE2:chrome\updater\update_usage_stats_task_win.cc:41] usage stats enabled by app {8a69d345-d564-463c-aff1-a69d9e530f96}
[12512:15836:0611/210211.009:VERBOSE1:chrome\updater\updater.cc:90] Crash reporting initialized.
[12512:15836:0611/210211.013:VERBOSE1:chrome\updater\updater.cc:145] IsUserAdmin: 1, IsUserNonElevatedAdmin: 0, IsUACOn: 1, IsElevatedWithUACOn: 1, LUA: 1
[12512:15836:0611/210211.056:VERBOSE1:chrome\updater\ipc\update_service_internal_proxy_win.cc:156] Run
[12468:14060:0611/210211.179:VERBOSE1:chrome\updater\updater.cc:328] Version: 138.0.7194.0, opt, 32 bit (x86), command line: "C:\Program Files (x86)\Google\GoogleUpdater\138.0.7194.0\updater.exe" --system --windows-service --service=update-internal
[12468:14060:0611/210211.179:VERBOSE1:chrome\updater\updater.cc:330] OS version: 10.0.22631.5472, System uptime (seconds): 25280, parent pid: 984
[14184:6336:0611/210211.282:VERBOSE1:chrome\updater\updater.cc:328] Version: 138.0.7194.0, opt, 32 bit (x86), command line: "C:\Program Files (x86)\Google\GoogleUpdater\138.0.7194.0\updater.exe" --crash-handler --system "--database=C:\Program Files (x86)\Google\GoogleUpdater\138.0.7194.0\Crashpad" --url=https://clients2.google.com/cr/report --annotation=prod=Update4 --annotation=ver=138.0.7194.0 "--attachment=C:\Program Files (x86)\Google\GoogleUpdater\updater.log" --initial-client-data=0x2cc,0x2d0,0x2d4,0x2a4,0x2d8,0x6b29c0,0x6b29cc,0x6b29d8
[14184:6336:0611/210211.282:VERBOSE1:chrome\updater\updater.cc:330] OS version: 10.0.22631.5472, System uptime (seconds): 25280, parent pid: 12468
[12468:14060:0611/210211.286:VERBOSE1:chrome\updater\crash_reporter.cc:120] Crash handler launched and ready.
[12468:14060:0611/210211.287:VERBOSE1:chrome\updater\crash_client.cc:106] Found 0 completed crash reports
[12468:14060:0611/210211.287:VERBOSE1:chrome\updater\crash_client.cc:124] Found 0 pending crash reports
[12468:14060:0611/210211.288:VERBOSE2:chrome\updater\update_usage_stats_task_win.cc:41] usage stats enabled by app {8a69d345-d564-463c-aff1-a69d9e530f96}
[12468:14060:0611/210211.290:VERBOSE1:chrome\updater\updater.cc:90] Crash reporting initialized.
[12468:14060:0611/210211.293:VERBOSE1:chrome\updater\updater.cc:145] IsUserAdmin: 1, IsUserNonElevatedAdmin: 0, IsUACOn: 1, IsElevatedWithUACOn: 1, LUA: 1
[12468:13620:0611/210211.324:VERBOSE2:chrome\updater\app\server\win\updater_service_delegate.cc:60] Running COM server within the Windows Service
[12468:13620:0611/210211.324:VERBOSE2:chrome\updater\app\app_server.cc:57] ModeCheck
[12468:13620:0611/210211.324:VERBOSE2:chrome\updater\prefs.cc:89] CreateGlobalPrefsInternal
[12468:13620:0611/210211.326:VERBOSE1:chrome\updater\prefs.cc:135] UpdaterPrefsImpl (global): C:\Program Files (x86)\Google\GoogleUpdater
[12468:13620:0611/210211.326:VERBOSE2:chrome\updater\app\app_server.cc:70] This version: 138.0.7194.0, active version: 138.0.7194.0
[12468:13620:0611/210211.326:VERBOSE1:chrome\updater\win\setup\setup_util.cc:263] AreComInterfacesPresent: scope: System: is_internal: 1
[12468:13620:0611/210211.327:VERBOSE2:chrome\updater\win\setup\setup_util.cc:284] AreComInterfacesPresent: all interfaces present
[12468:13620:0611/210211.327:VERBOSE2:chrome\updater\prefs.cc:208] CreateLocalPrefs
[12468:13620:0611/210211.329:VERBOSE1:chrome\updater\prefs.cc:135] UpdaterPrefsImpl (local): C:\Program Files (x86)\Google\GoogleUpdater\138.0.7194.0
[12468:13620:0611/210211.329:VERBOSE1:chrome\updater\prefs.cc:140] ~UpdaterPrefsImpl: C:\Program Files (x86)\Google\GoogleUpdater
[12468:13620:0611/210211.377:VERBOSE2:chrome\updater\app\app_server_win.cc:300] Starting task, Microsoft::WRL::Module count: 2
[12468:13620:0611/210211.377:VERBOSE1:chrome\updater\update_service_internal_impl.cc:25] Run
[12468:13620:0611/210211.377:VERBOSE1:chrome\updater\ipc\update_service_proxy_win.cc:1090] RunPeriodicTasks
[9712:9408:0611/210211.464:VERBOSE1:chrome\updater\updater.cc:328] Version: 138.0.7194.0, opt, 32 bit (x86), command line: "C:\Program Files (x86)\Google\GoogleUpdater\138.0.7194.0\updater.exe" --system --windows-service --service=update
[9712:9408:0611/210211.464:VERBOSE1:chrome\updater\updater.cc:330] OS version: 10.0.22631.5472, System uptime (seconds): 25280, parent pid: 984
[8188:6828:0611/210211.557:VERBOSE1:chrome\updater\updater.cc:328] Version: 138.0.7194.0, opt, 32 bit (x86), command line: "C:\Program Files (x86)\Google\GoogleUpdater\138.0.7194.0\updater.exe" --crash-handler --system "--database=C:\Program Files (x86)\Google\GoogleUpdater\138.0.7194.0\Crashpad" --url=https://clients2.google.com/cr/report --annotation=prod=Update4 --annotation=ver=138.0.7194.0 "--attachment=C:\Program Files (x86)\Google\GoogleUpdater\updater.log" --initial-client-data=0x2c8,0x2cc,0x2d0,0x2a4,0x2d4,0x6b29c0,0x6b29cc,0x6b29d8
[8188:6828:0611/210211.557:VERBOSE1:chrome\updater\updater.cc:330] OS version: 10.0.22631.5472, System uptime (seconds): 25280, parent pid: 9712
[9712:9408:0611/210211.559:VERBOSE1:chrome\updater\crash_reporter.cc:120] Crash handler launched and ready.
[9712:9408:0611/210211.560:VERBOSE1:chrome\updater\crash_client.cc:106] Found 0 completed crash reports
[9712:9408:0611/210211.560:VERBOSE1:chrome\updater\crash_client.cc:124] Found 0 pending crash reports
[9712:9408:0611/210211.561:VERBOSE2:chrome\updater\update_usage_stats_task_win.cc:41] usage stats enabled by app {8a69d345-d564-463c-aff1-a69d9e530f96}
[9712:9408:0611/210211.562:VERBOSE1:chrome\updater\updater.cc:90] Crash reporting initialized.
[9712:9408:0611/210211.565:VERBOSE1:chrome\updater\updater.cc:145] IsUserAdmin: 1, IsUserNonElevatedAdmin: 0, IsUACOn: 1, IsElevatedWithUACOn: 1, LUA: 1
[9712:4000:0611/210211.595:VERBOSE2:chrome\updater\app\server\win\updater_service_delegate.cc:60] Running COM server within the Windows Service
[9712:4000:0611/210211.595:VERBOSE2:chrome\updater\app\app_server.cc:57] ModeCheck
[9712:4000:0611/210211.595:VERBOSE2:chrome\updater\prefs.cc:89] CreateGlobalPrefsInternal
[9712:4000:0611/210211.596:VERBOSE1:chrome\updater\prefs.cc:135] UpdaterPrefsImpl (global): C:\Program Files (x86)\Google\GoogleUpdater
[9712:4000:0611/210211.596:VERBOSE2:chrome\updater\app\app_server.cc:70] This version: 138.0.7194.0, active version: 138.0.7194.0
[9712:4000:0611/210211.596:VERBOSE1:chrome\updater\win\setup\setup_util.cc:263] AreComInterfacesPresent: scope: System: is_internal: 0
[9712:4000:0611/210211.627:VERBOSE2:chrome\updater\win\setup\setup_util.cc:284] AreComInterfacesPresent: all interfaces present
[9712:4000:0611/210211.627:VERBOSE2:chrome\updater\prefs.cc:208] CreateLocalPrefs
[9712:4000:0611/210211.628:VERBOSE1:chrome\updater\prefs.cc:135] UpdaterPrefsImpl (local): C:\Program Files (x86)\Google\GoogleUpdater\138.0.7194.0
[9712:4000:0611/210211.628:VERBOSE1:chrome\enterprise_companion\device_management_storage\dm_storage_win.cc:242] GetDmToken: token not found.
[9712:4000:0611/210211.628:VERBOSE1:chrome\enterprise_companion\device_management_storage\dm_storage.cc:218] No valid DM token.
[9712:4000:0611/210211.656:VERBOSE1:chrome\updater\policy\service.cc:146] Current effective policies:
{
  LastCheckPeriod = 270 (Default)
}

[9712:4000:0611/210211.656:VERBOSE1:chrome\updater\prefs.cc:140] ~UpdaterPrefsImpl: C:\Program Files (x86)\Google\GoogleUpdater\138.0.7194.0
[9712:4000:0611/210211.709:VERBOSE2:chrome\updater\app\app_server_win.cc:300] Starting task, Microsoft::WRL::Module count: 2
[9712:4000:0611/210211.710:VERBOSE2:chrome\updater\util\win_util.cc:1433] OemInstallTime not found
[9712:4000:0611/210211.710:VERBOSE1:chrome\updater\update_service_impl_impl.cc:820] RunPeriodicTasks
[9712:4000:0611/210211.710:VERBOSE1:chrome\updater\update_service_impl_impl.cc:825] last_started updated.
[9712:4000:0611/210211.930:VERBOSE2:chrome\updater\util\win_util.cc:1239] Cohort values: 1:gu/32zf:32zx@0.5, 137.0.7151.103 Rollout, 
[9712:9816:0611/210213.806:VERBOSE2:chrome\updater\update_usage_stats_task_win.cc:41] usage stats enabled by app {8a69d345-d564-463c-aff1-a69d9e530f96}
[9712:4000:0611/210214.501:VERBOSE1:chrome\updater\update_service_impl_impl.cc:713] FetchPolicies
[9712:9816:0611/210214.501:VERBOSE1:chrome\enterprise_companion\device_management_storage\dm_storage_win.cc:242] GetDmToken: token not found.
[9712:9816:0611/210214.502:VERBOSE1:chrome\enterprise_companion\device_management_storage\dm_storage_win.cc:40] ReadRegistryString: failed to read registry: Software\Policies\Google\CloudManagement\@EnrollmentToken
[9712:9816:0611/210214.502:VERBOSE1:chrome\enterprise_companion\device_management_storage\dm_storage_win.cc:40] ReadRegistryString: failed to read registry: Software\Policies\Google\Chrome\@CloudManagementEnrollmentToken
[9712:9816:0611/210214.502:VERBOSE1:chrome\enterprise_companion\device_management_storage\dm_storage_win.cc:40] ReadRegistryString: failed to read registry: Software\Google\Update\Clients\{44fc7fe2-65ce-487c-93f4-edee46eeaaab}@CloudManagementEnrollmentToken
[9712:9816:0611/210214.502:VERBOSE1:chrome\enterprise_companion\device_management_storage\dm_storage_win.cc:40] ReadRegistryString: failed to read registry: Software\Google\Update\Clients\{430fd4d0-b729-4f61-aa34-91526481799d}@CloudManagementEnrollmentToken
[9712:4000:0611/210214.502:VERBOSE2:chrome\updater\policy\service.cc:182] Device is not CBCM managed, skipped policy fetch.
[9712:4000:0611/210214.502:VERBOSE1:chrome\updater\policy\service.cc:207] FetchPoliciesDone: 0
[9712:4000:0611/210214.502:VERBOSE1:chrome\updater\policy\service.cc:212] Policies after refresh:
{
  LastCheckPeriod = 270 (Default)
}

[9712:4000:0611/210215.174:INFO:chrome\updater\check_for_updates_task.cc:49] Skipping UpdateAll: last update was 120 minutes ago. check_delay == 324
[9712:4000:0611/210215.396:VERBOSE1:chrome\updater\update_service_impl_impl.cc:928] ForceInstall
[9712:4000:0611/210215.396:INFO:chrome\updater\update_service_impl_impl.cc:884] ForceInstall task complete: 0
[12468:13792:0611/210217.221:VERBOSE2:chrome\updater\ipc\update_service_proxy_win.cc:255] Run
[12468:13620:0611/210217.222:VERBOSE1:chrome\updater\ipc\update_service_proxy_win.cc:1048] ~UpdateServiceProxyImpl
[12468:9976:0611/210217.222:VERBOSE2:chrome\updater\ipc\proxy_impl_base_win.h:62] ~ProxyImplBase
[12512:16184:0611/210217.227:VERBOSE2:chrome\updater\ipc\update_service_internal_proxy_win.cc:65] Run result 0.
[12468:13404:0611/210217.227:VERBOSE2:chrome\updater\app\server\win\com_classes.cc:891] UpdaterInternalImpl::Run. IUpdaterInternalCallback::Run returned 0
[12512:15836:0611/210219.153:VERBOSE1:chrome\updater\ipc\update_service_internal_proxy_win.cc:148] ~UpdateServiceInternalProxyImpl
[12512:10140:0611/210219.427:VERBOSE2:chrome\updater\ipc\proxy_impl_base_win.h:62] ~ProxyImplBase
[12512:15836:0611/210221.607:VERBOSE1:chrome\updater\updater.cc:335] UpdaterMain (--wake) returned 0.
[14248:3884:0611/210221.644:VERBOSE1:chrome\updater\updater.cc:335] UpdaterMain (--crash-handler) returned 0.
[12468:13620:0611/210227.236:VERBOSE2:chrome\updater\app\app_server_win.cc:252] Stop: COM server is shutting down.
[12468:13620:0611/210227.236:VERBOSE2:chrome\updater\app\app_server_win.cc:312] Completed task, Microsoft::WRL::Module count: 0
[12468:13404:0611/210227.237:VERBOSE1:chrome\updater\prefs.cc:235] Prefs committed.
[12468:13620:0611/210227.237:VERBOSE1:chrome\updater\prefs.cc:140] ~UpdaterPrefsImpl: C:\Program Files (x86)\Google\GoogleUpdater\138.0.7194.0
[9712:4000:0611/210227.237:VERBOSE2:chrome\updater\app\app_server_win.cc:252] Stop: COM server is shutting down.
[9712:4000:0611/210227.239:VERBOSE2:chrome\updater\app\app_server_win.cc:312] Completed task, Microsoft::WRL::Module count: 0
[9712:9816:0611/210227.239:VERBOSE1:chrome\updater\prefs.cc:235] Prefs committed.
[9712:4000:0611/210227.239:VERBOSE1:chrome\updater\prefs.cc:140] ~UpdaterPrefsImpl: C:\Program Files (x86)\Google\GoogleUpdater
[12468:14060:0611/210227.360:VERBOSE1:chrome\updater\updater.cc:335] UpdaterMain (--windows-service) returned 0.
[14184:6336:0611/210227.376:VERBOSE1:chrome\updater\updater.cc:335] UpdaterMain (--crash-handler) returned 0.
[9712:9408:0611/210227.395:VERBOSE1:chrome\updater\updater.cc:335] UpdaterMain (--windows-service) returned 0.
[8188:6828:0611/210227.413:VERBOSE1:chrome\updater\updater.cc:335] UpdaterMain (--crash-handler) returned 0.
[5632:6452:0611/220210.827:VERBOSE1:chrome\updater\updater.cc:328] Version: 138.0.7194.0, opt, 32 bit (x86), command line: "C:\Program Files (x86)\Google\GoogleUpdater\138.0.7194.0\updater.exe" --wake --system
[5632:6452:0611/220210.827:VERBOSE1:chrome\updater\updater.cc:330] OS version: 10.0.22631.5472, System uptime (seconds): 28880, parent pid: 2044
[10136:11616:0611/220210.907:VERBOSE1:chrome\updater\updater.cc:328] Version: 138.0.7194.0, opt, 32 bit (x86), command line: "C:\Program Files (x86)\Google\GoogleUpdater\138.0.7194.0\updater.exe" --crash-handler --system "--database=C:\Program Files (x86)\Google\GoogleUpdater\138.0.7194.0\Crashpad" --url=https://clients2.google.com/cr/report --annotation=prod=Update4 --annotation=ver=138.0.7194.0 "--attachment=C:\Program Files (x86)\Google\GoogleUpdater\updater.log" --initial-client-data=0x2d0,0x2d4,0x2d8,0x2ac,0x2dc,0x6b29c0,0x6b29cc,0x6b29d8
[10136:11616:0611/220210.907:VERBOSE1:chrome\updater\updater.cc:330] OS version: 10.0.22631.5472, System uptime (seconds): 28880, parent pid: 5632
[5632:6452:0611/220210.909:VERBOSE1:chrome\updater\crash_reporter.cc:120] Crash handler launched and ready.
[5632:6452:0611/220210.913:VERBOSE1:chrome\updater\crash_client.cc:106] Found 0 completed crash reports
[5632:6452:0611/220210.913:VERBOSE1:chrome\updater\crash_client.cc:124] Found 0 pending crash reports
[5632:6452:0611/220210.914:VERBOSE2:chrome\updater\update_usage_stats_task_win.cc:41] usage stats enabled by app {8a69d345-d564-463c-aff1-a69d9e530f96}
[5632:6452:0611/220210.915:VERBOSE1:chrome\updater\updater.cc:90] Crash reporting initialized.
[5632:6452:0611/220210.920:VERBOSE1:chrome\updater\updater.cc:145] IsUserAdmin: 1, IsUserNonElevatedAdmin: 0, IsUACOn: 1, IsElevatedWithUACOn: 1, LUA: 1
[5632:6452:0611/220210.950:VERBOSE1:chrome\updater\ipc\update_service_internal_proxy_win.cc:156] Run
[6964:3520:0611/220211.052:VERBOSE1:chrome\updater\updater.cc:328] Version: 138.0.7194.0, opt, 32 bit (x86), command line: "C:\Program Files (x86)\Google\GoogleUpdater\138.0.7194.0\updater.exe" --system --windows-service --service=update-internal
[6964:3520:0611/220211.052:VERBOSE1:chrome\updater\updater.cc:330] OS version: 10.0.22631.5472, System uptime (seconds): 28880, parent pid: 984
[9536:10764:0611/220211.144:VERBOSE1:chrome\updater\updater.cc:328] Version: 138.0.7194.0, opt, 32 bit (x86), command line: "C:\Program Files (x86)\Google\GoogleUpdater\138.0.7194.0\updater.exe" --crash-handler --system "--database=C:\Program Files (x86)\Google\GoogleUpdater\138.0.7194.0\Crashpad" --url=https://clients2.google.com/cr/report --annotation=prod=Update4 --annotation=ver=138.0.7194.0 "--attachment=C:\Program Files (x86)\Google\GoogleUpdater\updater.log" --initial-client-data=0x2d0,0x2d4,0x2d8,0x2b0,0x2dc,0x6b29c0,0x6b29cc,0x6b29d8
[9536:10764:0611/220211.144:VERBOSE1:chrome\updater\updater.cc:330] OS version: 10.0.22631.5472, System uptime (seconds): 28880, parent pid: 6964
[6964:3520:0611/220211.146:VERBOSE1:chrome\updater\crash_reporter.cc:120] Crash handler launched and ready.
[6964:3520:0611/220211.148:VERBOSE1:chrome\updater\crash_client.cc:106] Found 0 completed crash reports
[6964:3520:0611/220211.148:VERBOSE1:chrome\updater\crash_client.cc:124] Found 0 pending crash reports
[6964:3520:0611/220211.149:VERBOSE2:chrome\updater\update_usage_stats_task_win.cc:41] usage stats enabled by app {8a69d345-d564-463c-aff1-a69d9e530f96}
[6964:3520:0611/220211.150:VERBOSE1:chrome\updater\updater.cc:90] Crash reporting initialized.
[6964:3520:0611/220211.153:VERBOSE1:chrome\updater\updater.cc:145] IsUserAdmin: 1, IsUserNonElevatedAdmin: 0, IsUACOn: 1, IsElevatedWithUACOn: 1, LUA: 1
[6964:132:0611/220211.184:VERBOSE2:chrome\updater\app\server\win\updater_service_delegate.cc:60] Running COM server within the Windows Service
[6964:132:0611/220211.184:VERBOSE2:chrome\updater\app\app_server.cc:57] ModeCheck
[6964:132:0611/220211.184:VERBOSE2:chrome\updater\prefs.cc:89] CreateGlobalPrefsInternal
[6964:132:0611/220211.186:VERBOSE1:chrome\updater\prefs.cc:135] UpdaterPrefsImpl (global): C:\Program Files (x86)\Google\GoogleUpdater
[6964:132:0611/220211.186:VERBOSE2:chrome\updater\app\app_server.cc:70] This version: 138.0.7194.0, active version: 138.0.7194.0
[6964:132:0611/220211.186:VERBOSE1:chrome\updater\win\setup\setup_util.cc:263] AreComInterfacesPresent: scope: System: is_internal: 1
[6964:132:0611/220211.187:VERBOSE2:chrome\updater\win\setup\setup_util.cc:284] AreComInterfacesPresent: all interfaces present
[6964:132:0611/220211.187:VERBOSE2:chrome\updater\prefs.cc:208] CreateLocalPrefs
[6964:132:0611/220211.189:VERBOSE1:chrome\updater\prefs.cc:135] UpdaterPrefsImpl (local): C:\Program Files (x86)\Google\GoogleUpdater\138.0.7194.0
[6964:132:0611/220211.189:VERBOSE1:chrome\updater\prefs.cc:140] ~UpdaterPrefsImpl: C:\Program Files (x86)\Google\GoogleUpdater
[6964:132:0611/220211.236:VERBOSE2:chrome\updater\app\app_server_win.cc:300] Starting task, Microsoft::WRL::Module count: 2
[6964:132:0611/220211.236:VERBOSE1:chrome\updater\update_service_internal_impl.cc:25] Run
[6964:132:0611/220211.236:VERBOSE1:chrome\updater\ipc\update_service_proxy_win.cc:1090] RunPeriodicTasks
[8832:2424:0611/220211.326:VERBOSE1:chrome\updater\updater.cc:328] Version: 138.0.7194.0, opt, 32 bit (x86), command line: "C:\Program Files (x86)\Google\GoogleUpdater\138.0.7194.0\updater.exe" --system --windows-service --service=update
[8832:2424:0611/220211.326:VERBOSE1:chrome\updater\updater.cc:330] OS version: 10.0.22631.5472, System uptime (seconds): 28880, parent pid: 984
[5864:1760:0611/220211.418:VERBOSE1:chrome\updater\updater.cc:328] Version: 138.0.7194.0, opt, 32 bit (x86), command line: "C:\Program Files (x86)\Google\GoogleUpdater\138.0.7194.0\updater.exe" --crash-handler --system "--database=C:\Program Files (x86)\Google\GoogleUpdater\138.0.7194.0\Crashpad" --url=https://clients2.google.com/cr/report --annotation=prod=Update4 --annotation=ver=138.0.7194.0 "--attachment=C:\Program Files (x86)\Google\GoogleUpdater\updater.log" --initial-client-data=0x2d0,0x2d4,0x2d8,0x2ac,0x2dc,0x6b29c0,0x6b29cc,0x6b29d8
[5864:1760:0611/220211.419:VERBOSE1:chrome\updater\updater.cc:330] OS version: 10.0.22631.5472, System uptime (seconds): 28880, parent pid: 8832
[8832:2424:0611/220211.422:VERBOSE1:chrome\updater\crash_reporter.cc:120] Crash handler launched and ready.
[8832:2424:0611/220211.423:VERBOSE1:chrome\updater\crash_client.cc:106] Found 0 completed crash reports
[8832:2424:0611/220211.424:VERBOSE1:chrome\updater\crash_client.cc:124] Found 0 pending crash reports
[8832:2424:0611/220211.424:VERBOSE2:chrome\updater\update_usage_stats_task_win.cc:41] usage stats enabled by app {8a69d345-d564-463c-aff1-a69d9e530f96}
[8832:2424:0611/220211.426:VERBOSE1:chrome\updater\updater.cc:90] Crash reporting initialized.
[8832:2424:0611/220211.429:VERBOSE1:chrome\updater\updater.cc:145] IsUserAdmin: 1, IsUserNonElevatedAdmin: 0, IsUACOn: 1, IsElevatedWithUACOn: 1, LUA: 1
[8832:1756:0611/220211.468:VERBOSE2:chrome\updater\app\server\win\updater_service_delegate.cc:60] Running COM server within the Windows Service
[8832:1756:0611/220211.468:VERBOSE2:chrome\updater\app\app_server.cc:57] ModeCheck
[8832:1756:0611/220211.468:VERBOSE2:chrome\updater\prefs.cc:89] CreateGlobalPrefsInternal
[8832:1756:0611/220211.470:VERBOSE1:chrome\updater\prefs.cc:135] UpdaterPrefsImpl (global): C:\Program Files (x86)\Google\GoogleUpdater
[8832:1756:0611/220211.470:VERBOSE2:chrome\updater\app\app_server.cc:70] This version: 138.0.7194.0, active version: 138.0.7194.0
[8832:1756:0611/220211.470:VERBOSE1:chrome\updater\win\setup\setup_util.cc:263] AreComInterfacesPresent: scope: System: is_internal: 0
[8832:1756:0611/220211.513:VERBOSE2:chrome\updater\win\setup\setup_util.cc:284] AreComInterfacesPresent: all interfaces present
[8832:1756:0611/220211.513:VERBOSE2:chrome\updater\prefs.cc:208] CreateLocalPrefs
[8832:1756:0611/220211.514:VERBOSE1:chrome\updater\prefs.cc:135] UpdaterPrefsImpl (local): C:\Program Files (x86)\Google\GoogleUpdater\138.0.7194.0
[8832:1756:0611/220211.515:VERBOSE1:chrome\enterprise_companion\device_management_storage\dm_storage_win.cc:242] GetDmToken: token not found.
[8832:1756:0611/220211.515:VERBOSE1:chrome\enterprise_companion\device_management_storage\dm_storage.cc:218] No valid DM token.
[8832:1756:0611/220211.547:VERBOSE1:chrome\updater\policy\service.cc:146] Current effective policies:
{
  LastCheckPeriod = 270 (Default)
}

[8832:1756:0611/220211.547:VERBOSE1:chrome\updater\prefs.cc:140] ~UpdaterPrefsImpl: C:\Program Files (x86)\Google\GoogleUpdater\138.0.7194.0
[8832:1756:0611/220211.621:VERBOSE2:chrome\updater\app\app_server_win.cc:300] Starting task, Microsoft::WRL::Module count: 2
[8832:1756:0611/220211.621:VERBOSE2:chrome\updater\util\win_util.cc:1433] OemInstallTime not found
[8832:1756:0611/220211.621:VERBOSE1:chrome\updater\update_service_impl_impl.cc:820] RunPeriodicTasks
[8832:1756:0611/220211.622:VERBOSE1:chrome\updater\update_service_impl_impl.cc:825] last_started updated.
[8832:1756:0611/220212.223:VERBOSE2:chrome\updater\util\win_util.cc:1239] Cohort values: 1:gu/32zf:32zx@0.5, 137.0.7151.103 Rollout, 
[8832:9340:0611/220213.266:VERBOSE2:chrome\updater\update_usage_stats_task_win.cc:41] usage stats enabled by app {8a69d345-d564-463c-aff1-a69d9e530f96}
[8832:1756:0611/220213.886:VERBOSE1:chrome\updater\update_service_impl_impl.cc:713] FetchPolicies
[8832:9340:0611/220213.886:VERBOSE1:chrome\enterprise_companion\device_management_storage\dm_storage_win.cc:242] GetDmToken: token not found.
[8832:9340:0611/220213.886:VERBOSE1:chrome\enterprise_companion\device_management_storage\dm_storage_win.cc:40] ReadRegistryString: failed to read registry: Software\Policies\Google\CloudManagement\@EnrollmentToken
[8832:9340:0611/220213.886:VERBOSE1:chrome\enterprise_companion\device_management_storage\dm_storage_win.cc:40] ReadRegistryString: failed to read registry: Software\Policies\Google\Chrome\@CloudManagementEnrollmentToken
[8832:9340:0611/220213.886:VERBOSE1:chrome\enterprise_companion\device_management_storage\dm_storage_win.cc:40] ReadRegistryString: failed to read registry: Software\Google\Update\Clients\{44fc7fe2-65ce-487c-93f4-edee46eeaaab}@CloudManagementEnrollmentToken
[8832:9340:0611/220213.887:VERBOSE1:chrome\enterprise_companion\device_management_storage\dm_storage_win.cc:40] ReadRegistryString: failed to read registry: Software\Google\Update\Clients\{430fd4d0-b729-4f61-aa34-91526481799d}@CloudManagementEnrollmentToken
[8832:1756:0611/220213.887:VERBOSE2:chrome\updater\policy\service.cc:182] Device is not CBCM managed, skipped policy fetch.
[8832:1756:0611/220213.887:VERBOSE1:chrome\updater\policy\service.cc:207] FetchPoliciesDone: 0
[8832:1756:0611/220213.887:VERBOSE1:chrome\updater\policy\service.cc:212] Policies after refresh:
{
  LastCheckPeriod = 270 (Default)
}

[8832:1756:0611/220214.026:INFO:chrome\updater\check_for_updates_task.cc:49] Skipping UpdateAll: last update was 179 minutes ago. check_delay == 324
[8832:1756:0611/220214.059:VERBOSE1:chrome\updater\update_service_impl_impl.cc:928] ForceInstall
[8832:1756:0611/220214.059:INFO:chrome\updater\update_service_impl_impl.cc:884] ForceInstall task complete: 0
[6964:14836:0611/220214.953:VERBOSE2:chrome\updater\ipc\update_service_proxy_win.cc:255] Run
[6964:132:0611/220214.953:VERBOSE1:chrome\updater\ipc\update_service_proxy_win.cc:1048] ~UpdateServiceProxyImpl
[6964:5808:0611/220214.954:VERBOSE2:chrome\updater\ipc\proxy_impl_base_win.h:62] ~ProxyImplBase
[5632:7428:0611/220214.958:VERBOSE2:chrome\updater\ipc\update_service_internal_proxy_win.cc:65] Run result 0.
[6964:10124:0611/220214.958:VERBOSE2:chrome\updater\app\server\win\com_classes.cc:891] UpdaterInternalImpl::Run. IUpdaterInternalCallback::Run returned 0
[5632:6452:0611/220214.959:VERBOSE1:chrome\updater\ipc\update_service_internal_proxy_win.cc:148] ~UpdateServiceInternalProxyImpl
[5632:8200:0611/220214.959:VERBOSE2:chrome\updater\ipc\proxy_impl_base_win.h:62] ~ProxyImplBase
[5632:6452:0611/220214.961:VERBOSE1:chrome\updater\updater.cc:335] UpdaterMain (--wake) returned 0.
[10136:11616:0611/220214.970:VERBOSE1:chrome\updater\updater.cc:335] UpdaterMain (--crash-handler) returned 0.
[8832:1756:0611/220224.952:VERBOSE2:chrome\updater\app\app_server_win.cc:252] Stop: COM server is shutting down.
[8832:1756:0611/220224.952:VERBOSE2:chrome\updater\app\app_server_win.cc:312] Completed task, Microsoft::WRL::Module count: 0
[8832:9340:0611/220224.952:VERBOSE1:chrome\updater\prefs.cc:235] Prefs committed.
[8832:1756:0611/220224.953:VERBOSE1:chrome\updater\prefs.cc:140] ~UpdaterPrefsImpl: C:\Program Files (x86)\Google\GoogleUpdater
[8832:2424:0611/220224.956:VERBOSE1:chrome\updater\updater.cc:335] UpdaterMain (--windows-service) returned 0.
[5864:1760:0611/220224.967:VERBOSE1:chrome\updater\updater.cc:335] UpdaterMain (--crash-handler) returned 0.
[6964:132:0611/220224.968:VERBOSE2:chrome\updater\app\app_server_win.cc:252] Stop: COM server is shutting down.
[6964:132:0611/220224.968:VERBOSE2:chrome\updater\app\app_server_win.cc:312] Completed task, Microsoft::WRL::Module count: 0
[6964:10124:0611/220224.968:VERBOSE1:chrome\updater\prefs.cc:235] Prefs committed.
[6964:132:0611/220224.968:VERBOSE1:chrome\updater\prefs.cc:140] ~UpdaterPrefsImpl: C:\Program Files (x86)\Google\GoogleUpdater\138.0.7194.0
[6964:3520:0611/220224.970:VERBOSE1:chrome\updater\updater.cc:335] UpdaterMain (--windows-service) returned 0.
[9536:10764:0611/220224.982:VERBOSE1:chrome\updater\updater.cc:335] UpdaterMain (--crash-handler) returned 0.
[4752:4756:0612/120018.399:VERBOSE1:chrome\updater\updater.cc:328] Version: 138.0.7194.0, opt, 32 bit (x86), command line: "C:\Program Files (x86)\Google\GoogleUpdater\138.0.7194.0\updater.exe" --system --windows-service --service=update
[4676:4680:0612/120018.403:VERBOSE1:chrome\updater\updater.cc:328] Version: 138.0.7194.0, opt, 32 bit (x86), command line: "C:\Program Files (x86)\Google\GoogleUpdater\138.0.7194.0\updater.exe" --system --windows-service --service=update-internal
[4676:4680:0612/120018.403:VERBOSE1:chrome\updater\updater.cc:330] OS version: 10.0.22631.5472, System uptime (seconds): 29, parent pid: 968
[4752:4756:0612/120018.403:VERBOSE1:chrome\updater\updater.cc:330] OS version: 10.0.22631.5472, System uptime (seconds): 29, parent pid: 968
[6112:6116:0612/120018.654:VERBOSE1:chrome\updater\updater.cc:328] Version: 138.0.7194.0, opt, 32 bit (x86), command line: "C:\Program Files (x86)\Google\GoogleUpdater\138.0.7194.0\updater.exe" --crash-handler --system "--database=C:\Program Files (x86)\Google\GoogleUpdater\138.0.7194.0\Crashpad" --url=https://clients2.google.com/cr/report --annotation=prod=Update4 --annotation=ver=138.0.7194.0 "--attachment=C:\Program Files (x86)\Google\GoogleUpdater\updater.log" --initial-client-data=0x2d4,0x2d8,0x2dc,0x2a4,0x2e0,0x13129c0,0x13129cc,0x13129d8
[6112:6116:0612/120018.654:VERBOSE1:chrome\updater\updater.cc:330] OS version: 10.0.22631.5472, System uptime (seconds): 29, parent pid: 4676
[6120:6124:0612/120018.670:VERBOSE1:chrome\updater\updater.cc:328] Version: 138.0.7194.0, opt, 32 bit (x86), command line: "C:\Program Files (x86)\Google\GoogleUpdater\138.0.7194.0\updater.exe" --crash-handler --system "--database=C:\Program Files (x86)\Google\GoogleUpdater\138.0.7194.0\Crashpad" --url=https://clients2.google.com/cr/report --annotation=prod=Update4 --annotation=ver=138.0.7194.0 "--attachment=C:\Program Files (x86)\Google\GoogleUpdater\updater.log" --initial-client-data=0x2cc,0x2d0,0x2d4,0x2c8,0x2d8,0x13129c0,0x13129cc,0x13129d8
[6120:6124:0612/120018.670:VERBOSE1:chrome\updater\updater.cc:330] OS version: 10.0.22631.5472, System uptime (seconds): 29, parent pid: 4752
[4752:4756:0612/120018.685:VERBOSE1:chrome\updater\crash_reporter.cc:120] Crash handler launched and ready.
[4752:4756:0612/120018.685:VERBOSE1:chrome\updater\crash_client.cc:106] Found 0 completed crash reports
[4752:4756:0612/120018.685:VERBOSE1:chrome\updater\crash_client.cc:124] Found 0 pending crash reports
[4676:4680:0612/120018.685:VERBOSE1:chrome\updater\crash_reporter.cc:120] Crash handler launched and ready.
[4676:4680:0612/120018.685:VERBOSE1:chrome\updater\crash_client.cc:106] Found 0 completed crash reports
[4676:4680:0612/120018.685:VERBOSE1:chrome\updater\crash_client.cc:124] Found 0 pending crash reports
[4676:4680:0612/120018.685:VERBOSE2:chrome\updater\update_usage_stats_task_win.cc:41] usage stats enabled by app {8a69d345-d564-463c-aff1-a69d9e530f96}
[4752:4756:0612/120018.701:VERBOSE2:chrome\updater\update_usage_stats_task_win.cc:41] usage stats enabled by app {8a69d345-d564-463c-aff1-a69d9e530f96}
[4676:4680:0612/120018.701:VERBOSE1:chrome\updater\updater.cc:90] Crash reporting initialized.
[4752:4756:0612/120018.701:VERBOSE1:chrome\updater\updater.cc:90] Crash reporting initialized.
[4676:4680:0612/120018.779:VERBOSE1:chrome\updater\updater.cc:145] IsUserAdmin: 1, IsUserNonElevatedAdmin: 0, IsUACOn: 0, IsElevatedWithUACOn: 0, LUA: 1
[4752:4756:0612/120018.779:VERBOSE1:chrome\updater\updater.cc:145] IsUserAdmin: 1, IsUserNonElevatedAdmin: 0, IsUACOn: 0, IsElevatedWithUACOn: 0, LUA: 1
[4676:6156:0612/120018.857:VERBOSE2:chrome\updater\app\server\win\updater_service_delegate.cc:65] Running Wake task from the Windows Service
[4676:6156:0612/120018.857:VERBOSE2:chrome\updater\app\server\win\updater_service_delegate.cc:27] Launching Wake command: "C:\Program Files (x86)\Google\GoogleUpdater\138.0.7194.0\updater.exe" --wake --system
[6176:6180:0612/120018.904:VERBOSE1:chrome\updater\updater.cc:328] Version: 138.0.7194.0, opt, 32 bit (x86), command line: "C:\Program Files (x86)\Google\GoogleUpdater\138.0.7194.0\updater.exe" --wake --system
[6176:6180:0612/120018.904:VERBOSE1:chrome\updater\updater.cc:330] OS version: 10.0.22631.5472, System uptime (seconds): 30, parent pid: 4676
[6204:6208:0612/120018.951:VERBOSE1:chrome\updater\updater.cc:328] Version: 138.0.7194.0, opt, 32 bit (x86), command line: "C:\Program Files (x86)\Google\GoogleUpdater\138.0.7194.0\updater.exe" --crash-handler --system "--database=C:\Program Files (x86)\Google\GoogleUpdater\138.0.7194.0\Crashpad" --url=https://clients2.google.com/cr/report --annotation=prod=Update4 --annotation=ver=138.0.7194.0 "--attachment=C:\Program Files (x86)\Google\GoogleUpdater\updater.log" --initial-client-data=0x2c8,0x2cc,0x2d0,0x27c,0x2d4,0x13129c0,0x13129cc,0x13129d8
[6204:6208:0612/120018.951:VERBOSE1:chrome\updater\updater.cc:330] OS version: 10.0.22631.5472, System uptime (seconds): 30, parent pid: 6176
[6176:6180:0612/120018.951:VERBOSE1:chrome\updater\crash_reporter.cc:120] Crash handler launched and ready.
[6176:6180:0612/120018.951:VERBOSE1:chrome\updater\crash_client.cc:106] Found 0 completed crash reports
[6176:6180:0612/120018.951:VERBOSE1:chrome\updater\crash_client.cc:124] Found 0 pending crash reports
[6176:6180:0612/120018.951:VERBOSE2:chrome\updater\update_usage_stats_task_win.cc:41] usage stats enabled by app {8a69d345-d564-463c-aff1-a69d9e530f96}
[6176:6180:0612/120018.951:VERBOSE1:chrome\updater\updater.cc:90] Crash reporting initialized.
[6176:6180:0612/120018.951:VERBOSE1:chrome\updater\updater.cc:145] IsUserAdmin: 1, IsUserNonElevatedAdmin: 0, IsUACOn: 0, IsElevatedWithUACOn: 0, LUA: 1
[6176:6180:0612/120018.979:VERBOSE1:chrome\updater\ipc\update_service_internal_proxy_win.cc:156] Run
[6324:6328:0612/120019.202:VERBOSE1:chrome\updater\updater.cc:328] Version: 138.0.7194.0, opt, 32 bit (x86), command line: "C:\Program Files (x86)\Google\GoogleUpdater\138.0.7194.0\updater.exe" --system --windows-service --service=update-internal
[6324:6328:0612/120019.202:VERBOSE1:chrome\updater\updater.cc:330] OS version: 10.0.22631.5472, System uptime (seconds): 30, parent pid: 968
[6460:6464:0612/120019.312:VERBOSE1:chrome\updater\updater.cc:328] Version: 138.0.7194.0, opt, 32 bit (x86), command line: "C:\Program Files (x86)\Google\GoogleUpdater\138.0.7194.0\updater.exe" --crash-handler --system "--database=C:\Program Files (x86)\Google\GoogleUpdater\138.0.7194.0\Crashpad" --url=https://clients2.google.com/cr/report --annotation=prod=Update4 --annotation=ver=138.0.7194.0 "--attachment=C:\Program Files (x86)\Google\GoogleUpdater\updater.log" --initial-client-data=0x2d4,0x2d8,0x2dc,0x2b0,0x2e0,0x13129c0,0x13129cc,0x13129d8
[6460:6464:0612/120019.312:VERBOSE1:chrome\updater\updater.cc:330] OS version: 10.0.22631.5472, System uptime (seconds): 30, parent pid: 6324
[6324:6328:0612/120019.343:VERBOSE1:chrome\updater\crash_reporter.cc:120] Crash handler launched and ready.
[6324:6328:0612/120019.343:VERBOSE1:chrome\updater\crash_client.cc:106] Found 0 completed crash reports
[6324:6328:0612/120019.343:VERBOSE1:chrome\updater\crash_client.cc:124] Found 0 pending crash reports
[6324:6328:0612/120019.343:VERBOSE2:chrome\updater\update_usage_stats_task_win.cc:41] usage stats enabled by app {8a69d345-d564-463c-aff1-a69d9e530f96}
[6324:6328:0612/120019.343:VERBOSE1:chrome\updater\updater.cc:90] Crash reporting initialized.
[6324:6328:0612/120019.343:VERBOSE1:chrome\updater\updater.cc:145] IsUserAdmin: 1, IsUserNonElevatedAdmin: 0, IsUACOn: 0, IsElevatedWithUACOn: 0, LUA: 1
[6324:6524:0612/120019.406:VERBOSE2:chrome\updater\app\server\win\updater_service_delegate.cc:60] Running COM server within the Windows Service
[6324:6524:0612/120019.406:VERBOSE2:chrome\updater\app\app_server.cc:57] ModeCheck
[6324:6524:0612/120019.406:VERBOSE2:chrome\updater\prefs.cc:89] CreateGlobalPrefsInternal
[6324:6524:0612/120019.422:VERBOSE1:chrome\updater\prefs.cc:135] UpdaterPrefsImpl (global): C:\Program Files (x86)\Google\GoogleUpdater
[6324:6524:0612/120019.422:VERBOSE2:chrome\updater\app\app_server.cc:70] This version: 138.0.7194.0, active version: 138.0.7194.0
[6324:6524:0612/120019.422:VERBOSE1:chrome\updater\win\setup\setup_util.cc:263] AreComInterfacesPresent: scope: System: is_internal: 1
[6324:6524:0612/120019.422:VERBOSE2:chrome\updater\win\setup\setup_util.cc:284] AreComInterfacesPresent: all interfaces present
[6324:6524:0612/120019.422:VERBOSE2:chrome\updater\prefs.cc:208] CreateLocalPrefs
[6324:6524:0612/120019.422:VERBOSE1:chrome\updater\prefs.cc:135] UpdaterPrefsImpl (local): C:\Program Files (x86)\Google\GoogleUpdater\138.0.7194.0
[6324:6524:0612/120019.422:VERBOSE1:chrome\updater\prefs.cc:140] ~UpdaterPrefsImpl: C:\Program Files (x86)\Google\GoogleUpdater
[6324:6524:0612/120019.689:VERBOSE2:chrome\updater\app\app_server_win.cc:300] Starting task, Microsoft::WRL::Module count: 2
[6324:6524:0612/120019.689:VERBOSE1:chrome\updater\update_service_internal_impl.cc:25] Run
[6324:6524:0612/120019.689:VERBOSE1:chrome\updater\ipc\update_service_proxy_win.cc:1090] RunPeriodicTasks
[6664:6668:0612/120019.751:VERBOSE1:chrome\updater\updater.cc:328] Version: 138.0.7194.0, opt, 32 bit (x86), command line: "C:\Program Files (x86)\Google\GoogleUpdater\138.0.7194.0\updater.exe" --system --windows-service --service=update
[6664:6668:0612/120019.751:VERBOSE1:chrome\updater\updater.cc:330] OS version: 10.0.22631.5472, System uptime (seconds): 31, parent pid: 968
[6728:6732:0612/120019.814:VERBOSE1:chrome\updater\updater.cc:328] Version: 138.0.7194.0, opt, 32 bit (x86), command line: "C:\Program Files (x86)\Google\GoogleUpdater\138.0.7194.0\updater.exe" --crash-handler --system "--database=C:\Program Files (x86)\Google\GoogleUpdater\138.0.7194.0\Crashpad" --url=https://clients2.google.com/cr/report --annotation=prod=Update4 --annotation=ver=138.0.7194.0 "--attachment=C:\Program Files (x86)\Google\GoogleUpdater\updater.log" --initial-client-data=0x2cc,0x2d0,0x2d4,0x2a4,0x2d8,0x13129c0,0x13129cc,0x13129d8
[6728:6732:0612/120019.814:VERBOSE1:chrome\updater\updater.cc:330] OS version: 10.0.22631.5472, System uptime (seconds): 31, parent pid: 6664
[6664:6668:0612/120019.814:VERBOSE1:chrome\updater\crash_reporter.cc:120] Crash handler launched and ready.
[6664:6668:0612/120019.814:VERBOSE1:chrome\updater\crash_client.cc:106] Found 0 completed crash reports
[6664:6668:0612/120019.814:VERBOSE1:chrome\updater\crash_client.cc:124] Found 0 pending crash reports
[6664:6668:0612/120019.814:VERBOSE2:chrome\updater\update_usage_stats_task_win.cc:41] usage stats enabled by app {8a69d345-d564-463c-aff1-a69d9e530f96}
[6664:6668:0612/120019.814:VERBOSE1:chrome\updater\updater.cc:90] Crash reporting initialized.
[6664:6668:0612/120019.814:VERBOSE1:chrome\updater\updater.cc:145] IsUserAdmin: 1, IsUserNonElevatedAdmin: 0, IsUACOn: 0, IsElevatedWithUACOn: 0, LUA: 1
[6664:6860:0612/120019.845:VERBOSE2:chrome\updater\app\server\win\updater_service_delegate.cc:60] Running COM server within the Windows Service
[6664:6860:0612/120019.845:VERBOSE2:chrome\updater\app\app_server.cc:57] ModeCheck
[6664:6860:0612/120019.845:VERBOSE2:chrome\updater\prefs.cc:89] CreateGlobalPrefsInternal
[6664:6860:0612/120019.845:VERBOSE1:chrome\updater\prefs.cc:135] UpdaterPrefsImpl (global): C:\Program Files (x86)\Google\GoogleUpdater
[6664:6860:0612/120019.845:VERBOSE2:chrome\updater\app\app_server.cc:70] This version: 138.0.7194.0, active version: 138.0.7194.0
[6664:6860:0612/120019.845:VERBOSE1:chrome\updater\win\setup\setup_util.cc:263] AreComInterfacesPresent: scope: System: is_internal: 0
[6664:6860:0612/120019.861:VERBOSE2:chrome\updater\win\setup\setup_util.cc:284] AreComInterfacesPresent: all interfaces present
[6664:6860:0612/120019.861:VERBOSE2:chrome\updater\prefs.cc:208] CreateLocalPrefs
[6664:6860:0612/120019.861:VERBOSE1:chrome\updater\prefs.cc:135] UpdaterPrefsImpl (local): C:\Program Files (x86)\Google\GoogleUpdater\138.0.7194.0
[6664:6860:0612/120019.861:VERBOSE1:chrome\enterprise_companion\device_management_storage\dm_storage_win.cc:242] GetDmToken: token not found.
[6664:6860:0612/120019.861:VERBOSE1:chrome\enterprise_companion\device_management_storage\dm_storage.cc:218] No valid DM token.
[6664:6860:0612/120020.096:VERBOSE1:chrome\updater\policy\service.cc:146] Current effective policies:
{
  LastCheckPeriod = 270 (Default)
}

[6664:6860:0612/120020.096:VERBOSE1:chrome\updater\prefs.cc:140] ~UpdaterPrefsImpl: C:\Program Files (x86)\Google\GoogleUpdater\138.0.7194.0
[6664:6860:0612/120020.128:VERBOSE2:chrome\updater\app\app_server_win.cc:300] Starting task, Microsoft::WRL::Module count: 2
[6664:6860:0612/120020.128:VERBOSE2:chrome\updater\util\win_util.cc:1433] OemInstallTime not found
[6664:6860:0612/120020.128:VERBOSE1:chrome\updater\update_service_impl_impl.cc:820] RunPeriodicTasks
[6664:6860:0612/120020.128:VERBOSE1:chrome\updater\update_service_impl_impl.cc:825] last_started updated.
[6664:6860:0612/120020.645:VERBOSE2:chrome\updater\util\win_util.cc:1239] Cohort values: 1:gu/32zf:32zx@0.5, 137.0.7151.103 Rollout, 
[4752:4756:0612/120021.131:VERBOSE1:chrome\updater\updater.cc:335] UpdaterMain (--windows-service) returned 0.
[4676:4680:0612/120021.131:VERBOSE1:chrome\updater\updater.cc:335] UpdaterMain (--windows-service) returned 0.
[6120:6124:0612/120021.162:VERBOSE1:chrome\updater\updater.cc:335] UpdaterMain (--crash-handler) returned 0.
[6112:6116:0612/120021.162:VERBOSE1:chrome\updater\updater.cc:335] UpdaterMain (--crash-handler) returned 0.
[6664:6844:0612/120021.194:VERBOSE2:chrome\updater\update_usage_stats_task_win.cc:41] usage stats enabled by app {8a69d345-d564-463c-aff1-a69d9e530f96}
[6664:6860:0612/120021.711:VERBOSE1:chrome\updater\update_service_impl_impl.cc:713] FetchPolicies
[6664:6844:0612/120021.711:VERBOSE1:chrome\enterprise_companion\device_management_storage\dm_storage_win.cc:242] GetDmToken: token not found.
[6664:6844:0612/120021.711:VERBOSE1:chrome\enterprise_companion\device_management_storage\dm_storage_win.cc:40] ReadRegistryString: failed to read registry: Software\Policies\Google\CloudManagement\@EnrollmentToken
[6664:6844:0612/120021.711:VERBOSE1:chrome\enterprise_companion\device_management_storage\dm_storage_win.cc:40] ReadRegistryString: failed to read registry: Software\Policies\Google\Chrome\@CloudManagementEnrollmentToken
[6664:6844:0612/120021.711:VERBOSE1:chrome\enterprise_companion\device_management_storage\dm_storage_win.cc:40] ReadRegistryString: failed to read registry: Software\Google\Update\Clients\{44fc7fe2-65ce-487c-93f4-edee46eeaaab}@CloudManagementEnrollmentToken
[6664:6844:0612/120021.711:VERBOSE1:chrome\enterprise_companion\device_management_storage\dm_storage_win.cc:40] ReadRegistryString: failed to read registry: Software\Google\Update\Clients\{430fd4d0-b729-4f61-aa34-91526481799d}@CloudManagementEnrollmentToken
[6664:6860:0612/120021.711:VERBOSE2:chrome\updater\policy\service.cc:182] Device is not CBCM managed, skipped policy fetch.
[6664:6860:0612/120021.711:VERBOSE1:chrome\updater\policy\service.cc:207] FetchPoliciesDone: 0
[6664:6860:0612/120021.711:VERBOSE1:chrome\updater\policy\service.cc:212] Policies after refresh:
{
  LastCheckPeriod = 270 (Default)
}

[6664:6860:0612/120022.166:VERBOSE1:chrome\updater\update_service_impl_impl.cc:1083] UpdateAll
[6664:6860:0612/120022.182:VERBOSE1:chrome\updater\update_service_impl_impl.cc:128] GetComponents. Same version update: not allowed
[6664:6860:0612/120022.182:VERBOSE1:chrome\updater\installer.cc:134] MakeCrxComponentFromAppInfo for {44fc7fe2-65ce-487c-93f4-edee46eeaaab}
[6664:6860:0612/120022.182:VERBOSE1:chrome\updater\installer.cc:134] MakeCrxComponentFromAppInfo for {8a69d345-d564-463c-aff1-a69d9e530f96}
[6664:6860:0612/120022.185:VERBOSE1:chrome\updater\net\network_fetcher_win.cc:54] Using the system configuration for proxy.
[6664:6860:0612/120022.198:VERBOSE2:chrome\updater\net\network_fetcher_win.cc:198] Impl: GetLoggedOnUserToken failed: 8000ffff
[6664:6860:0612/120022.746:VERBOSE2:components\update_client\request_sender.cc:95] url: https://update.googleapis.com/service/update2/json
[6664:6860:0612/120022.746:VERBOSE2:components\update_client\request_sender.cc:104] Sending Omaha request: {"request":{"@os":"win","@updater":"updater","acceptformat":"crx3,download,puff,run,xz,zucc","apps":[{"appid":"{44fc7fe2-65ce-487c-93f4-edee46eeaaab}","cohort":"1:scr:","cohortname":"Everyone","enabled":true,"installdate":6735,"ping":{"ping_freshness":"{c9c8be87-6cf6-48b8-b660-03085c0b9aaa}","rd":6736},"updatecheck":{},"version":"138.0.7194.0"},{"ap":"x64-statsdef_1","appid":"{8a69d345-d564-463c-aff1-a69d9e530f96}","brand":"ONGR","cached_items":[{"sha256":"a017a3bf1dbaf31d3ae7114cc3cf1767b0ef199ff6dd08303e54083f7a9f5048"}],"cohort":"1:gu/32zf:32zx@0.5","cohortname":"137.0.7151.103 Rollout","enabled":true,"installdate":6735,"lang":"en","ping":{"ping_freshness":"{630c770b-13e5-4475-949e-9179e540ebe3}","rd":6736},"updatecheck":{},"version":"137.0.7151.104"}],"arch":"x86","dedup":"cr","domainjoined":false,"hw":{"avx":false,"physmemory":16,"sse":true,"sse2":true,"sse3":true,"sse41":true,"sse42":true,"ssse3":true},"ismachine":true,"nacl_arch":"x86-64","os":{"arch":"x86_64","platform":"Windows","version":"10.0.22631.5472"},"prodversion":"138.0.7194.0","protocol":"4.0","requestid":"{cb304ff0-8b40-4d1f-a52e-10d17b748baa}","sessionid":"{6fd25546-8417-4f83-a66d-d243765de1a7}","updaterversion":"138.0.7194.0","wow64":true}}
[6664:6860:0612/120022.746:VERBOSE2:chrome\updater\net\network_fetcher_win.cc:123] PostRequest
[6664:6844:0612/120022.746:VERBOSE1:components\winhttp\proxy_configuration.cc:123] Auto-proxy: winhttp uses the user settings for proxy.
[6664:6976:0612/120023.813:VERBOSE1:components\winhttp\network_fetcher.cc:526] hostname: update.googleapis.com
[6664:6860:0612/120023.985:VERBOSE2:chrome\updater\net\network_fetcher_win.cc:151] PostRequestComplete: response code=0
[6664:6860:0612/120023.985:VERBOSE1:components\update_client\request_sender.cc:188] Request completed from url: https://update.googleapis.com/service/update2/json?cup2key=15:7_9BkDK8sqpPlMeHqKRRKccw2F-Ae0GlwVuseax32Ps&cup2hreq=c497926b720f95c36c692aae51bcc33f32a69c10ccb32b654b49cc2054c4a2a3
[6664:6860:0612/120023.985:VERBOSE2:components\update_client\request_sender.cc:136] Omaha response received: 
[6664:6860:0612/120023.985:VERBOSE2:components\update_client\request_sender.cc:137] Omaha send error: -2147012889
[6664:6860:0612/120023.985:VERBOSE1:components\update_client\update_checker.cc:299] RequestSender failed -2147012889
[6664:6860:0612/120023.988:INFO:chrome\updater\check_for_updates_task.cc:88] UpdateAll task complete: 5
[6664:6860:0612/120024.801:VERBOSE1:chrome\updater\update_service_impl_impl.cc:928] ForceInstall
[6664:6860:0612/120024.801:INFO:chrome\updater\update_service_impl_impl.cc:884] ForceInstall task complete: 0
[6324:6540:0612/120026.730:VERBOSE2:chrome\updater\ipc\update_service_proxy_win.cc:255] Run
[6324:6524:0612/120026.730:VERBOSE1:chrome\updater\ipc\update_service_proxy_win.cc:1048] ~UpdateServiceProxyImpl
[6324:6600:0612/120026.730:VERBOSE2:chrome\updater\ipc\proxy_impl_base_win.h:62] ~ProxyImplBase
[6176:6316:0612/120026.730:VERBOSE2:chrome\updater\ipc\update_service_internal_proxy_win.cc:65] Run result 0.
[6324:6512:0612/120026.730:VERBOSE2:chrome\updater\app\server\win\com_classes.cc:891] UpdaterInternalImpl::Run. IUpdaterInternalCallback::Run returned 0
[6176:6180:0612/120026.730:VERBOSE1:chrome\updater\ipc\update_service_internal_proxy_win.cc:148] ~UpdateServiceInternalProxyImpl
[6176:6260:0612/120026.730:VERBOSE2:chrome\updater\ipc\proxy_impl_base_win.h:62] ~ProxyImplBase
[6664:6860:0612/120036.783:VERBOSE2:chrome\updater\app\app_server_win.cc:252] Stop: COM server is shutting down.
[6324:6524:0612/120036.783:VERBOSE2:chrome\updater\app\app_server_win.cc:252] Stop: COM server is shutting down.
[6324:6524:0612/120036.798:VERBOSE2:chrome\updater\app\app_server_win.cc:312] Completed task, Microsoft::WRL::Module count: 0
[6324:6512:0612/120036.798:VERBOSE1:chrome\updater\prefs.cc:235] Prefs committed.
[6324:6524:0612/120036.798:VERBOSE1:chrome\updater\prefs.cc:140] ~UpdaterPrefsImpl: C:\Program Files (x86)\Google\GoogleUpdater\138.0.7194.0
[6664:6860:0612/120036.876:VERBOSE2:chrome\updater\app\app_server_win.cc:312] Completed task, Microsoft::WRL::Module count: 0
[6664:6844:0612/120036.892:VERBOSE1:chrome\updater\prefs.cc:235] Prefs committed.
[6664:6860:0612/120036.892:VERBOSE1:chrome\updater\prefs.cc:140] ~UpdaterPrefsImpl: C:\Program Files (x86)\Google\GoogleUpdater
[6176:6180:0612/120042.842:VERBOSE1:chrome\updater\updater.cc:335] UpdaterMain (--wake) returned 0.
[6204:6208:0612/120043.357:VERBOSE1:chrome\updater\updater.cc:335] UpdaterMain (--crash-handler) returned 0.
[7472:9028:0612/120047.435:VERBOSE1:chrome\updater\updater.cc:328] Version: 138.0.7194.0, opt, 32 bit (x86), command line: "C:\Program Files (x86)\Google\GoogleUpdater\138.0.7194.0\updater.exe" --wake --system
[7472:9028:0612/120047.435:VERBOSE1:chrome\updater\updater.cc:330] OS version: 10.0.22631.5472, System uptime (seconds): 58, parent pid: 1704
[6664:6668:0612/120049.840:VERBOSE1:chrome\updater\updater.cc:335] UpdaterMain (--windows-service) returned 0.
[6728:6732:0612/120050.965:VERBOSE1:chrome\updater\updater.cc:335] UpdaterMain (--crash-handler) returned 0.
[12024:12028:0612/120055.027:VERBOSE1:chrome\updater\updater.cc:328] Version: 138.0.7194.0, opt, 32 bit (x86), command line: "C:\Program Files (x86)\Google\GoogleUpdater\138.0.7194.0\updater.exe" --crash-handler --system "--database=C:\Program Files (x86)\Google\GoogleUpdater\138.0.7194.0\Crashpad" --url=https://clients2.google.com/cr/report --annotation=prod=Update4 --annotation=ver=138.0.7194.0 "--attachment=C:\Program Files (x86)\Google\GoogleUpdater\updater.log" --initial-client-data=0x2c8,0x2cc,0x2d0,0x2a4,0x2d4,0x13129c0,0x13129cc,0x13129d8
[12024:12028:0612/120055.027:VERBOSE1:chrome\updater\updater.cc:330] OS version: 10.0.22631.5472, System uptime (seconds): 66, parent pid: 7472
[7472:9028:0612/120055.120:VERBOSE1:chrome\updater\crash_reporter.cc:120] Crash handler launched and ready.
[7472:9028:0612/120055.152:VERBOSE1:chrome\updater\crash_client.cc:106] Found 0 completed crash reports
[7472:9028:0612/120055.152:VERBOSE1:chrome\updater\crash_client.cc:124] Found 0 pending crash reports
[7472:9028:0612/120055.199:VERBOSE2:chrome\updater\update_usage_stats_task_win.cc:41] usage stats enabled by app {8a69d345-d564-463c-aff1-a69d9e530f96}
[7472:9028:0612/120055.261:VERBOSE1:chrome\updater\updater.cc:90] Crash reporting initialized.
[7472:9028:0612/120055.277:VERBOSE1:chrome\updater\updater.cc:145] IsUserAdmin: 1, IsUserNonElevatedAdmin: 0, IsUACOn: 1, IsElevatedWithUACOn: 1, LUA: 1
[7472:9028:0612/120055.308:VERBOSE1:chrome\updater\ipc\update_service_internal_proxy_win.cc:156] Run
[7716:11604:0612/120055.652:VERBOSE1:chrome\updater\updater.cc:328] Version: 138.0.7194.0, opt, 32 bit (x86), command line: "C:\Program Files (x86)\Google\GoogleUpdater\138.0.7194.0\updater.exe" --system --windows-service --service=update-internal
[7716:11604:0612/120055.652:VERBOSE1:chrome\updater\updater.cc:330] OS version: 10.0.22631.5472, System uptime (seconds): 66, parent pid: 968
[6552:5752:0612/120055.730:VERBOSE1:chrome\updater\updater.cc:328] Version: 138.0.7194.0, opt, 32 bit (x86), command line: "C:\Program Files (x86)\Google\GoogleUpdater\138.0.7194.0\updater.exe" --crash-handler --system "--database=C:\Program Files (x86)\Google\GoogleUpdater\138.0.7194.0\Crashpad" --url=https://clients2.google.com/cr/report --annotation=prod=Update4 --annotation=ver=138.0.7194.0 "--attachment=C:\Program Files (x86)\Google\GoogleUpdater\updater.log" --initial-client-data=0x2d4,0x2d8,0x2dc,0x2b0,0x2e0,0x13129c0,0x13129cc,0x13129d8
[6552:5752:0612/120055.730:VERBOSE1:chrome\updater\updater.cc:330] OS version: 10.0.22631.5472, System uptime (seconds): 67, parent pid: 7716
[7716:11604:0612/120055.730:VERBOSE1:chrome\updater\crash_reporter.cc:120] Crash handler launched and ready.
[7716:11604:0612/120055.730:VERBOSE1:chrome\updater\crash_client.cc:106] Found 0 completed crash reports
[7716:11604:0612/120055.730:VERBOSE1:chrome\updater\crash_client.cc:124] Found 0 pending crash reports
[7716:11604:0612/120055.730:VERBOSE2:chrome\updater\update_usage_stats_task_win.cc:41] usage stats enabled by app {8a69d345-d564-463c-aff1-a69d9e530f96}
[7716:11604:0612/120055.730:VERBOSE1:chrome\updater\updater.cc:90] Crash reporting initialized.
[7716:11604:0612/120055.730:VERBOSE1:chrome\updater\updater.cc:145] IsUserAdmin: 1, IsUserNonElevatedAdmin: 0, IsUACOn: 1, IsElevatedWithUACOn: 1, LUA: 1
[7716:9548:0612/120055.761:VERBOSE2:chrome\updater\app\server\win\updater_service_delegate.cc:60] Running COM server within the Windows Service
[7716:9548:0612/120055.761:VERBOSE2:chrome\updater\app\app_server.cc:57] ModeCheck
[7716:9548:0612/120055.761:VERBOSE2:chrome\updater\prefs.cc:89] CreateGlobalPrefsInternal
[7716:9548:0612/120055.761:VERBOSE1:chrome\updater\prefs.cc:135] UpdaterPrefsImpl (global): C:\Program Files (x86)\Google\GoogleUpdater
[7716:9548:0612/120055.761:VERBOSE2:chrome\updater\app\app_server.cc:70] This version: 138.0.7194.0, active version: 138.0.7194.0
[7716:9548:0612/120055.761:VERBOSE1:chrome\updater\win\setup\setup_util.cc:263] AreComInterfacesPresent: scope: System: is_internal: 1
[7716:9548:0612/120055.761:VERBOSE2:chrome\updater\win\setup\setup_util.cc:284] AreComInterfacesPresent: all interfaces present
[7716:9548:0612/120055.761:VERBOSE2:chrome\updater\prefs.cc:208] CreateLocalPrefs
[7716:9548:0612/120055.761:VERBOSE1:chrome\updater\prefs.cc:135] UpdaterPrefsImpl (local): C:\Program Files (x86)\Google\GoogleUpdater\138.0.7194.0
[7716:9548:0612/120055.761:VERBOSE1:chrome\updater\prefs.cc:140] ~UpdaterPrefsImpl: C:\Program Files (x86)\Google\GoogleUpdater
[7716:9548:0612/120055.808:VERBOSE2:chrome\updater\app\app_server_win.cc:300] Starting task, Microsoft::WRL::Module count: 2
[7716:9548:0612/120055.808:VERBOSE1:chrome\updater\update_service_internal_impl.cc:25] Run
[7716:9548:0612/120055.808:VERBOSE1:chrome\updater\ipc\update_service_proxy_win.cc:1090] RunPeriodicTasks
[11120:4412:0612/120055.886:VERBOSE1:chrome\updater\updater.cc:328] Version: 138.0.7194.0, opt, 32 bit (x86), command line: "C:\Program Files (x86)\Google\GoogleUpdater\138.0.7194.0\updater.exe" --system --windows-service --service=update
[11120:4412:0612/120055.886:VERBOSE1:chrome\updater\updater.cc:330] OS version: 10.0.22631.5472, System uptime (seconds): 67, parent pid: 968
[4120:4492:0612/120055.980:VERBOSE1:chrome\updater\updater.cc:328] Version: 138.0.7194.0, opt, 32 bit (x86), command line: "C:\Program Files (x86)\Google\GoogleUpdater\138.0.7194.0\updater.exe" --crash-handler --system "--database=C:\Program Files (x86)\Google\GoogleUpdater\138.0.7194.0\Crashpad" --url=https://clients2.google.com/cr/report --annotation=prod=Update4 --annotation=ver=138.0.7194.0 "--attachment=C:\Program Files (x86)\Google\GoogleUpdater\updater.log" --initial-client-data=0x2cc,0x2d0,0x2d4,0x2a8,0x2d8,0x13129c0,0x13129cc,0x13129d8
[4120:4492:0612/120055.980:VERBOSE1:chrome\updater\updater.cc:330] OS version: 10.0.22631.5472, System uptime (seconds): 67, parent pid: 11120
[11120:4412:0612/120055.995:VERBOSE1:chrome\updater\crash_reporter.cc:120] Crash handler launched and ready.
[11120:4412:0612/120055.995:VERBOSE1:chrome\updater\crash_client.cc:106] Found 0 completed crash reports
[11120:4412:0612/120055.995:VERBOSE1:chrome\updater\crash_client.cc:124] Found 0 pending crash reports
[11120:4412:0612/120055.995:VERBOSE2:chrome\updater\update_usage_stats_task_win.cc:41] usage stats enabled by app {8a69d345-d564-463c-aff1-a69d9e530f96}
[11120:4412:0612/120055.995:VERBOSE1:chrome\updater\updater.cc:90] Crash reporting initialized.
[11120:4412:0612/120055.995:VERBOSE1:chrome\updater\updater.cc:145] IsUserAdmin: 1, IsUserNonElevatedAdmin: 0, IsUACOn: 1, IsElevatedWithUACOn: 1, LUA: 1
[11120:3492:0612/120056.027:VERBOSE2:chrome\updater\app\server\win\updater_service_delegate.cc:60] Running COM server within the Windows Service
[11120:3492:0612/120056.027:VERBOSE2:chrome\updater\app\app_server.cc:57] ModeCheck
[11120:3492:0612/120056.027:VERBOSE2:chrome\updater\prefs.cc:89] CreateGlobalPrefsInternal
[11120:3492:0612/120056.027:VERBOSE1:chrome\updater\prefs.cc:135] UpdaterPrefsImpl (global): C:\Program Files (x86)\Google\GoogleUpdater
[11120:3492:0612/120056.027:VERBOSE2:chrome\updater\app\app_server.cc:70] This version: 138.0.7194.0, active version: 138.0.7194.0
[11120:3492:0612/120056.027:VERBOSE1:chrome\updater\win\setup\setup_util.cc:263] AreComInterfacesPresent: scope: System: is_internal: 0
[11120:3492:0612/120056.058:VERBOSE2:chrome\updater\win\setup\setup_util.cc:284] AreComInterfacesPresent: all interfaces present
[11120:3492:0612/120056.058:VERBOSE2:chrome\updater\prefs.cc:208] CreateLocalPrefs
[11120:3492:0612/120056.058:VERBOSE1:chrome\updater\prefs.cc:135] UpdaterPrefsImpl (local): C:\Program Files (x86)\Google\GoogleUpdater\138.0.7194.0
[11120:3492:0612/120056.058:VERBOSE1:chrome\enterprise_companion\device_management_storage\dm_storage_win.cc:242] GetDmToken: token not found.
[11120:3492:0612/120056.058:VERBOSE1:chrome\enterprise_companion\device_management_storage\dm_storage.cc:218] No valid DM token.
[11120:3492:0612/120056.073:VERBOSE1:chrome\updater\policy\service.cc:146] Current effective policies:
{
  LastCheckPeriod = 270 (Default)
}

[11120:3492:0612/120056.073:VERBOSE1:chrome\updater\prefs.cc:140] ~UpdaterPrefsImpl: C:\Program Files (x86)\Google\GoogleUpdater\138.0.7194.0
[11120:3492:0612/120056.152:VERBOSE2:chrome\updater\app\app_server_win.cc:300] Starting task, Microsoft::WRL::Module count: 2
[11120:3492:0612/120056.152:VERBOSE2:chrome\updater\util\win_util.cc:1433] OemInstallTime not found
[11120:3492:0612/120056.152:VERBOSE1:chrome\updater\update_service_impl_impl.cc:820] RunPeriodicTasks
[11120:3492:0612/120056.152:VERBOSE1:chrome\updater\update_service_impl_impl.cc:825] last_started updated.
[11120:3492:0612/120056.386:VERBOSE2:chrome\updater\util\win_util.cc:1239] Cohort values: 1:gu/32zf:32zx@0.5, 137.0.7151.103 Rollout, 
[6324:6328:0612/120056.995:VERBOSE1:chrome\updater\updater.cc:335] UpdaterMain (--windows-service) returned 0.
[6460:6464:0612/120056.995:VERBOSE1:chrome\updater\updater.cc:335] UpdaterMain (--crash-handler) returned 0.
[11120:8184:0612/120057.151:VERBOSE2:chrome\updater\update_usage_stats_task_win.cc:41] usage stats enabled by app {8a69d345-d564-463c-aff1-a69d9e530f96}
[11120:3492:0612/120058.089:VERBOSE1:chrome\updater\update_service_impl_impl.cc:713] FetchPolicies
[11120:8184:0612/120058.089:VERBOSE1:chrome\enterprise_companion\device_management_storage\dm_storage_win.cc:242] GetDmToken: token not found.
[11120:8184:0612/120058.089:VERBOSE1:chrome\enterprise_companion\device_management_storage\dm_storage_win.cc:40] ReadRegistryString: failed to read registry: Software\Policies\Google\CloudManagement\@EnrollmentToken
[11120:8184:0612/120058.089:VERBOSE1:chrome\enterprise_companion\device_management_storage\dm_storage_win.cc:40] ReadRegistryString: failed to read registry: Software\Policies\Google\Chrome\@CloudManagementEnrollmentToken
[11120:8184:0612/120058.089:VERBOSE1:chrome\enterprise_companion\device_management_storage\dm_storage_win.cc:40] ReadRegistryString: failed to read registry: Software\Google\Update\Clients\{44fc7fe2-65ce-487c-93f4-edee46eeaaab}@CloudManagementEnrollmentToken
[11120:8184:0612/120058.089:VERBOSE1:chrome\enterprise_companion\device_management_storage\dm_storage_win.cc:40] ReadRegistryString: failed to read registry: Software\Google\Update\Clients\{430fd4d0-b729-4f61-aa34-91526481799d}@CloudManagementEnrollmentToken
[11120:3492:0612/120058.089:VERBOSE2:chrome\updater\policy\service.cc:182] Device is not CBCM managed, skipped policy fetch.
[11120:3492:0612/120058.089:VERBOSE1:chrome\updater\policy\service.cc:207] FetchPoliciesDone: 0
[11120:3492:0612/120058.089:VERBOSE1:chrome\updater\policy\service.cc:212] Policies after refresh:
{
  LastCheckPeriod = 270 (Default)
}

[11120:3492:0612/120058.651:VERBOSE1:chrome\updater\update_service_impl_impl.cc:1083] UpdateAll
[11120:3492:0612/120058.651:VERBOSE1:chrome\updater\update_service_impl_impl.cc:128] GetComponents. Same version update: not allowed
[11120:3492:0612/120058.651:VERBOSE1:chrome\updater\installer.cc:134] MakeCrxComponentFromAppInfo for {44fc7fe2-65ce-487c-93f4-edee46eeaaab}
[11120:3492:0612/120058.651:VERBOSE1:chrome\updater\installer.cc:134] MakeCrxComponentFromAppInfo for {8a69d345-d564-463c-aff1-a69d9e530f96}
[11120:3492:0612/120058.651:VERBOSE1:chrome\updater\net\network_fetcher_win.cc:54] Using the system configuration for proxy.
[11120:3492:0612/120058.682:VERBOSE2:chrome\updater\net\network_fetcher_win.cc:203] Impl: Successfully got logged on user token. Impersonate result: 0
[11120:3492:0612/120058.777:VERBOSE2:components\update_client\request_sender.cc:95] url: https://update.googleapis.com/service/update2/json
[11120:3492:0612/120058.777:VERBOSE2:components\update_client\request_sender.cc:104] Sending Omaha request: {"request":{"@os":"win","@updater":"updater","acceptformat":"crx3,download,puff,run,xz,zucc","apps":[{"appid":"{44fc7fe2-65ce-487c-93f4-edee46eeaaab}","cohort":"1:scr:","cohortname":"Everyone","enabled":true,"installdate":6735,"ping":{"ping_freshness":"{c9c8be87-6cf6-48b8-b660-03085c0b9aaa}","rd":6736},"updatecheck":{},"version":"138.0.7194.0"},{"ap":"x64-statsdef_1","appid":"{8a69d345-d564-463c-aff1-a69d9e530f96}","brand":"ONGR","cached_items":[{"sha256":"a017a3bf1dbaf31d3ae7114cc3cf1767b0ef199ff6dd08303e54083f7a9f5048"}],"cohort":"1:gu/32zf:32zx@0.5","cohortname":"137.0.7151.103 Rollout","enabled":true,"installdate":6735,"lang":"en","ping":{"ad":6736,"ping_freshness":"{630c770b-13e5-4475-949e-9179e540ebe3}","rd":6736},"updatecheck":{},"version":"137.0.7151.104"}],"arch":"x86","dedup":"cr","domainjoined":false,"hw":{"avx":false,"physmemory":16,"sse":true,"sse2":true,"sse3":true,"sse41":true,"sse42":true,"ssse3":true},"ismachine":true,"nacl_arch":"x86-64","os":{"arch":"x86_64","platform":"Windows","version":"10.0.22631.5472"},"prodversion":"138.0.7194.0","protocol":"4.0","requestid":"{21dd0389-cf3b-40e2-890f-aed89f5c6b4a}","sessionid":"{13dbe3bd-2172-4d10-9620-0c720a3cf478}","updaterversion":"138.0.7194.0","wow64":true}}
[11120:3492:0612/120058.777:VERBOSE2:chrome\updater\net\network_fetcher_win.cc:123] PostRequest
[11120:8184:0612/120058.777:VERBOSE1:components\winhttp\proxy_configuration.cc:123] Auto-proxy: winhttp uses the user settings for proxy.
[11120:5520:0612/120058.870:VERBOSE1:components\winhttp\network_fetcher.cc:526] hostname: update.googleapis.com
[11120:5520:0612/120059.011:VERBOSE1:components\winhttp\network_fetcher.cc:535] ip: [2607:f8b0:4006:809::2003]
[11120:3492:0612/120059.354:VERBOSE2:chrome\updater\net\network_fetcher_win.cc:151] PostRequestComplete: response code=200
[11120:3492:0612/120059.354:VERBOSE1:components\update_client\request_sender.cc:188] Request completed from url: https://update.googleapis.com/service/update2/json?cup2key=15:_Vn63oQ1qNcTBiWYsXe_1WVxXt9ydvaHrNHudXpL1Dc&cup2hreq=c4efe34ae74983f50f93703eb8974e3aff63e70662b0dd069e1b42176dfd436a
[11120:3492:0612/120059.354:VERBOSE2:components\update_client\request_sender.cc:136] Omaha response received: )]}'
{"response":{"server":"prod","protocol":"4.0","daystart":{"elapsed_seconds":32467,"elapsed_days":6737},"apps":[{"appid":"{44fc7fe2-65ce-487c-93f4-edee46eeaaab}","cohort":"1:scr:","status":"ok","cohortname":"Everyone","ping":{"status":"ok"},"updatecheck":{"status":"noupdate"}},{"appid":"{8a69d345-d564-463c-aff1-a69d9e530f96}","cohort":"1:gu/32zf:32zx@0.5","status":"ok","cohortname":"137.0.7151.103 Rollout","ping":{"status":"ok"},"updatecheck":{"status":"noupdate"}}]}}
[11120:3492:0612/120059.370:VERBOSE1:chrome\updater\update_service_impl_impl.cc:1106] last_checked updated.
[11120:3492:0612/120059.370:INFO:chrome\updater\check_for_updates_task.cc:88] UpdateAll task complete: 0
[11120:3492:0612/120059.698:VERBOSE1:chrome\updater\update_service_impl_impl.cc:928] ForceInstall
[11120:3492:0612/120059.698:INFO:chrome\updater\update_service_impl_impl.cc:884] ForceInstall task complete: 0
[7716:9604:0612/120100.089:VERBOSE2:chrome\updater\ipc\update_service_proxy_win.cc:255] Run
[7716:9548:0612/120100.089:VERBOSE1:chrome\updater\ipc\update_service_proxy_win.cc:1048] ~UpdateServiceProxyImpl
[7716:9260:0612/120100.089:VERBOSE2:chrome\updater\ipc\proxy_impl_base_win.h:62] ~ProxyImplBase
[7472:3504:0612/120100.089:VERBOSE2:chrome\updater\ipc\update_service_internal_proxy_win.cc:65] Run result 0.
[7716:11324:0612/120100.089:VERBOSE2:chrome\updater\app\server\win\com_classes.cc:891] UpdaterInternalImpl::Run. IUpdaterInternalCallback::Run returned 0
[7472:9028:0612/120100.120:VERBOSE1:chrome\updater\ipc\update_service_internal_proxy_win.cc:148] ~UpdateServiceInternalProxyImpl
[7472:10992:0612/120100.120:VERBOSE2:chrome\updater\ipc\proxy_impl_base_win.h:62] ~ProxyImplBase
[7472:9028:0612/120100.120:VERBOSE1:chrome\updater\updater.cc:335] UpdaterMain (--wake) returned 0.
[12024:12028:0612/120100.214:VERBOSE1:chrome\updater\updater.cc:335] UpdaterMain (--crash-handler) returned 0.
[7716:9548:0612/120110.102:VERBOSE2:chrome\updater\app\app_server_win.cc:252] Stop: COM server is shutting down.
[11120:3492:0612/120110.102:VERBOSE2:chrome\updater\app\app_server_win.cc:252] Stop: COM server is shutting down.
[7716:9548:0612/120110.102:VERBOSE2:chrome\updater\app\app_server_win.cc:312] Completed task, Microsoft::WRL::Module count: 0
[7716:11324:0612/120110.102:VERBOSE1:chrome\updater\prefs.cc:235] Prefs committed.
[7716:9548:0612/120110.102:VERBOSE1:chrome\updater\prefs.cc:140] ~UpdaterPrefsImpl: C:\Program Files (x86)\Google\GoogleUpdater\138.0.7194.0
[11120:3492:0612/120110.102:VERBOSE2:chrome\updater\app\app_server_win.cc:312] Completed task, Microsoft::WRL::Module count: 0
[7716:11604:0612/120110.102:VERBOSE1:chrome\updater\updater.cc:335] UpdaterMain (--windows-service) returned 0.
[6552:5752:0612/120110.102:VERBOSE1:chrome\updater\updater.cc:335] UpdaterMain (--crash-handler) returned 0.
[11120:8184:0612/120110.118:VERBOSE1:chrome\updater\prefs.cc:235] Prefs committed.
[11120:3492:0612/120110.118:VERBOSE1:chrome\updater\prefs.cc:140] ~UpdaterPrefsImpl: C:\Program Files (x86)\Google\GoogleUpdater
[11120:4412:0612/120110.134:VERBOSE1:chrome\updater\updater.cc:335] UpdaterMain (--windows-service) returned 0.
[4120:4492:0612/120110.134:VERBOSE1:chrome\updater\updater.cc:335] UpdaterMain (--crash-handler) returned 0.
[7508:4580:0612/120209.553:VERBOSE1:chrome\updater\updater.cc:328] Version: 138.0.7194.0, opt, 32 bit (x86), command line: "C:\Program Files (x86)\Google\GoogleUpdater\138.0.7194.0\updater.exe" --wake --system
[7508:4580:0612/120209.553:VERBOSE1:chrome\updater\updater.cc:330] OS version: 10.0.22631.5472, System uptime (seconds): 140, parent pid: 1704
[4532:14116:0612/120209.600:VERBOSE1:chrome\updater\updater.cc:328] Version: 138.0.7194.0, opt, 32 bit (x86), command line: "C:\Program Files (x86)\Google\GoogleUpdater\138.0.7194.0\updater.exe" --crash-handler --system "--database=C:\Program Files (x86)\Google\GoogleUpdater\138.0.7194.0\Crashpad" --url=https://clients2.google.com/cr/report --annotation=prod=Update4 --annotation=ver=138.0.7194.0 "--attachment=C:\Program Files (x86)\Google\GoogleUpdater\updater.log" --initial-client-data=0x2c8,0x2cc,0x2d0,0x2a4,0x2d4,0x13129c0,0x13129cc,0x13129d8
[4532:14116:0612/120209.600:VERBOSE1:chrome\updater\updater.cc:330] OS version: 10.0.22631.5472, System uptime (seconds): 140, parent pid: 7508
[7508:4580:0612/120209.600:VERBOSE1:chrome\updater\crash_reporter.cc:120] Crash handler launched and ready.
[7508:4580:0612/120209.600:VERBOSE1:chrome\updater\crash_client.cc:106] Found 0 completed crash reports
[7508:4580:0612/120209.600:VERBOSE1:chrome\updater\crash_client.cc:124] Found 0 pending crash reports
[7508:4580:0612/120209.600:VERBOSE2:chrome\updater\update_usage_stats_task_win.cc:41] usage stats enabled by app {8a69d345-d564-463c-aff1-a69d9e530f96}
[7508:4580:0612/120209.616:VERBOSE1:chrome\updater\updater.cc:90] Crash reporting initialized.
[7508:4580:0612/120209.616:VERBOSE1:chrome\updater\updater.cc:145] IsUserAdmin: 1, IsUserNonElevatedAdmin: 0, IsUACOn: 1, IsElevatedWithUACOn: 1, LUA: 1
[7508:4580:0612/120209.631:VERBOSE1:chrome\updater\ipc\update_service_internal_proxy_win.cc:156] Run
[6324:11072:0612/120209.678:VERBOSE1:chrome\updater\updater.cc:328] Version: 138.0.7194.0, opt, 32 bit (x86), command line: "C:\Program Files (x86)\Google\GoogleUpdater\138.0.7194.0\updater.exe" --system --windows-service --service=update-internal
[6324:11072:0612/120209.678:VERBOSE1:chrome\updater\updater.cc:330] OS version: 10.0.22631.5472, System uptime (seconds): 140, parent pid: 968
[12876:848:0612/120209.725:VERBOSE1:chrome\updater\updater.cc:328] Version: 138.0.7194.0, opt, 32 bit (x86), command line: "C:\Program Files (x86)\Google\GoogleUpdater\138.0.7194.0\updater.exe" --crash-handler --system "--database=C:\Program Files (x86)\Google\GoogleUpdater\138.0.7194.0\Crashpad" --url=https://clients2.google.com/cr/report --annotation=prod=Update4 --annotation=ver=138.0.7194.0 "--attachment=C:\Program Files (x86)\Google\GoogleUpdater\updater.log" --initial-client-data=0x2c8,0x2cc,0x2d0,0x2a4,0x2d4,0x13129c0,0x13129cc,0x13129d8
[12876:848:0612/120209.725:VERBOSE1:chrome\updater\updater.cc:330] OS version: 10.0.22631.5472, System uptime (seconds): 141, parent pid: 6324
[6324:11072:0612/120209.725:VERBOSE1:chrome\updater\crash_reporter.cc:120] Crash handler launched and ready.
[6324:11072:0612/120209.741:VERBOSE1:chrome\updater\crash_client.cc:106] Found 0 completed crash reports
[6324:11072:0612/120209.741:VERBOSE1:chrome\updater\crash_client.cc:124] Found 0 pending crash reports
[6324:11072:0612/120209.741:VERBOSE2:chrome\updater\update_usage_stats_task_win.cc:41] usage stats enabled by app {8a69d345-d564-463c-aff1-a69d9e530f96}
[6324:11072:0612/120209.741:VERBOSE1:chrome\updater\updater.cc:90] Crash reporting initialized.
[6324:11072:0612/120209.741:VERBOSE1:chrome\updater\updater.cc:145] IsUserAdmin: 1, IsUserNonElevatedAdmin: 0, IsUACOn: 1, IsElevatedWithUACOn: 1, LUA: 1
[6324:6476:0612/120209.756:VERBOSE2:chrome\updater\app\server\win\updater_service_delegate.cc:60] Running COM server within the Windows Service
[6324:6476:0612/120209.756:VERBOSE2:chrome\updater\app\app_server.cc:57] ModeCheck
[6324:6476:0612/120209.756:VERBOSE2:chrome\updater\prefs.cc:89] CreateGlobalPrefsInternal
[6324:6476:0612/120209.756:VERBOSE1:chrome\updater\prefs.cc:135] UpdaterPrefsImpl (global): C:\Program Files (x86)\Google\GoogleUpdater
[6324:6476:0612/120209.756:VERBOSE2:chrome\updater\app\app_server.cc:70] This version: 138.0.7194.0, active version: 138.0.7194.0
[6324:6476:0612/120209.756:VERBOSE1:chrome\updater\win\setup\setup_util.cc:263] AreComInterfacesPresent: scope: System: is_internal: 1
[6324:6476:0612/120209.756:VERBOSE2:chrome\updater\win\setup\setup_util.cc:284] AreComInterfacesPresent: all interfaces present
[6324:6476:0612/120209.756:VERBOSE2:chrome\updater\prefs.cc:208] CreateLocalPrefs
[6324:6476:0612/120209.756:VERBOSE1:chrome\updater\prefs.cc:135] UpdaterPrefsImpl (local): C:\Program Files (x86)\Google\GoogleUpdater\138.0.7194.0
[6324:6476:0612/120209.756:VERBOSE1:chrome\updater\prefs.cc:140] ~UpdaterPrefsImpl: C:\Program Files (x86)\Google\GoogleUpdater
[6324:6476:0612/120209.772:VERBOSE2:chrome\updater\app\app_server_win.cc:300] Starting task, Microsoft::WRL::Module count: 2
[6324:6476:0612/120209.772:VERBOSE1:chrome\updater\update_service_internal_impl.cc:25] Run
[6324:6476:0612/120209.772:VERBOSE1:chrome\updater\ipc\update_service_proxy_win.cc:1090] RunPeriodicTasks
[6700:11220:0612/120209.819:VERBOSE1:chrome\updater\updater.cc:328] Version: 138.0.7194.0, opt, 32 bit (x86), command line: "C:\Program Files (x86)\Google\GoogleUpdater\138.0.7194.0\updater.exe" --system --windows-service --service=update
[6700:11220:0612/120209.819:VERBOSE1:chrome\updater\updater.cc:330] OS version: 10.0.22631.5472, System uptime (seconds): 141, parent pid: 968
[10260:1836:0612/120209.881:VERBOSE1:chrome\updater\updater.cc:328] Version: 138.0.7194.0, opt, 32 bit (x86), command line: "C:\Program Files (x86)\Google\GoogleUpdater\138.0.7194.0\updater.exe" --crash-handler --system "--database=C:\Program Files (x86)\Google\GoogleUpdater\138.0.7194.0\Crashpad" --url=https://clients2.google.com/cr/report --annotation=prod=Update4 --annotation=ver=138.0.7194.0 "--attachment=C:\Program Files (x86)\Google\GoogleUpdater\updater.log" --initial-client-data=0x2c8,0x2cc,0x2d0,0x2a4,0x2d4,0x13129c0,0x13129cc,0x13129d8
[10260:1836:0612/120209.881:VERBOSE1:chrome\updater\updater.cc:330] OS version: 10.0.22631.5472, System uptime (seconds): 141, parent pid: 6700
[6700:11220:0612/120209.881:VERBOSE1:chrome\updater\crash_reporter.cc:120] Crash handler launched and ready.
[6700:11220:0612/120209.881:VERBOSE1:chrome\updater\crash_client.cc:106] Found 0 completed crash reports
[6700:11220:0612/120209.881:VERBOSE1:chrome\updater\crash_client.cc:124] Found 0 pending crash reports
[6700:11220:0612/120209.881:VERBOSE2:chrome\updater\update_usage_stats_task_win.cc:41] usage stats enabled by app {8a69d345-d564-463c-aff1-a69d9e530f96}
[6700:11220:0612/120209.881:VERBOSE1:chrome\updater\updater.cc:90] Crash reporting initialized.
[6700:11220:0612/120209.881:VERBOSE1:chrome\updater\updater.cc:145] IsUserAdmin: 1, IsUserNonElevatedAdmin: 0, IsUACOn: 1, IsElevatedWithUACOn: 1, LUA: 1
[6700:8676:0612/120209.897:VERBOSE2:chrome\updater\app\server\win\updater_service_delegate.cc:60] Running COM server within the Windows Service
[6700:8676:0612/120209.897:VERBOSE2:chrome\updater\app\app_server.cc:57] ModeCheck
[6700:8676:0612/120209.897:VERBOSE2:chrome\updater\prefs.cc:89] CreateGlobalPrefsInternal
[6700:8676:0612/120209.897:VERBOSE1:chrome\updater\prefs.cc:135] UpdaterPrefsImpl (global): C:\Program Files (x86)\Google\GoogleUpdater
[6700:8676:0612/120209.897:VERBOSE2:chrome\updater\app\app_server.cc:70] This version: 138.0.7194.0, active version: 138.0.7194.0
[6700:8676:0612/120209.897:VERBOSE1:chrome\updater\win\setup\setup_util.cc:263] AreComInterfacesPresent: scope: System: is_internal: 0
[6700:8676:0612/120209.912:VERBOSE2:chrome\updater\win\setup\setup_util.cc:284] AreComInterfacesPresent: all interfaces present
[6700:8676:0612/120209.912:VERBOSE2:chrome\updater\prefs.cc:208] CreateLocalPrefs
[6700:8676:0612/120209.912:VERBOSE1:chrome\updater\prefs.cc:135] UpdaterPrefsImpl (local): C:\Program Files (x86)\Google\GoogleUpdater\138.0.7194.0
[6700:8676:0612/120209.912:VERBOSE1:chrome\enterprise_companion\device_management_storage\dm_storage_win.cc:242] GetDmToken: token not found.
[6700:8676:0612/120209.912:VERBOSE1:chrome\enterprise_companion\device_management_storage\dm_storage.cc:218] No valid DM token.
[6700:8676:0612/120209.928:VERBOSE1:chrome\updater\policy\service.cc:146] Current effective policies:
{
  LastCheckPeriod = 270 (Default)
}

[6700:8676:0612/120209.928:VERBOSE1:chrome\updater\prefs.cc:140] ~UpdaterPrefsImpl: C:\Program Files (x86)\Google\GoogleUpdater\138.0.7194.0
[6700:8676:0612/120209.944:VERBOSE2:chrome\updater\app\app_server_win.cc:300] Starting task, Microsoft::WRL::Module count: 2
[6700:8676:0612/120209.944:VERBOSE2:chrome\updater\util\win_util.cc:1433] OemInstallTime not found
[6700:8676:0612/120209.944:VERBOSE1:chrome\updater\update_service_impl_impl.cc:820] RunPeriodicTasks
[6700:8676:0612/120209.944:VERBOSE1:chrome\updater\update_service_impl_impl.cc:825] last_started updated.
[6700:8676:0612/120210.381:VERBOSE2:chrome\updater\util\win_util.cc:1239] Cohort values: 1:gu/32zf:32zx@0.5, 137.0.7151.103 Rollout, 
[6700:7740:0612/120211.881:VERBOSE2:chrome\updater\update_usage_stats_task_win.cc:41] usage stats enabled by app {8a69d345-d564-463c-aff1-a69d9e530f96}
[6700:8676:0612/120213.271:VERBOSE1:chrome\updater\update_service_impl_impl.cc:713] FetchPolicies
[6700:7740:0612/120213.271:VERBOSE1:chrome\enterprise_companion\device_management_storage\dm_storage_win.cc:242] GetDmToken: token not found.
[6700:7740:0612/120213.271:VERBOSE1:chrome\enterprise_companion\device_management_storage\dm_storage_win.cc:40] ReadRegistryString: failed to read registry: Software\Policies\Google\CloudManagement\@EnrollmentToken
[6700:7740:0612/120213.271:VERBOSE1:chrome\enterprise_companion\device_management_storage\dm_storage_win.cc:40] ReadRegistryString: failed to read registry: Software\Policies\Google\Chrome\@CloudManagementEnrollmentToken
[6700:7740:0612/120213.271:VERBOSE1:chrome\enterprise_companion\device_management_storage\dm_storage_win.cc:40] ReadRegistryString: failed to read registry: Software\Google\Update\Clients\{44fc7fe2-65ce-487c-93f4-edee46eeaaab}@CloudManagementEnrollmentToken
[6700:7740:0612/120213.271:VERBOSE1:chrome\enterprise_companion\device_management_storage\dm_storage_win.cc:40] ReadRegistryString: failed to read registry: Software\Google\Update\Clients\{430fd4d0-b729-4f61-aa34-91526481799d}@CloudManagementEnrollmentToken
[6700:8676:0612/120213.271:VERBOSE2:chrome\updater\policy\service.cc:182] Device is not CBCM managed, skipped policy fetch.
[6700:8676:0612/120213.271:VERBOSE1:chrome\updater\policy\service.cc:207] FetchPoliciesDone: 0
[6700:8676:0612/120213.271:VERBOSE1:chrome\updater\policy\service.cc:212] Policies after refresh:
{
  LastCheckPeriod = 270 (Default)
}

[6700:8676:0612/120213.865:INFO:chrome\updater\check_for_updates_task.cc:49] Skipping UpdateAll: last update was 1 minutes ago. check_delay == 270
[6700:8676:0612/120214.193:VERBOSE1:chrome\updater\update_service_impl_impl.cc:928] ForceInstall
[6700:8676:0612/120214.193:INFO:chrome\updater\update_service_impl_impl.cc:884] ForceInstall task complete: 0
[6324:11384:0612/120215.944:VERBOSE2:chrome\updater\ipc\update_service_proxy_win.cc:255] Run
[6324:6476:0612/120215.944:VERBOSE1:chrome\updater\ipc\update_service_proxy_win.cc:1048] ~UpdateServiceProxyImpl
[6324:6848:0612/120215.944:VERBOSE2:chrome\updater\ipc\proxy_impl_base_win.h:62] ~ProxyImplBase
[7508:4392:0612/120215.944:VERBOSE2:chrome\updater\ipc\update_service_internal_proxy_win.cc:65] Run result 0.
[6324:6308:0612/120215.944:VERBOSE2:chrome\updater\app\server\win\com_classes.cc:891] UpdaterInternalImpl::Run. IUpdaterInternalCallback::Run returned 0
[7508:4580:0612/120215.944:VERBOSE1:chrome\updater\ipc\update_service_internal_proxy_win.cc:148] ~UpdateServiceInternalProxyImpl
[7508:8824:0612/120215.944:VERBOSE2:chrome\updater\ipc\proxy_impl_base_win.h:62] ~ProxyImplBase
[7508:4580:0612/120215.959:VERBOSE1:chrome\updater\updater.cc:335] UpdaterMain (--wake) returned 0.
[4532:14116:0612/120215.959:VERBOSE1:chrome\updater\updater.cc:335] UpdaterMain (--crash-handler) returned 0.
[6324:6476:0612/120225.958:VERBOSE2:chrome\updater\app\app_server_win.cc:252] Stop: COM server is shutting down.
[6700:8676:0612/120225.958:VERBOSE2:chrome\updater\app\app_server_win.cc:252] Stop: COM server is shutting down.
[6324:6476:0612/120225.958:VERBOSE2:chrome\updater\app\app_server_win.cc:312] Completed task, Microsoft::WRL::Module count: 0
[6324:6308:0612/120225.958:VERBOSE1:chrome\updater\prefs.cc:235] Prefs committed.
[6324:6476:0612/120225.958:VERBOSE1:chrome\updater\prefs.cc:140] ~UpdaterPrefsImpl: C:\Program Files (x86)\Google\GoogleUpdater\138.0.7194.0
[6700:8676:0612/120225.958:VERBOSE2:chrome\updater\app\app_server_win.cc:312] Completed task, Microsoft::WRL::Module count: 0
[6700:7740:0612/120225.958:VERBOSE1:chrome\updater\prefs.cc:235] Prefs committed.
[6700:8676:0612/120225.958:VERBOSE1:chrome\updater\prefs.cc:140] ~UpdaterPrefsImpl: C:\Program Files (x86)\Google\GoogleUpdater
[6700:11220:0612/120225.958:VERBOSE1:chrome\updater\updater.cc:335] UpdaterMain (--windows-service) returned 0.
[6324:11072:0612/120225.958:VERBOSE1:chrome\updater\updater.cc:335] UpdaterMain (--windows-service) returned 0.
[12876:848:0612/120225.958:VERBOSE1:chrome\updater\updater.cc:335] UpdaterMain (--crash-handler) returned 0.
[10260:1836:0612/120225.958:VERBOSE1:chrome\updater\updater.cc:335] UpdaterMain (--crash-handler) returned 0.
[17248:17252:0612/130014.348:VERBOSE1:chrome\updater\updater.cc:328] Version: 138.0.7194.0, opt, 32 bit (x86), command line: "C:\Program Files (x86)\Google\GoogleUpdater\138.0.7194.0\updater.exe" --system --windows-service --service=update
[17248:17252:0612/130014.348:VERBOSE1:chrome\updater\updater.cc:330] OS version: 10.0.22631.5472, System uptime (seconds): 3625, parent pid: 968
[17268:17272:0612/130014.431:VERBOSE1:chrome\updater\updater.cc:328] Version: 138.0.7194.0, opt, 32 bit (x86), command line: "C:\Program Files (x86)\Google\GoogleUpdater\138.0.7194.0\updater.exe" --crash-handler --system "--database=C:\Program Files (x86)\Google\GoogleUpdater\138.0.7194.0\Crashpad" --url=https://clients2.google.com/cr/report --annotation=prod=Update4 --annotation=ver=138.0.7194.0 "--attachment=C:\Program Files (x86)\Google\GoogleUpdater\updater.log" --initial-client-data=0x2c8,0x2cc,0x2d0,0x2a4,0x2d4,0x13129c0,0x13129cc,0x13129d8
[17268:17272:0612/130014.431:VERBOSE1:chrome\updater\updater.cc:330] OS version: 10.0.22631.5472, System uptime (seconds): 3625, parent pid: 17248
[17248:17252:0612/130014.433:VERBOSE1:chrome\updater\crash_reporter.cc:120] Crash handler launched and ready.
[17248:17252:0612/130014.434:VERBOSE1:chrome\updater\crash_client.cc:106] Found 0 completed crash reports
[17248:17252:0612/130014.434:VERBOSE1:chrome\updater\crash_client.cc:124] Found 0 pending crash reports
[17248:17252:0612/130014.435:VERBOSE2:chrome\updater\update_usage_stats_task_win.cc:41] usage stats enabled by app {8a69d345-d564-463c-aff1-a69d9e530f96}
[17248:17252:0612/130014.436:VERBOSE1:chrome\updater\updater.cc:90] Crash reporting initialized.
[17248:17252:0612/130014.439:VERBOSE1:chrome\updater\updater.cc:145] IsUserAdmin: 1, IsUserNonElevatedAdmin: 0, IsUACOn: 1, IsElevatedWithUACOn: 1, LUA: 1
[17248:17324:0612/130014.466:VERBOSE2:chrome\updater\app\server\win\updater_service_delegate.cc:60] Running COM server within the Windows Service
[17248:17324:0612/130014.466:VERBOSE2:chrome\updater\app\app_server.cc:57] ModeCheck
[17248:17324:0612/130014.466:VERBOSE2:chrome\updater\prefs.cc:89] CreateGlobalPrefsInternal
[17248:17324:0612/130014.470:VERBOSE1:chrome\updater\prefs.cc:135] UpdaterPrefsImpl (global): C:\Program Files (x86)\Google\GoogleUpdater
[17248:17324:0612/130014.470:VERBOSE2:chrome\updater\app\app_server.cc:70] This version: 138.0.7194.0, active version: 138.0.7194.0
[17248:17324:0612/130014.470:VERBOSE1:chrome\updater\win\setup\setup_util.cc:263] AreComInterfacesPresent: scope: System: is_internal: 0
[17248:17324:0612/130014.490:VERBOSE2:chrome\updater\win\setup\setup_util.cc:284] AreComInterfacesPresent: all interfaces present
[17248:17324:0612/130014.490:VERBOSE2:chrome\updater\prefs.cc:208] CreateLocalPrefs
[17248:17324:0612/130014.491:VERBOSE1:chrome\updater\prefs.cc:135] UpdaterPrefsImpl (local): C:\Program Files (x86)\Google\GoogleUpdater\138.0.7194.0
[17248:17324:0612/130014.491:VERBOSE1:chrome\enterprise_companion\device_management_storage\dm_storage_win.cc:242] GetDmToken: token not found.
[17248:17324:0612/130014.491:VERBOSE1:chrome\enterprise_companion\device_management_storage\dm_storage.cc:218] No valid DM token.
[17248:17324:0612/130014.511:VERBOSE1:chrome\updater\policy\service.cc:146] Current effective policies:
{
  LastCheckPeriod = 270 (Default)
}

[17248:17324:0612/130014.511:VERBOSE1:chrome\updater\prefs.cc:140] ~UpdaterPrefsImpl: C:\Program Files (x86)\Google\GoogleUpdater\138.0.7194.0
[17248:17324:0612/130014.554:VERBOSE2:chrome\updater\app\app_server_win.cc:300] Starting task, Microsoft::WRL::Module count: 2
[17248:17324:0612/130014.554:VERBOSE2:chrome\updater\util\win_util.cc:1433] OemInstallTime not found
[17248:17324:0612/130014.554:VERBOSE1:chrome\updater\update_service_impl_impl.cc:820] RunPeriodicTasks
[17248:17324:0612/130014.554:VERBOSE1:chrome\updater\update_service_impl_impl.cc:825] last_started updated.
[17248:17324:0612/130015.308:VERBOSE2:chrome\updater\util\win_util.cc:1239] Cohort values: 1:gu/32zf:32zx@0.5, 137.0.7151.103 Rollout, 
[17248:17312:0612/130016.167:VERBOSE2:chrome\updater\update_usage_stats_task_win.cc:41] usage stats enabled by app {8a69d345-d564-463c-aff1-a69d9e530f96}
[17248:17324:0612/130017.403:VERBOSE1:chrome\updater\update_service_impl_impl.cc:713] FetchPolicies
[17248:17312:0612/130017.403:VERBOSE1:chrome\enterprise_companion\device_management_storage\dm_storage_win.cc:242] GetDmToken: token not found.
[17248:17312:0612/130017.403:VERBOSE1:chrome\enterprise_companion\device_management_storage\dm_storage_win.cc:40] ReadRegistryString: failed to read registry: Software\Policies\Google\CloudManagement\@EnrollmentToken
[17248:17312:0612/130017.404:VERBOSE1:chrome\enterprise_companion\device_management_storage\dm_storage_win.cc:40] ReadRegistryString: failed to read registry: Software\Policies\Google\Chrome\@CloudManagementEnrollmentToken
[17248:17312:0612/130017.404:VERBOSE1:chrome\enterprise_companion\device_management_storage\dm_storage_win.cc:40] ReadRegistryString: failed to read registry: Software\Google\Update\Clients\{44fc7fe2-65ce-487c-93f4-edee46eeaaab}@CloudManagementEnrollmentToken
[17248:17312:0612/130017.404:VERBOSE1:chrome\enterprise_companion\device_management_storage\dm_storage_win.cc:40] ReadRegistryString: failed to read registry: Software\Google\Update\Clients\{430fd4d0-b729-4f61-aa34-91526481799d}@CloudManagementEnrollmentToken
[17248:17324:0612/130017.404:VERBOSE2:chrome\updater\policy\service.cc:182] Device is not CBCM managed, skipped policy fetch.
[17248:17324:0612/130017.404:VERBOSE1:chrome\updater\policy\service.cc:207] FetchPoliciesDone: 0
[17248:17324:0612/130017.404:VERBOSE1:chrome\updater\policy\service.cc:212] Policies after refresh:
{
  LastCheckPeriod = 270 (Default)
}

[17248:17324:0612/130018.027:INFO:chrome\updater\check_for_updates_task.cc:49] Skipping UpdateAll: last update was 59 minutes ago. check_delay == 324
[17248:17324:0612/130018.749:VERBOSE1:chrome\updater\update_service_impl_impl.cc:928] ForceInstall
[17248:17324:0612/130018.749:INFO:chrome\updater\update_service_impl_impl.cc:884] ForceInstall task complete: 0
[17248:17324:0612/130029.399:VERBOSE2:chrome\updater\app\app_server_win.cc:252] Stop: COM server is shutting down.
[17248:17324:0612/130029.399:VERBOSE2:chrome\updater\app\app_server_win.cc:312] Completed task, Microsoft::WRL::Module count: 0
[17248:17312:0612/130029.401:VERBOSE1:chrome\updater\prefs.cc:235] Prefs committed.
[17248:17324:0612/130029.401:VERBOSE1:chrome\updater\prefs.cc:140] ~UpdaterPrefsImpl: C:\Program Files (x86)\Google\GoogleUpdater
[17248:17252:0612/130029.403:VERBOSE1:chrome\updater\updater.cc:335] UpdaterMain (--windows-service) returned 0.
[17268:17272:0612/130029.414:VERBOSE1:chrome\updater\updater.cc:335] UpdaterMain (--crash-handler) returned 0.
[5908:14764:0612/130209.578:VERBOSE1:chrome\updater\updater.cc:328] Version: 138.0.7194.0, opt, 32 bit (x86), command line: "C:\Program Files (x86)\Google\GoogleUpdater\138.0.7194.0\updater.exe" --wake --system
[5908:14764:0612/130209.578:VERBOSE1:chrome\updater\updater.cc:330] OS version: 10.0.22631.5472, System uptime (seconds): 3740, parent pid: 1704
[868:2076:0612/130209.668:VERBOSE1:chrome\updater\updater.cc:328] Version: 138.0.7194.0, opt, 32 bit (x86), command line: "C:\Program Files (x86)\Google\GoogleUpdater\138.0.7194.0\updater.exe" --crash-handler --system "--database=C:\Program Files (x86)\Google\GoogleUpdater\138.0.7194.0\Crashpad" --url=https://clients2.google.com/cr/report --annotation=prod=Update4 --annotation=ver=138.0.7194.0 "--attachment=C:\Program Files (x86)\Google\GoogleUpdater\updater.log" --initial-client-data=0x2d0,0x2d4,0x2d8,0x2a4,0x2dc,0x13129c0,0x13129cc,0x13129d8
[868:2076:0612/130209.668:VERBOSE1:chrome\updater\updater.cc:330] OS version: 10.0.22631.5472, System uptime (seconds): 3740, parent pid: 5908
[5908:14764:0612/130209.669:VERBOSE1:chrome\updater\crash_reporter.cc:120] Crash handler launched and ready.
[5908:14764:0612/130209.670:VERBOSE1:chrome\updater\crash_client.cc:106] Found 0 completed crash reports
[5908:14764:0612/130209.670:VERBOSE1:chrome\updater\crash_client.cc:124] Found 0 pending crash reports
[5908:14764:0612/130209.671:VERBOSE2:chrome\updater\update_usage_stats_task_win.cc:41] usage stats enabled by app {8a69d345-d564-463c-aff1-a69d9e530f96}
[5908:14764:0612/130209.671:VERBOSE1:chrome\updater\updater.cc:90] Crash reporting initialized.
[5908:14764:0612/130209.673:VERBOSE1:chrome\updater\updater.cc:145] IsUserAdmin: 1, IsUserNonElevatedAdmin: 0, IsUACOn: 1, IsElevatedWithUACOn: 1, LUA: 1
[5908:14764:0612/130209.691:VERBOSE1:chrome\updater\ipc\update_service_internal_proxy_win.cc:156] Run
[1256:16212:0612/130209.771:VERBOSE1:chrome\updater\updater.cc:328] Version: 138.0.7194.0, opt, 32 bit (x86), command line: "C:\Program Files (x86)\Google\GoogleUpdater\138.0.7194.0\updater.exe" --system --windows-service --service=update-internal
[1256:16212:0612/130209.771:VERBOSE1:chrome\updater\updater.cc:330] OS version: 10.0.22631.5472, System uptime (seconds): 3741, parent pid: 968
[16200:10168:0612/130209.829:VERBOSE1:chrome\updater\updater.cc:328] Version: 138.0.7194.0, opt, 32 bit (x86), command line: "C:\Program Files (x86)\Google\GoogleUpdater\138.0.7194.0\updater.exe" --crash-handler --system "--database=C:\Program Files (x86)\Google\GoogleUpdater\138.0.7194.0\Crashpad" --url=https://clients2.google.com/cr/report --annotation=prod=Update4 --annotation=ver=138.0.7194.0 "--attachment=C:\Program Files (x86)\Google\GoogleUpdater\updater.log" --initial-client-data=0x2c8,0x2cc,0x2d0,0x2a4,0x2d4,0x13129c0,0x13129cc,0x13129d8
[16200:10168:0612/130209.829:VERBOSE1:chrome\updater\updater.cc:330] OS version: 10.0.22631.5472, System uptime (seconds): 3741, parent pid: 1256
[1256:16212:0612/130209.856:VERBOSE1:chrome\updater\crash_reporter.cc:120] Crash handler launched and ready.
[1256:16212:0612/130209.857:VERBOSE1:chrome\updater\crash_client.cc:106] Found 0 completed crash reports
[1256:16212:0612/130209.857:VERBOSE1:chrome\updater\crash_client.cc:124] Found 0 pending crash reports
[1256:16212:0612/130209.858:VERBOSE2:chrome\updater\update_usage_stats_task_win.cc:41] usage stats enabled by app {8a69d345-d564-463c-aff1-a69d9e530f96}
[1256:16212:0612/130209.859:VERBOSE1:chrome\updater\updater.cc:90] Crash reporting initialized.
[1256:16212:0612/130209.860:VERBOSE1:chrome\updater\updater.cc:145] IsUserAdmin: 1, IsUserNonElevatedAdmin: 0, IsUACOn: 1, IsElevatedWithUACOn: 1, LUA: 1
[1256:11368:0612/130209.883:VERBOSE2:chrome\updater\app\server\win\updater_service_delegate.cc:60] Running COM server within the Windows Service
[1256:11368:0612/130209.883:VERBOSE2:chrome\updater\app\app_server.cc:57] ModeCheck
[1256:11368:0612/130209.883:VERBOSE2:chrome\updater\prefs.cc:89] CreateGlobalPrefsInternal
[1256:11368:0612/130209.884:VERBOSE1:chrome\updater\prefs.cc:135] UpdaterPrefsImpl (global): C:\Program Files (x86)\Google\GoogleUpdater
[1256:11368:0612/130209.884:VERBOSE2:chrome\updater\app\app_server.cc:70] This version: 138.0.7194.0, active version: 138.0.7194.0
[1256:11368:0612/130209.884:VERBOSE1:chrome\updater\win\setup\setup_util.cc:263] AreComInterfacesPresent: scope: System: is_internal: 1
[1256:11368:0612/130209.886:VERBOSE2:chrome\updater\win\setup\setup_util.cc:284] AreComInterfacesPresent: all interfaces present
[1256:11368:0612/130209.886:VERBOSE2:chrome\updater\prefs.cc:208] CreateLocalPrefs
[1256:11368:0612/130209.886:VERBOSE1:chrome\updater\prefs.cc:135] UpdaterPrefsImpl (local): C:\Program Files (x86)\Google\GoogleUpdater\138.0.7194.0
[1256:11368:0612/130209.886:VERBOSE1:chrome\updater\prefs.cc:140] ~UpdaterPrefsImpl: C:\Program Files (x86)\Google\GoogleUpdater
[1256:11368:0612/130209.919:VERBOSE2:chrome\updater\app\app_server_win.cc:300] Starting task, Microsoft::WRL::Module count: 2
[1256:11368:0612/130209.919:VERBOSE1:chrome\updater\update_service_internal_impl.cc:25] Run
[1256:11368:0612/130209.919:VERBOSE1:chrome\updater\ipc\update_service_proxy_win.cc:1090] RunPeriodicTasks
[16592:2308:0612/130209.974:VERBOSE1:chrome\updater\updater.cc:328] Version: 138.0.7194.0, opt, 32 bit (x86), command line: "C:\Program Files (x86)\Google\GoogleUpdater\138.0.7194.0\updater.exe" --system --windows-service --service=update
[16592:2308:0612/130209.974:VERBOSE1:chrome\updater\updater.cc:330] OS version: 10.0.22631.5472, System uptime (seconds): 3741, parent pid: 968
[9668:7612:0612/130210.071:VERBOSE1:chrome\updater\updater.cc:328] Version: 138.0.7194.0, opt, 32 bit (x86), command line: "C:\Program Files (x86)\Google\GoogleUpdater\138.0.7194.0\updater.exe" --crash-handler --system "--database=C:\Program Files (x86)\Google\GoogleUpdater\138.0.7194.0\Crashpad" --url=https://clients2.google.com/cr/report --annotation=prod=Update4 --annotation=ver=138.0.7194.0 "--attachment=C:\Program Files (x86)\Google\GoogleUpdater\updater.log" --initial-client-data=0x2d4,0x2d8,0x2dc,0x2b0,0x2e0,0x13129c0,0x13129cc,0x13129d8
[9668:7612:0612/130210.071:VERBOSE1:chrome\updater\updater.cc:330] OS version: 10.0.22631.5472, System uptime (seconds): 3741, parent pid: 16592
[16592:2308:0612/130210.072:VERBOSE1:chrome\updater\crash_reporter.cc:120] Crash handler launched and ready.
[16592:2308:0612/130210.073:VERBOSE1:chrome\updater\crash_client.cc:106] Found 0 completed crash reports
[16592:2308:0612/130210.073:VERBOSE1:chrome\updater\crash_client.cc:124] Found 0 pending crash reports
[16592:2308:0612/130210.073:VERBOSE2:chrome\updater\update_usage_stats_task_win.cc:41] usage stats enabled by app {8a69d345-d564-463c-aff1-a69d9e530f96}
[16592:2308:0612/130210.074:VERBOSE1:chrome\updater\updater.cc:90] Crash reporting initialized.
[16592:2308:0612/130210.076:VERBOSE1:chrome\updater\updater.cc:145] IsUserAdmin: 1, IsUserNonElevatedAdmin: 0, IsUACOn: 1, IsElevatedWithUACOn: 1, LUA: 1
[16592:9248:0612/130210.106:VERBOSE2:chrome\updater\app\server\win\updater_service_delegate.cc:60] Running COM server within the Windows Service
[16592:9248:0612/130210.106:VERBOSE2:chrome\updater\app\app_server.cc:57] ModeCheck
[16592:9248:0612/130210.106:VERBOSE2:chrome\updater\prefs.cc:89] CreateGlobalPrefsInternal
[16592:9248:0612/130210.107:VERBOSE1:chrome\updater\prefs.cc:135] UpdaterPrefsImpl (global): C:\Program Files (x86)\Google\GoogleUpdater
[16592:9248:0612/130210.107:VERBOSE2:chrome\updater\app\app_server.cc:70] This version: 138.0.7194.0, active version: 138.0.7194.0
[16592:9248:0612/130210.107:VERBOSE1:chrome\updater\win\setup\setup_util.cc:263] AreComInterfacesPresent: scope: System: is_internal: 0
[16592:9248:0612/130210.122:VERBOSE2:chrome\updater\win\setup\setup_util.cc:284] AreComInterfacesPresent: all interfaces present
[16592:9248:0612/130210.122:VERBOSE2:chrome\updater\prefs.cc:208] CreateLocalPrefs
[16592:9248:0612/130210.123:VERBOSE1:chrome\updater\prefs.cc:135] UpdaterPrefsImpl (local): C:\Program Files (x86)\Google\GoogleUpdater\138.0.7194.0
[16592:9248:0612/130210.123:VERBOSE1:chrome\enterprise_companion\device_management_storage\dm_storage_win.cc:242] GetDmToken: token not found.
[16592:9248:0612/130210.123:VERBOSE1:chrome\enterprise_companion\device_management_storage\dm_storage.cc:218] No valid DM token.
[16592:9248:0612/130210.145:VERBOSE1:chrome\updater\policy\service.cc:146] Current effective policies:
{
  LastCheckPeriod = 270 (Default)
}

[16592:9248:0612/130210.145:VERBOSE1:chrome\updater\prefs.cc:140] ~UpdaterPrefsImpl: C:\Program Files (x86)\Google\GoogleUpdater\138.0.7194.0
[16592:9248:0612/130210.183:VERBOSE2:chrome\updater\app\app_server_win.cc:300] Starting task, Microsoft::WRL::Module count: 2
[16592:9248:0612/130210.183:VERBOSE2:chrome\updater\util\win_util.cc:1433] OemInstallTime not found
[16592:9248:0612/130210.183:VERBOSE1:chrome\updater\update_service_impl_impl.cc:820] RunPeriodicTasks
[16592:9248:0612/130210.183:VERBOSE1:chrome\updater\update_service_impl_impl.cc:825] last_started updated.
[16592:9248:0612/130210.341:VERBOSE2:chrome\updater\util\win_util.cc:1239] Cohort values: 1:gu/32zf:32zx@0.5, 137.0.7151.103 Rollout, 
[16592:13164:0612/130211.609:VERBOSE2:chrome\updater\update_usage_stats_task_win.cc:41] usage stats enabled by app {8a69d345-d564-463c-aff1-a69d9e530f96}
[16592:9248:0612/130212.471:VERBOSE1:chrome\updater\update_service_impl_impl.cc:713] FetchPolicies
[16592:13164:0612/130212.471:VERBOSE1:chrome\enterprise_companion\device_management_storage\dm_storage_win.cc:242] GetDmToken: token not found.
[16592:13164:0612/130212.471:VERBOSE1:chrome\enterprise_companion\device_management_storage\dm_storage_win.cc:40] ReadRegistryString: failed to read registry: Software\Policies\Google\CloudManagement\@EnrollmentToken
[16592:13164:0612/130212.471:VERBOSE1:chrome\enterprise_companion\device_management_storage\dm_storage_win.cc:40] ReadRegistryString: failed to read registry: Software\Policies\Google\Chrome\@CloudManagementEnrollmentToken
[16592:13164:0612/130212.471:VERBOSE1:chrome\enterprise_companion\device_management_storage\dm_storage_win.cc:40] ReadRegistryString: failed to read registry: Software\Google\Update\Clients\{44fc7fe2-65ce-487c-93f4-edee46eeaaab}@CloudManagementEnrollmentToken
[16592:13164:0612/130212.471:VERBOSE1:chrome\enterprise_companion\device_management_storage\dm_storage_win.cc:40] ReadRegistryString: failed to read registry: Software\Google\Update\Clients\{430fd4d0-b729-4f61-aa34-91526481799d}@CloudManagementEnrollmentToken
[16592:9248:0612/130212.471:VERBOSE2:chrome\updater\policy\service.cc:182] Device is not CBCM managed, skipped policy fetch.
[16592:9248:0612/130212.471:VERBOSE1:chrome\updater\policy\service.cc:207] FetchPoliciesDone: 0
[16592:9248:0612/130212.471:VERBOSE1:chrome\updater\policy\service.cc:212] Policies after refresh:
{
  LastCheckPeriod = 270 (Default)
}

[16592:9248:0612/130213.469:INFO:chrome\updater\check_for_updates_task.cc:49] Skipping UpdateAll: last update was 61 minutes ago. check_delay == 324
[16592:9248:0612/130214.152:VERBOSE1:chrome\updater\update_service_impl_impl.cc:928] ForceInstall
[16592:9248:0612/130214.152:INFO:chrome\updater\update_service_impl_impl.cc:884] ForceInstall task complete: 0
[1256:15588:0612/130215.417:VERBOSE2:chrome\updater\ipc\update_service_proxy_win.cc:255] Run
[1256:11368:0612/130215.418:VERBOSE1:chrome\updater\ipc\update_service_proxy_win.cc:1048] ~UpdateServiceProxyImpl
[1256:17236:0612/130215.418:VERBOSE2:chrome\updater\ipc\proxy_impl_base_win.h:62] ~ProxyImplBase
[5908:3760:0612/130215.420:VERBOSE2:chrome\updater\ipc\update_service_internal_proxy_win.cc:65] Run result 0.
[1256:10276:0612/130215.420:VERBOSE2:chrome\updater\app\server\win\com_classes.cc:891] UpdaterInternalImpl::Run. IUpdaterInternalCallback::Run returned 0
[5908:14764:0612/130215.421:VERBOSE1:chrome\updater\ipc\update_service_internal_proxy_win.cc:148] ~UpdateServiceInternalProxyImpl
[5908:13160:0612/130215.421:VERBOSE2:chrome\updater\ipc\proxy_impl_base_win.h:62] ~ProxyImplBase
[5908:14764:0612/130215.424:VERBOSE1:chrome\updater\updater.cc:335] UpdaterMain (--wake) returned 0.
[868:2076:0612/130215.440:VERBOSE1:chrome\updater\updater.cc:335] UpdaterMain (--crash-handler) returned 0.
[1256:11368:0612/130225.419:VERBOSE2:chrome\updater\app\app_server_win.cc:252] Stop: COM server is shutting down.
[16592:9248:0612/130225.419:VERBOSE2:chrome\updater\app\app_server_win.cc:252] Stop: COM server is shutting down.
[1256:11368:0612/130225.420:VERBOSE2:chrome\updater\app\app_server_win.cc:312] Completed task, Microsoft::WRL::Module count: 0
[1256:10276:0612/130225.420:VERBOSE1:chrome\updater\prefs.cc:235] Prefs committed.
[16592:9248:0612/130225.420:VERBOSE2:chrome\updater\app\app_server_win.cc:312] Completed task, Microsoft::WRL::Module count: 0
[1256:11368:0612/130225.420:VERBOSE1:chrome\updater\prefs.cc:140] ~UpdaterPrefsImpl: C:\Program Files (x86)\Google\GoogleUpdater\138.0.7194.0
[16592:13164:0612/130225.420:VERBOSE1:chrome\updater\prefs.cc:235] Prefs committed.
[16592:9248:0612/130225.420:VERBOSE1:chrome\updater\prefs.cc:140] ~UpdaterPrefsImpl: C:\Program Files (x86)\Google\GoogleUpdater
[16592:2308:0612/130225.422:VERBOSE1:chrome\updater\updater.cc:335] UpdaterMain (--windows-service) returned 0.
[1256:16212:0612/130225.422:VERBOSE1:chrome\updater\updater.cc:335] UpdaterMain (--windows-service) returned 0.
[9668:7612:0612/130225.429:VERBOSE1:chrome\updater\updater.cc:335] UpdaterMain (--crash-handler) returned 0.
[16200:10168:0612/130225.429:VERBOSE1:chrome\updater\updater.cc:335] UpdaterMain (--crash-handler) returned 0.
[2644:864:0612/140209.626:VERBOSE1:chrome\updater\updater.cc:328] Version: 138.0.7194.0, opt, 32 bit (x86), command line: "C:\Program Files (x86)\Google\GoogleUpdater\138.0.7194.0\updater.exe" --wake --system
[2644:864:0612/140209.626:VERBOSE1:chrome\updater\updater.cc:330] OS version: 10.0.22631.5472, System uptime (seconds): 7340, parent pid: 1704
[5516:16424:0612/140209.715:VERBOSE1:chrome\updater\updater.cc:328] Version: 138.0.7194.0, opt, 32 bit (x86), command line: "C:\Program Files (x86)\Google\GoogleUpdater\138.0.7194.0\updater.exe" --crash-handler --system "--database=C:\Program Files (x86)\Google\GoogleUpdater\138.0.7194.0\Crashpad" --url=https://clients2.google.com/cr/report --annotation=prod=Update4 --annotation=ver=138.0.7194.0 "--attachment=C:\Program Files (x86)\Google\GoogleUpdater\updater.log" --initial-client-data=0x2c8,0x2cc,0x2d0,0x2a4,0x2d4,0x13129c0,0x13129cc,0x13129d8
[5516:16424:0612/140209.715:VERBOSE1:chrome\updater\updater.cc:330] OS version: 10.0.22631.5472, System uptime (seconds): 7341, parent pid: 2644
[2644:864:0612/140209.715:VERBOSE1:chrome\updater\crash_reporter.cc:120] Crash handler launched and ready.
[2644:864:0612/140209.715:VERBOSE1:chrome\updater\crash_client.cc:106] Found 0 completed crash reports
[2644:864:0612/140209.715:VERBOSE1:chrome\updater\crash_client.cc:124] Found 0 pending crash reports
[2644:864:0612/140209.715:VERBOSE2:chrome\updater\update_usage_stats_task_win.cc:41] usage stats enabled by app {8a69d345-d564-463c-aff1-a69d9e530f96}
[2644:864:0612/140209.715:VERBOSE1:chrome\updater\updater.cc:90] Crash reporting initialized.
[2644:864:0612/140209.723:VERBOSE1:chrome\updater\updater.cc:145] IsUserAdmin: 1, IsUserNonElevatedAdmin: 0, IsUACOn: 1, IsElevatedWithUACOn: 1, LUA: 1
[2644:864:0612/140209.755:VERBOSE1:chrome\updater\ipc\update_service_internal_proxy_win.cc:156] Run
[15132:16636:0612/140209.836:VERBOSE1:chrome\updater\updater.cc:328] Version: 138.0.7194.0, opt, 32 bit (x86), command line: "C:\Program Files (x86)\Google\GoogleUpdater\138.0.7194.0\updater.exe" --system --windows-service --service=update-internal
[15132:16636:0612/140209.836:VERBOSE1:chrome\updater\updater.cc:330] OS version: 10.0.22631.5472, System uptime (seconds): 7341, parent pid: 968
[13276:16344:0612/140209.915:VERBOSE1:chrome\updater\updater.cc:328] Version: 138.0.7194.0, opt, 32 bit (x86), command line: "C:\Program Files (x86)\Google\GoogleUpdater\138.0.7194.0\updater.exe" --crash-handler --system "--database=C:\Program Files (x86)\Google\GoogleUpdater\138.0.7194.0\Crashpad" --url=https://clients2.google.com/cr/report --annotation=prod=Update4 --annotation=ver=138.0.7194.0 "--attachment=C:\Program Files (x86)\Google\GoogleUpdater\updater.log" --initial-client-data=0x2c8,0x2cc,0x2d0,0x2a4,0x2d4,0x13129c0,0x13129cc,0x13129d8
[13276:16344:0612/140209.915:VERBOSE1:chrome\updater\updater.cc:330] OS version: 10.0.22631.5472, System uptime (seconds): 7341, parent pid: 15132
[15132:16636:0612/140209.917:VERBOSE1:chrome\updater\crash_reporter.cc:120] Crash handler launched and ready.
[15132:16636:0612/140209.919:VERBOSE1:chrome\updater\crash_client.cc:106] Found 0 completed crash reports
[15132:16636:0612/140209.920:VERBOSE1:chrome\updater\crash_client.cc:124] Found 0 pending crash reports
[15132:16636:0612/140209.920:VERBOSE2:chrome\updater\update_usage_stats_task_win.cc:41] usage stats enabled by app {8a69d345-d564-463c-aff1-a69d9e530f96}
[15132:16636:0612/140209.920:VERBOSE1:chrome\updater\updater.cc:90] Crash reporting initialized.
[15132:16636:0612/140209.920:VERBOSE1:chrome\updater\updater.cc:145] IsUserAdmin: 1, IsUserNonElevatedAdmin: 0, IsUACOn: 1, IsElevatedWithUACOn: 1, LUA: 1
[15132:3124:0612/140209.949:VERBOSE2:chrome\updater\app\server\win\updater_service_delegate.cc:60] Running COM server within the Windows Service
[15132:3124:0612/140209.949:VERBOSE2:chrome\updater\app\app_server.cc:57] ModeCheck
[15132:3124:0612/140209.949:VERBOSE2:chrome\updater\prefs.cc:89] CreateGlobalPrefsInternal
[15132:3124:0612/140209.949:VERBOSE1:chrome\updater\prefs.cc:135] UpdaterPrefsImpl (global): C:\Program Files (x86)\Google\GoogleUpdater
[15132:3124:0612/140209.949:VERBOSE2:chrome\updater\app\app_server.cc:70] This version: 138.0.7194.0, active version: 138.0.7194.0
[15132:3124:0612/140209.949:VERBOSE1:chrome\updater\win\setup\setup_util.cc:263] AreComInterfacesPresent: scope: System: is_internal: 1
[15132:3124:0612/140209.949:VERBOSE2:chrome\updater\win\setup\setup_util.cc:284] AreComInterfacesPresent: all interfaces present
[15132:3124:0612/140209.949:VERBOSE2:chrome\updater\prefs.cc:208] CreateLocalPrefs
[15132:3124:0612/140209.949:VERBOSE1:chrome\updater\prefs.cc:135] UpdaterPrefsImpl (local): C:\Program Files (x86)\Google\GoogleUpdater\138.0.7194.0
[15132:3124:0612/140209.949:VERBOSE1:chrome\updater\prefs.cc:140] ~UpdaterPrefsImpl: C:\Program Files (x86)\Google\GoogleUpdater
[15132:3124:0612/140209.982:VERBOSE2:chrome\updater\app\app_server_win.cc:300] Starting task, Microsoft::WRL::Module count: 2
[15132:3124:0612/140209.982:VERBOSE1:chrome\updater\update_service_internal_impl.cc:25] Run
[15132:3124:0612/140209.982:VERBOSE1:chrome\updater\ipc\update_service_proxy_win.cc:1090] RunPeriodicTasks
[13884:13876:0612/140210.054:VERBOSE1:chrome\updater\updater.cc:328] Version: 138.0.7194.0, opt, 32 bit (x86), command line: "C:\Program Files (x86)\Google\GoogleUpdater\138.0.7194.0\updater.exe" --system --windows-service --service=update
[13884:13876:0612/140210.054:VERBOSE1:chrome\updater\updater.cc:330] OS version: 10.0.22631.5472, System uptime (seconds): 7341, parent pid: 968
[16304:15324:0612/140210.126:VERBOSE1:chrome\updater\updater.cc:328] Version: 138.0.7194.0, opt, 32 bit (x86), command line: "C:\Program Files (x86)\Google\GoogleUpdater\138.0.7194.0\updater.exe" --crash-handler --system "--database=C:\Program Files (x86)\Google\GoogleUpdater\138.0.7194.0\Crashpad" --url=https://clients2.google.com/cr/report --annotation=prod=Update4 --annotation=ver=138.0.7194.0 "--attachment=C:\Program Files (x86)\Google\GoogleUpdater\updater.log" --initial-client-data=0x2c8,0x2cc,0x2d0,0x2a4,0x2d4,0x13129c0,0x13129cc,0x13129d8
[16304:15324:0612/140210.126:VERBOSE1:chrome\updater\updater.cc:330] OS version: 10.0.22631.5472, System uptime (seconds): 7341, parent pid: 13884
[13884:13876:0612/140210.126:VERBOSE1:chrome\updater\crash_reporter.cc:120] Crash handler launched and ready.
[13884:13876:0612/140210.126:VERBOSE1:chrome\updater\crash_client.cc:106] Found 0 completed crash reports
[13884:13876:0612/140210.126:VERBOSE1:chrome\updater\crash_client.cc:124] Found 0 pending crash reports
[13884:13876:0612/140210.126:VERBOSE2:chrome\updater\update_usage_stats_task_win.cc:41] usage stats enabled by app {8a69d345-d564-463c-aff1-a69d9e530f96}
[13884:13876:0612/140210.134:VERBOSE1:chrome\updater\updater.cc:90] Crash reporting initialized.
[13884:13876:0612/140210.134:VERBOSE1:chrome\updater\updater.cc:145] IsUserAdmin: 1, IsUserNonElevatedAdmin: 0, IsUACOn: 1, IsElevatedWithUACOn: 1, LUA: 1
[13884:15740:0612/140210.158:VERBOSE2:chrome\updater\app\server\win\updater_service_delegate.cc:60] Running COM server within the Windows Service
[13884:15740:0612/140210.158:VERBOSE2:chrome\updater\app\app_server.cc:57] ModeCheck
[13884:15740:0612/140210.158:VERBOSE2:chrome\updater\prefs.cc:89] CreateGlobalPrefsInternal
[13884:15740:0612/140210.158:VERBOSE1:chrome\updater\prefs.cc:135] UpdaterPrefsImpl (global): C:\Program Files (x86)\Google\GoogleUpdater
[13884:15740:0612/140210.158:VERBOSE2:chrome\updater\app\app_server.cc:70] This version: 138.0.7194.0, active version: 138.0.7194.0
[13884:15740:0612/140210.158:VERBOSE1:chrome\updater\win\setup\setup_util.cc:263] AreComInterfacesPresent: scope: System: is_internal: 0
[13884:15740:0612/140210.175:VERBOSE2:chrome\updater\win\setup\setup_util.cc:284] AreComInterfacesPresent: all interfaces present
[13884:15740:0612/140210.175:VERBOSE2:chrome\updater\prefs.cc:208] CreateLocalPrefs
[13884:15740:0612/140210.175:VERBOSE1:chrome\updater\prefs.cc:135] UpdaterPrefsImpl (local): C:\Program Files (x86)\Google\GoogleUpdater\138.0.7194.0
[13884:15740:0612/140210.175:VERBOSE1:chrome\enterprise_companion\device_management_storage\dm_storage_win.cc:242] GetDmToken: token not found.
[13884:15740:0612/140210.175:VERBOSE1:chrome\enterprise_companion\device_management_storage\dm_storage.cc:218] No valid DM token.
[13884:15740:0612/140210.191:VERBOSE1:chrome\updater\policy\service.cc:146] Current effective policies:
{
  LastCheckPeriod = 270 (Default)
}

[13884:15740:0612/140210.191:VERBOSE1:chrome\updater\prefs.cc:140] ~UpdaterPrefsImpl: C:\Program Files (x86)\Google\GoogleUpdater\138.0.7194.0
[13884:15740:0612/140210.223:VERBOSE2:chrome\updater\app\app_server_win.cc:300] Starting task, Microsoft::WRL::Module count: 2
[13884:15740:0612/140210.223:VERBOSE2:chrome\updater\util\win_util.cc:1433] OemInstallTime not found
[13884:15740:0612/140210.223:VERBOSE1:chrome\updater\update_service_impl_impl.cc:820] RunPeriodicTasks
[13884:15740:0612/140210.223:VERBOSE1:chrome\updater\update_service_impl_impl.cc:825] last_started updated.
[13884:15740:0612/140210.538:VERBOSE2:chrome\updater\util\win_util.cc:1239] Cohort values: 1:gu/32zf:32zx@0.5, 137.0.7151.103 Rollout, 
[13884:15696:0612/140212.024:VERBOSE2:chrome\updater\update_usage_stats_task_win.cc:41] usage stats enabled by app {8a69d345-d564-463c-aff1-a69d9e530f96}
[13884:15740:0612/140212.706:VERBOSE1:chrome\updater\update_service_impl_impl.cc:713] FetchPolicies
[13884:15696:0612/140212.706:VERBOSE1:chrome\enterprise_companion\device_management_storage\dm_storage_win.cc:242] GetDmToken: token not found.
[13884:15696:0612/140212.706:VERBOSE1:chrome\enterprise_companion\device_management_storage\dm_storage_win.cc:40] ReadRegistryString: failed to read registry: Software\Policies\Google\CloudManagement\@EnrollmentToken
[13884:15696:0612/140212.706:VERBOSE1:chrome\enterprise_companion\device_management_storage\dm_storage_win.cc:40] ReadRegistryString: failed to read registry: Software\Policies\Google\Chrome\@CloudManagementEnrollmentToken
[13884:15696:0612/140212.706:VERBOSE1:chrome\enterprise_companion\device_management_storage\dm_storage_win.cc:40] ReadRegistryString: failed to read registry: Software\Google\Update\Clients\{44fc7fe2-65ce-487c-93f4-edee46eeaaab}@CloudManagementEnrollmentToken
[13884:15696:0612/140212.706:VERBOSE1:chrome\enterprise_companion\device_management_storage\dm_storage_win.cc:40] ReadRegistryString: failed to read registry: Software\Google\Update\Clients\{430fd4d0-b729-4f61-aa34-91526481799d}@CloudManagementEnrollmentToken
[13884:15740:0612/140212.706:VERBOSE2:chrome\updater\policy\service.cc:182] Device is not CBCM managed, skipped policy fetch.
[13884:15740:0612/140212.706:VERBOSE1:chrome\updater\policy\service.cc:207] FetchPoliciesDone: 0
[13884:15740:0612/140212.706:VERBOSE1:chrome\updater\policy\service.cc:212] Policies after refresh:
{
  LastCheckPeriod = 270 (Default)
}

[13884:15740:0612/140213.150:INFO:chrome\updater\check_for_updates_task.cc:49] Skipping UpdateAll: last update was 121 minutes ago. check_delay == 270
[13884:15740:0612/140214.064:VERBOSE1:chrome\updater\update_service_impl_impl.cc:928] ForceInstall
[13884:15740:0612/140214.065:INFO:chrome\updater\update_service_impl_impl.cc:884] ForceInstall task complete: 0
[15132:9780:0612/140215.820:VERBOSE2:chrome\updater\ipc\update_service_proxy_win.cc:255] Run
[15132:3124:0612/140215.828:VERBOSE1:chrome\updater\ipc\update_service_proxy_win.cc:1048] ~UpdateServiceProxyImpl
[15132:15604:0612/140215.828:VERBOSE2:chrome\updater\ipc\proxy_impl_base_win.h:62] ~ProxyImplBase
[2644:4940:0612/140215.836:VERBOSE2:chrome\updater\ipc\update_service_internal_proxy_win.cc:65] Run result 0.
[15132:7576:0612/140215.836:VERBOSE2:chrome\updater\app\server\win\com_classes.cc:891] UpdaterInternalImpl::Run. IUpdaterInternalCallback::Run returned 0
[2644:864:0612/140215.844:VERBOSE1:chrome\updater\ipc\update_service_internal_proxy_win.cc:148] ~UpdateServiceInternalProxyImpl
[2644:11000:0612/140215.844:VERBOSE2:chrome\updater\ipc\proxy_impl_base_win.h:62] ~ProxyImplBase
[2644:864:0612/140215.900:VERBOSE1:chrome\updater\updater.cc:335] UpdaterMain (--wake) returned 0.
[5516:16424:0612/140215.967:VERBOSE1:chrome\updater\updater.cc:335] UpdaterMain (--crash-handler) returned 0.
[13884:15740:0612/140225.819:VERBOSE2:chrome\updater\app\app_server_win.cc:252] Stop: COM server is shutting down.
[13884:15740:0612/140225.819:VERBOSE2:chrome\updater\app\app_server_win.cc:312] Completed task, Microsoft::WRL::Module count: 0
[13884:15696:0612/140225.819:VERBOSE1:chrome\updater\prefs.cc:235] Prefs committed.
[13884:15740:0612/140225.819:VERBOSE1:chrome\updater\prefs.cc:140] ~UpdaterPrefsImpl: C:\Program Files (x86)\Google\GoogleUpdater
[13884:13876:0612/140225.827:VERBOSE1:chrome\updater\updater.cc:335] UpdaterMain (--windows-service) returned 0.
[15132:3124:0612/140225.835:VERBOSE2:chrome\updater\app\app_server_win.cc:252] Stop: COM server is shutting down.
[15132:3124:0612/140225.835:VERBOSE2:chrome\updater\app\app_server_win.cc:312] Completed task, Microsoft::WRL::Module count: 0
[15132:7576:0612/140225.835:VERBOSE1:chrome\updater\prefs.cc:235] Prefs committed.
[15132:3124:0612/140225.835:VERBOSE1:chrome\updater\prefs.cc:140] ~UpdaterPrefsImpl: C:\Program Files (x86)\Google\GoogleUpdater\138.0.7194.0
[15132:16636:0612/140225.845:VERBOSE1:chrome\updater\updater.cc:335] UpdaterMain (--windows-service) returned 0.
[16304:15324:0612/140225.845:VERBOSE1:chrome\updater\updater.cc:335] UpdaterMain (--crash-handler) returned 0.
[13276:16344:0612/140225.864:VERBOSE1:chrome\updater\updater.cc:335] UpdaterMain (--crash-handler) returned 0.
[6548:1696:0612/153358.491:VERBOSE1:chrome\updater\updater.cc:328] Version: 138.0.7194.0, opt, 32 bit (x86), command line: "C:\Program Files (x86)\Google\GoogleUpdater\138.0.7194.0\updater.exe" --wake --system
[6548:1696:0612/153358.491:VERBOSE1:chrome\updater\updater.cc:330] OS version: 10.0.22631.5472, System uptime (seconds): 12849, parent pid: 1704
[5180:5908:0612/153358.571:VERBOSE1:chrome\updater\updater.cc:328] Version: 138.0.7194.0, opt, 32 bit (x86), command line: "C:\Program Files (x86)\Google\GoogleUpdater\138.0.7194.0\updater.exe" --crash-handler --system "--database=C:\Program Files (x86)\Google\GoogleUpdater\138.0.7194.0\Crashpad" --url=https://clients2.google.com/cr/report --annotation=prod=Update4 --annotation=ver=138.0.7194.0 "--attachment=C:\Program Files (x86)\Google\GoogleUpdater\updater.log" --initial-client-data=0x2cc,0x2d0,0x2d4,0x2a8,0x2d8,0x13129c0,0x13129cc,0x13129d8
[5180:5908:0612/153358.571:VERBOSE1:chrome\updater\updater.cc:330] OS version: 10.0.22631.5472, System uptime (seconds): 12849, parent pid: 6548
[6548:1696:0612/153358.586:VERBOSE1:chrome\updater\crash_reporter.cc:120] Crash handler launched and ready.
[6548:1696:0612/153358.586:VERBOSE1:chrome\updater\crash_client.cc:106] Found 0 completed crash reports
[6548:1696:0612/153358.586:VERBOSE1:chrome\updater\crash_client.cc:124] Found 0 pending crash reports
[6548:1696:0612/153358.586:VERBOSE2:chrome\updater\update_usage_stats_task_win.cc:41] usage stats enabled by app {8a69d345-d564-463c-aff1-a69d9e530f96}
[6548:1696:0612/153358.594:VERBOSE1:chrome\updater\updater.cc:90] Crash reporting initialized.
[6548:1696:0612/153358.602:VERBOSE1:chrome\updater\updater.cc:145] IsUserAdmin: 1, IsUserNonElevatedAdmin: 0, IsUACOn: 1, IsElevatedWithUACOn: 1, LUA: 1
[6548:1696:0612/153358.619:VERBOSE1:chrome\updater\ipc\update_service_internal_proxy_win.cc:156] Run
[9312:10348:0612/153401.689:VERBOSE1:chrome\updater\updater.cc:328] Version: 138.0.7194.0, opt, 32 bit (x86), command line: "C:\Program Files (x86)\Google\GoogleUpdater\138.0.7194.0\updater.exe" --system --windows-service --service=update-internal
[9312:10348:0612/153401.689:VERBOSE1:chrome\updater\updater.cc:330] OS version: 10.0.22631.5472, System uptime (seconds): 12853, parent pid: 968
[15100:7488:0612/153401.956:VERBOSE1:chrome\updater\updater.cc:328] Version: 138.0.7194.0, opt, 32 bit (x86), command line: "C:\Program Files (x86)\Google\GoogleUpdater\138.0.7194.0\updater.exe" --crash-handler --system "--database=C:\Program Files (x86)\Google\GoogleUpdater\138.0.7194.0\Crashpad" --url=https://clients2.google.com/cr/report --annotation=prod=Update4 --annotation=ver=138.0.7194.0 "--attachment=C:\Program Files (x86)\Google\GoogleUpdater\updater.log" --initial-client-data=0x2cc,0x2d0,0x2d4,0x2a8,0x2d8,0x13129c0,0x13129cc,0x13129d8
[15100:7488:0612/153401.956:VERBOSE1:chrome\updater\updater.cc:330] OS version: 10.0.22631.5472, System uptime (seconds): 12853, parent pid: 9312
[9312:10348:0612/153401.956:VERBOSE1:chrome\updater\crash_reporter.cc:120] Crash handler launched and ready.
[9312:10348:0612/153401.971:VERBOSE1:chrome\updater\crash_client.cc:106] Found 0 completed crash reports
[9312:10348:0612/153401.971:VERBOSE1:chrome\updater\crash_client.cc:124] Found 0 pending crash reports
[9312:10348:0612/153401.971:VERBOSE2:chrome\updater\update_usage_stats_task_win.cc:41] usage stats enabled by app {8a69d345-d564-463c-aff1-a69d9e530f96}
[9312:10348:0612/153401.971:VERBOSE1:chrome\updater\updater.cc:90] Crash reporting initialized.
[9312:10348:0612/153401.971:VERBOSE1:chrome\updater\updater.cc:145] IsUserAdmin: 1, IsUserNonElevatedAdmin: 0, IsUACOn: 1, IsElevatedWithUACOn: 1, LUA: 1
[9312:13648:0612/153402.018:VERBOSE2:chrome\updater\app\server\win\updater_service_delegate.cc:60] Running COM server within the Windows Service
[9312:13648:0612/153402.018:VERBOSE2:chrome\updater\app\app_server.cc:57] ModeCheck
[9312:13648:0612/153402.018:VERBOSE2:chrome\updater\prefs.cc:89] CreateGlobalPrefsInternal
[9312:13648:0612/153402.018:VERBOSE1:chrome\updater\prefs.cc:135] UpdaterPrefsImpl (global): C:\Program Files (x86)\Google\GoogleUpdater
[9312:13648:0612/153402.018:VERBOSE2:chrome\updater\app\app_server.cc:70] This version: 138.0.7194.0, active version: 138.0.7194.0
[9312:13648:0612/153402.018:VERBOSE1:chrome\updater\win\setup\setup_util.cc:263] AreComInterfacesPresent: scope: System: is_internal: 1
[9312:13648:0612/153402.022:VERBOSE2:chrome\updater\win\setup\setup_util.cc:284] AreComInterfacesPresent: all interfaces present
[9312:13648:0612/153402.022:VERBOSE2:chrome\updater\prefs.cc:208] CreateLocalPrefs
[9312:13648:0612/153402.022:VERBOSE1:chrome\updater\prefs.cc:135] UpdaterPrefsImpl (local): C:\Program Files (x86)\Google\GoogleUpdater\138.0.7194.0
[9312:13648:0612/153402.022:VERBOSE1:chrome\updater\prefs.cc:140] ~UpdaterPrefsImpl: C:\Program Files (x86)\Google\GoogleUpdater
[9312:13648:0612/153402.396:VERBOSE2:chrome\updater\app\app_server_win.cc:300] Starting task, Microsoft::WRL::Module count: 2
[9312:13648:0612/153402.396:VERBOSE1:chrome\updater\update_service_internal_impl.cc:25] Run
[9312:13648:0612/153402.396:VERBOSE1:chrome\updater\ipc\update_service_proxy_win.cc:1090] RunPeriodicTasks
[9816:15488:0612/153402.459:VERBOSE1:chrome\updater\updater.cc:328] Version: 138.0.7194.0, opt, 32 bit (x86), command line: "C:\Program Files (x86)\Google\GoogleUpdater\138.0.7194.0\updater.exe" --system --windows-service --service=update
[9816:15488:0612/153402.459:VERBOSE1:chrome\updater\updater.cc:330] OS version: 10.0.22631.5472, System uptime (seconds): 12853, parent pid: 968
[3564:9736:0612/153402.523:VERBOSE1:chrome\updater\updater.cc:328] Version: 138.0.7194.0, opt, 32 bit (x86), command line: "C:\Program Files (x86)\Google\GoogleUpdater\138.0.7194.0\updater.exe" --crash-handler --system "--database=C:\Program Files (x86)\Google\GoogleUpdater\138.0.7194.0\Crashpad" --url=https://clients2.google.com/cr/report --annotation=prod=Update4 --annotation=ver=138.0.7194.0 "--attachment=C:\Program Files (x86)\Google\GoogleUpdater\updater.log" --initial-client-data=0x2c8,0x2cc,0x2d0,0x2a4,0x2d4,0x13129c0,0x13129cc,0x13129d8
[3564:9736:0612/153402.523:VERBOSE1:chrome\updater\updater.cc:330] OS version: 10.0.22631.5472, System uptime (seconds): 12853, parent pid: 9816
[9816:15488:0612/153402.523:VERBOSE1:chrome\updater\crash_reporter.cc:120] Crash handler launched and ready.
[9816:15488:0612/153402.523:VERBOSE1:chrome\updater\crash_client.cc:106] Found 0 completed crash reports
[9816:15488:0612/153402.523:VERBOSE1:chrome\updater\crash_client.cc:124] Found 0 pending crash reports
[9816:15488:0612/153402.523:VERBOSE2:chrome\updater\update_usage_stats_task_win.cc:41] usage stats enabled by app {8a69d345-d564-463c-aff1-a69d9e530f96}
[9816:15488:0612/153402.537:VERBOSE1:chrome\updater\updater.cc:90] Crash reporting initialized.
[9816:15488:0612/153402.537:VERBOSE1:chrome\updater\updater.cc:145] IsUserAdmin: 1, IsUserNonElevatedAdmin: 0, IsUACOn: 1, IsElevatedWithUACOn: 1, LUA: 1
[9816:9200:0612/153402.569:VERBOSE2:chrome\updater\app\server\win\updater_service_delegate.cc:60] Running COM server within the Windows Service
[9816:9200:0612/153402.569:VERBOSE2:chrome\updater\app\app_server.cc:57] ModeCheck
[9816:9200:0612/153402.569:VERBOSE2:chrome\updater\prefs.cc:89] CreateGlobalPrefsInternal
[9816:9200:0612/153402.569:VERBOSE1:chrome\updater\prefs.cc:135] UpdaterPrefsImpl (global): C:\Program Files (x86)\Google\GoogleUpdater
[9816:9200:0612/153402.569:VERBOSE2:chrome\updater\app\app_server.cc:70] This version: 138.0.7194.0, active version: 138.0.7194.0
[9816:9200:0612/153402.569:VERBOSE1:chrome\updater\win\setup\setup_util.cc:263] AreComInterfacesPresent: scope: System: is_internal: 0
[9816:9200:0612/153402.585:VERBOSE2:chrome\updater\win\setup\setup_util.cc:284] AreComInterfacesPresent: all interfaces present
[9816:9200:0612/153402.585:VERBOSE2:chrome\updater\prefs.cc:208] CreateLocalPrefs
[9816:9200:0612/153402.585:VERBOSE1:chrome\updater\prefs.cc:135] UpdaterPrefsImpl (local): C:\Program Files (x86)\Google\GoogleUpdater\138.0.7194.0
[9816:9200:0612/153402.585:VERBOSE1:chrome\enterprise_companion\device_management_storage\dm_storage_win.cc:242] GetDmToken: token not found.
[9816:9200:0612/153402.585:VERBOSE1:chrome\enterprise_companion\device_management_storage\dm_storage.cc:218] No valid DM token.
[9816:9200:0612/153402.601:VERBOSE1:chrome\updater\policy\service.cc:146] Current effective policies:
{
  LastCheckPeriod = 270 (Default)
}

[9816:9200:0612/153402.601:VERBOSE1:chrome\updater\prefs.cc:140] ~UpdaterPrefsImpl: C:\Program Files (x86)\Google\GoogleUpdater\138.0.7194.0
[9816:9200:0612/153402.648:VERBOSE2:chrome\updater\app\app_server_win.cc:300] Starting task, Microsoft::WRL::Module count: 2
[9816:9200:0612/153402.648:VERBOSE2:chrome\updater\util\win_util.cc:1433] OemInstallTime not found
[9816:9200:0612/153402.648:VERBOSE1:chrome\updater\update_service_impl_impl.cc:820] RunPeriodicTasks
[9816:9200:0612/153402.648:VERBOSE1:chrome\updater\update_service_impl_impl.cc:825] last_started updated.
[9816:9200:0612/153403.012:VERBOSE2:chrome\updater\util\win_util.cc:1239] Cohort values: 1:gu/32zf:32zx@0.5, 137.0.7151.103 Rollout, 
[9816:17200:0612/153403.874:VERBOSE2:chrome\updater\update_usage_stats_task_win.cc:41] usage stats enabled by app {8a69d345-d564-463c-aff1-a69d9e530f96}
[9816:9200:0612/153404.967:VERBOSE1:chrome\updater\update_service_impl_impl.cc:713] FetchPolicies
[9816:17200:0612/153404.967:VERBOSE1:chrome\enterprise_companion\device_management_storage\dm_storage_win.cc:242] GetDmToken: token not found.
[9816:17200:0612/153404.967:VERBOSE1:chrome\enterprise_companion\device_management_storage\dm_storage_win.cc:40] ReadRegistryString: failed to read registry: Software\Policies\Google\CloudManagement\@EnrollmentToken
[9816:17200:0612/153404.967:VERBOSE1:chrome\enterprise_companion\device_management_storage\dm_storage_win.cc:40] ReadRegistryString: failed to read registry: Software\Policies\Google\Chrome\@CloudManagementEnrollmentToken
[9816:17200:0612/153404.967:VERBOSE1:chrome\enterprise_companion\device_management_storage\dm_storage_win.cc:40] ReadRegistryString: failed to read registry: Software\Google\Update\Clients\{44fc7fe2-65ce-487c-93f4-edee46eeaaab}@CloudManagementEnrollmentToken
[9816:17200:0612/153404.967:VERBOSE1:chrome\enterprise_companion\device_management_storage\dm_storage_win.cc:40] ReadRegistryString: failed to read registry: Software\Google\Update\Clients\{430fd4d0-b729-4f61-aa34-91526481799d}@CloudManagementEnrollmentToken
[9816:9200:0612/153404.967:VERBOSE2:chrome\updater\policy\service.cc:182] Device is not CBCM managed, skipped policy fetch.
[9816:9200:0612/153404.967:VERBOSE1:chrome\updater\policy\service.cc:207] FetchPoliciesDone: 0
[9816:9200:0612/153404.967:VERBOSE1:chrome\updater\policy\service.cc:212] Policies after refresh:
{
  LastCheckPeriod = 270 (Default)
}

[9816:9200:0612/153405.515:INFO:chrome\updater\check_for_updates_task.cc:49] Skipping UpdateAll: last update was 213 minutes ago. check_delay == 270
[9816:9200:0612/153406.191:VERBOSE1:chrome\updater\update_service_impl_impl.cc:928] ForceInstall
[9816:9200:0612/153406.191:INFO:chrome\updater\update_service_impl_impl.cc:884] ForceInstall task complete: 0
[9312:3076:0612/153407.356:VERBOSE2:chrome\updater\ipc\update_service_proxy_win.cc:255] Run
[9312:13648:0612/153407.356:VERBOSE1:chrome\updater\ipc\update_service_proxy_win.cc:1048] ~UpdateServiceProxyImpl
[9312:15492:0612/153407.356:VERBOSE2:chrome\updater\ipc\proxy_impl_base_win.h:62] ~ProxyImplBase
[6548:17172:0612/153407.356:VERBOSE2:chrome\updater\ipc\update_service_internal_proxy_win.cc:65] Run result 0.
[9312:10472:0612/153407.356:VERBOSE2:chrome\updater\app\server\win\com_classes.cc:891] UpdaterInternalImpl::Run. IUpdaterInternalCallback::Run returned 0
[6548:1696:0612/153407.356:VERBOSE1:chrome\updater\ipc\update_service_internal_proxy_win.cc:148] ~UpdateServiceInternalProxyImpl
[6548:12932:0612/153407.356:VERBOSE2:chrome\updater\ipc\proxy_impl_base_win.h:62] ~ProxyImplBase
[6548:1696:0612/153407.356:VERBOSE1:chrome\updater\updater.cc:335] UpdaterMain (--wake) returned 0.
[5180:5908:0612/153407.378:VERBOSE1:chrome\updater\updater.cc:335] UpdaterMain (--crash-handler) returned 0.
[9312:13648:0612/153417.360:VERBOSE2:chrome\updater\app\app_server_win.cc:252] Stop: COM server is shutting down.
[9312:13648:0612/153417.360:VERBOSE2:chrome\updater\app\app_server_win.cc:312] Completed task, Microsoft::WRL::Module count: 0
[9816:9200:0612/153417.360:VERBOSE2:chrome\updater\app\app_server_win.cc:252] Stop: COM server is shutting down.
[9312:10472:0612/153417.360:VERBOSE1:chrome\updater\prefs.cc:235] Prefs committed.
[9312:13648:0612/153417.360:VERBOSE1:chrome\updater\prefs.cc:140] ~UpdaterPrefsImpl: C:\Program Files (x86)\Google\GoogleUpdater\138.0.7194.0
[9816:9200:0612/153417.360:VERBOSE2:chrome\updater\app\app_server_win.cc:312] Completed task, Microsoft::WRL::Module count: 0
[9816:17200:0612/153417.360:VERBOSE1:chrome\updater\prefs.cc:235] Prefs committed.
[9816:9200:0612/153417.360:VERBOSE1:chrome\updater\prefs.cc:140] ~UpdaterPrefsImpl: C:\Program Files (x86)\Google\GoogleUpdater
[9312:10348:0612/153417.375:VERBOSE1:chrome\updater\updater.cc:335] UpdaterMain (--windows-service) returned 0.
[15100:7488:0612/153417.376:VERBOSE1:chrome\updater\updater.cc:335] UpdaterMain (--crash-handler) returned 0.
[9816:15488:0612/153417.392:VERBOSE1:chrome\updater\updater.cc:335] UpdaterMain (--windows-service) returned 0.
[3564:9736:0612/153417.403:VERBOSE1:chrome\updater\updater.cc:335] UpdaterMain (--crash-handler) returned 0.
[12440:14568:0612/160209.583:VERBOSE1:chrome\updater\updater.cc:328] Version: 138.0.7194.0, opt, 32 bit (x86), command line: "C:\Program Files (x86)\Google\GoogleUpdater\138.0.7194.0\updater.exe" --wake --system
[12440:14568:0612/160209.583:VERBOSE1:chrome\updater\updater.cc:330] OS version: 10.0.22631.5472, System uptime (seconds): 14540, parent pid: 1704
[17612:17584:0612/160209.645:VERBOSE1:chrome\updater\updater.cc:328] Version: 138.0.7194.0, opt, 32 bit (x86), command line: "C:\Program Files (x86)\Google\GoogleUpdater\138.0.7194.0\updater.exe" --crash-handler --system "--database=C:\Program Files (x86)\Google\GoogleUpdater\138.0.7194.0\Crashpad" --url=https://clients2.google.com/cr/report --annotation=prod=Update4 --annotation=ver=138.0.7194.0 "--attachment=C:\Program Files (x86)\Google\GoogleUpdater\updater.log" --initial-client-data=0x2c8,0x2cc,0x2d0,0x2a4,0x2d4,0x13129c0,0x13129cc,0x13129d8
[17612:17584:0612/160209.645:VERBOSE1:chrome\updater\updater.cc:330] OS version: 10.0.22631.5472, System uptime (seconds): 14540, parent pid: 12440
[12440:14568:0612/160209.661:VERBOSE1:chrome\updater\crash_reporter.cc:120] Crash handler launched and ready.
[12440:14568:0612/160209.661:VERBOSE1:chrome\updater\crash_client.cc:106] Found 0 completed crash reports
[12440:14568:0612/160209.661:VERBOSE1:chrome\updater\crash_client.cc:124] Found 0 pending crash reports
[12440:14568:0612/160209.661:VERBOSE2:chrome\updater\update_usage_stats_task_win.cc:41] usage stats enabled by app {8a69d345-d564-463c-aff1-a69d9e530f96}
[12440:14568:0612/160209.661:VERBOSE1:chrome\updater\updater.cc:90] Crash reporting initialized.
[12440:14568:0612/160209.661:VERBOSE1:chrome\updater\updater.cc:145] IsUserAdmin: 1, IsUserNonElevatedAdmin: 0, IsUACOn: 1, IsElevatedWithUACOn: 1, LUA: 1
[12440:14568:0612/160209.676:VERBOSE1:chrome\updater\ipc\update_service_internal_proxy_win.cc:156] Run
[9872:14424:0612/160209.754:VERBOSE1:chrome\updater\updater.cc:328] Version: 138.0.7194.0, opt, 32 bit (x86), command line: "C:\Program Files (x86)\Google\GoogleUpdater\138.0.7194.0\updater.exe" --system --windows-service --service=update-internal
[9872:14424:0612/160209.754:VERBOSE1:chrome\updater\updater.cc:330] OS version: 10.0.22631.5472, System uptime (seconds): 14541, parent pid: 968
[10936:4032:0612/160209.817:VERBOSE1:chrome\updater\updater.cc:328] Version: 138.0.7194.0, opt, 32 bit (x86), command line: "C:\Program Files (x86)\Google\GoogleUpdater\138.0.7194.0\updater.exe" --crash-handler --system "--database=C:\Program Files (x86)\Google\GoogleUpdater\138.0.7194.0\Crashpad" --url=https://clients2.google.com/cr/report --annotation=prod=Update4 --annotation=ver=138.0.7194.0 "--attachment=C:\Program Files (x86)\Google\GoogleUpdater\updater.log" --initial-client-data=0x2c8,0x2cc,0x2d0,0x2a4,0x2d4,0x13129c0,0x13129cc,0x13129d8
[10936:4032:0612/160209.817:VERBOSE1:chrome\updater\updater.cc:330] OS version: 10.0.22631.5472, System uptime (seconds): 14541, parent pid: 9872
[9872:14424:0612/160209.817:VERBOSE1:chrome\updater\crash_reporter.cc:120] Crash handler launched and ready.
[9872:14424:0612/160209.817:VERBOSE1:chrome\updater\crash_client.cc:106] Found 0 completed crash reports
[9872:14424:0612/160209.817:VERBOSE1:chrome\updater\crash_client.cc:124] Found 0 pending crash reports
[9872:14424:0612/160209.817:VERBOSE2:chrome\updater\update_usage_stats_task_win.cc:41] usage stats enabled by app {8a69d345-d564-463c-aff1-a69d9e530f96}
[9872:14424:0612/160209.817:VERBOSE1:chrome\updater\updater.cc:90] Crash reporting initialized.
[9872:14424:0612/160209.817:VERBOSE1:chrome\updater\updater.cc:145] IsUserAdmin: 1, IsUserNonElevatedAdmin: 0, IsUACOn: 1, IsElevatedWithUACOn: 1, LUA: 1
[9872:3532:0612/160209.848:VERBOSE2:chrome\updater\app\server\win\updater_service_delegate.cc:60] Running COM server within the Windows Service
[9872:3532:0612/160209.848:VERBOSE2:chrome\updater\app\app_server.cc:57] ModeCheck
[9872:3532:0612/160209.848:VERBOSE2:chrome\updater\prefs.cc:89] CreateGlobalPrefsInternal
[9872:3532:0612/160209.848:VERBOSE1:chrome\updater\prefs.cc:135] UpdaterPrefsImpl (global): C:\Program Files (x86)\Google\GoogleUpdater
[9872:3532:0612/160209.848:VERBOSE2:chrome\updater\app\app_server.cc:70] This version: 138.0.7194.0, active version: 138.0.7194.0
[9872:3532:0612/160209.848:VERBOSE1:chrome\updater\win\setup\setup_util.cc:263] AreComInterfacesPresent: scope: System: is_internal: 1
[9872:3532:0612/160209.848:VERBOSE2:chrome\updater\win\setup\setup_util.cc:284] AreComInterfacesPresent: all interfaces present
[9872:3532:0612/160209.848:VERBOSE2:chrome\updater\prefs.cc:208] CreateLocalPrefs
[9872:3532:0612/160209.848:VERBOSE1:chrome\updater\prefs.cc:135] UpdaterPrefsImpl (local): C:\Program Files (x86)\Google\GoogleUpdater\138.0.7194.0
[9872:3532:0612/160209.848:VERBOSE1:chrome\updater\prefs.cc:140] ~UpdaterPrefsImpl: C:\Program Files (x86)\Google\GoogleUpdater
[9872:3532:0612/160209.879:VERBOSE2:chrome\updater\app\app_server_win.cc:300] Starting task, Microsoft::WRL::Module count: 2
[9872:3532:0612/160209.879:VERBOSE1:chrome\updater\update_service_internal_impl.cc:25] Run
[9872:3532:0612/160209.879:VERBOSE1:chrome\updater\ipc\update_service_proxy_win.cc:1090] RunPeriodicTasks
[9776:8552:0612/160209.942:VERBOSE1:chrome\updater\updater.cc:328] Version: 138.0.7194.0, opt, 32 bit (x86), command line: "C:\Program Files (x86)\Google\GoogleUpdater\138.0.7194.0\updater.exe" --system --windows-service --service=update
[9776:8552:0612/160209.942:VERBOSE1:chrome\updater\updater.cc:330] OS version: 10.0.22631.5472, System uptime (seconds): 14541, parent pid: 968
[17852:17848:0612/160209.989:VERBOSE1:chrome\updater\updater.cc:328] Version: 138.0.7194.0, opt, 32 bit (x86), command line: "C:\Program Files (x86)\Google\GoogleUpdater\138.0.7194.0\updater.exe" --crash-handler --system "--database=C:\Program Files (x86)\Google\GoogleUpdater\138.0.7194.0\Crashpad" --url=https://clients2.google.com/cr/report --annotation=prod=Update4 --annotation=ver=138.0.7194.0 "--attachment=C:\Program Files (x86)\Google\GoogleUpdater\updater.log" --initial-client-data=0x2c8,0x2cc,0x2d0,0x2a4,0x2d4,0x13129c0,0x13129cc,0x13129d8
[17852:17848:0612/160209.989:VERBOSE1:chrome\updater\updater.cc:330] OS version: 10.0.22631.5472, System uptime (seconds): 14541, parent pid: 9776
[9776:8552:0612/160209.989:VERBOSE1:chrome\updater\crash_reporter.cc:120] Crash handler launched and ready.
[9776:8552:0612/160209.989:VERBOSE1:chrome\updater\crash_client.cc:106] Found 0 completed crash reports
[9776:8552:0612/160209.989:VERBOSE1:chrome\updater\crash_client.cc:124] Found 0 pending crash reports
[9776:8552:0612/160210.004:VERBOSE2:chrome\updater\update_usage_stats_task_win.cc:41] usage stats enabled by app {8a69d345-d564-463c-aff1-a69d9e530f96}
[9776:8552:0612/160210.004:VERBOSE1:chrome\updater\updater.cc:90] Crash reporting initialized.
[9776:8552:0612/160210.004:VERBOSE1:chrome\updater\updater.cc:145] IsUserAdmin: 1, IsUserNonElevatedAdmin: 0, IsUACOn: 1, IsElevatedWithUACOn: 1, LUA: 1
[9776:17828:0612/160210.020:VERBOSE2:chrome\updater\app\server\win\updater_service_delegate.cc:60] Running COM server within the Windows Service
[9776:17828:0612/160210.020:VERBOSE2:chrome\updater\app\app_server.cc:57] ModeCheck
[9776:17828:0612/160210.020:VERBOSE2:chrome\updater\prefs.cc:89] CreateGlobalPrefsInternal
[9776:17828:0612/160210.020:VERBOSE1:chrome\updater\prefs.cc:135] UpdaterPrefsImpl (global): C:\Program Files (x86)\Google\GoogleUpdater
[9776:17828:0612/160210.020:VERBOSE2:chrome\updater\app\app_server.cc:70] This version: 138.0.7194.0, active version: 138.0.7194.0
[9776:17828:0612/160210.020:VERBOSE1:chrome\updater\win\setup\setup_util.cc:263] AreComInterfacesPresent: scope: System: is_internal: 0
[9776:17828:0612/160210.036:VERBOSE2:chrome\updater\win\setup\setup_util.cc:284] AreComInterfacesPresent: all interfaces present
[9776:17828:0612/160210.036:VERBOSE2:chrome\updater\prefs.cc:208] CreateLocalPrefs
[9776:17828:0612/160210.036:VERBOSE1:chrome\updater\prefs.cc:135] UpdaterPrefsImpl (local): C:\Program Files (x86)\Google\GoogleUpdater\138.0.7194.0
[9776:17828:0612/160210.036:VERBOSE1:chrome\enterprise_companion\device_management_storage\dm_storage_win.cc:242] GetDmToken: token not found.
[9776:17828:0612/160210.036:VERBOSE1:chrome\enterprise_companion\device_management_storage\dm_storage.cc:218] No valid DM token.
[9776:17828:0612/160210.067:VERBOSE1:chrome\updater\policy\service.cc:146] Current effective policies:
{
  LastCheckPeriod = 270 (Default)
}

[9776:17828:0612/160210.067:VERBOSE1:chrome\updater\prefs.cc:140] ~UpdaterPrefsImpl: C:\Program Files (x86)\Google\GoogleUpdater\138.0.7194.0
[9776:17828:0612/160210.114:VERBOSE2:chrome\updater\app\app_server_win.cc:300] Starting task, Microsoft::WRL::Module count: 2
[9776:17828:0612/160210.114:VERBOSE2:chrome\updater\util\win_util.cc:1433] OemInstallTime not found
[9776:17828:0612/160210.114:VERBOSE1:chrome\updater\update_service_impl_impl.cc:820] RunPeriodicTasks
[9776:17828:0612/160210.114:VERBOSE1:chrome\updater\update_service_impl_impl.cc:825] last_started updated.
[9776:17828:0612/160210.285:VERBOSE2:chrome\updater\util\win_util.cc:1239] Cohort values: 1:gu/32zf:32zx@0.5, 137.0.7151.103 Rollout, 
[9776:6848:0612/160211.975:VERBOSE2:chrome\updater\update_usage_stats_task_win.cc:41] usage stats enabled by app {8a69d345-d564-463c-aff1-a69d9e530f96}
[9776:17828:0612/160213.194:VERBOSE1:chrome\updater\update_service_impl_impl.cc:713] FetchPolicies
[9776:6848:0612/160213.194:VERBOSE1:chrome\enterprise_companion\device_management_storage\dm_storage_win.cc:242] GetDmToken: token not found.
[9776:6848:0612/160213.194:VERBOSE1:chrome\enterprise_companion\device_management_storage\dm_storage_win.cc:40] ReadRegistryString: failed to read registry: Software\Policies\Google\CloudManagement\@EnrollmentToken
[9776:6848:0612/160213.194:VERBOSE1:chrome\enterprise_companion\device_management_storage\dm_storage_win.cc:40] ReadRegistryString: failed to read registry: Software\Policies\Google\Chrome\@CloudManagementEnrollmentToken
[9776:6848:0612/160213.194:VERBOSE1:chrome\enterprise_companion\device_management_storage\dm_storage_win.cc:40] ReadRegistryString: failed to read registry: Software\Google\Update\Clients\{44fc7fe2-65ce-487c-93f4-edee46eeaaab}@CloudManagementEnrollmentToken
[9776:6848:0612/160213.194:VERBOSE1:chrome\enterprise_companion\device_management_storage\dm_storage_win.cc:40] ReadRegistryString: failed to read registry: Software\Google\Update\Clients\{430fd4d0-b729-4f61-aa34-91526481799d}@CloudManagementEnrollmentToken
[9776:17828:0612/160213.194:VERBOSE2:chrome\updater\policy\service.cc:182] Device is not CBCM managed, skipped policy fetch.
[9776:17828:0612/160213.194:VERBOSE1:chrome\updater\policy\service.cc:207] FetchPoliciesDone: 0
[9776:17828:0612/160213.194:VERBOSE1:chrome\updater\policy\service.cc:212] Policies after refresh:
{
  LastCheckPeriod = 270 (Default)
}

[9776:17828:0612/160214.036:INFO:chrome\updater\check_for_updates_task.cc:49] Skipping UpdateAll: last update was 241 minutes ago. check_delay == 270
[9776:17828:0612/160214.583:VERBOSE1:chrome\updater\update_service_impl_impl.cc:928] ForceInstall
[9776:17828:0612/160214.583:INFO:chrome\updater\update_service_impl_impl.cc:884] ForceInstall task complete: 0
[9872:952:0612/160215.067:VERBOSE2:chrome\updater\ipc\update_service_proxy_win.cc:255] Run
[9872:3532:0612/160215.067:VERBOSE1:chrome\updater\ipc\update_service_proxy_win.cc:1048] ~UpdateServiceProxyImpl
[9872:9164:0612/160215.067:VERBOSE2:chrome\updater\ipc\proxy_impl_base_win.h:62] ~ProxyImplBase
[12440:17688:0612/160215.067:VERBOSE2:chrome\updater\ipc\update_service_internal_proxy_win.cc:65] Run result 0.
[9872:4356:0612/160215.067:VERBOSE2:chrome\updater\app\server\win\com_classes.cc:891] UpdaterInternalImpl::Run. IUpdaterInternalCallback::Run returned 0
[12440:14568:0612/160215.067:VERBOSE1:chrome\updater\ipc\update_service_internal_proxy_win.cc:148] ~UpdateServiceInternalProxyImpl
[12440:17708:0612/160215.067:VERBOSE2:chrome\updater\ipc\proxy_impl_base_win.h:62] ~ProxyImplBase
[12440:14568:0612/160215.067:VERBOSE1:chrome\updater\updater.cc:335] UpdaterMain (--wake) returned 0.
[17612:17584:0612/160215.082:VERBOSE1:chrome\updater\updater.cc:335] UpdaterMain (--crash-handler) returned 0.
[9776:17828:0612/160225.083:VERBOSE2:chrome\updater\app\app_server_win.cc:252] Stop: COM server is shutting down.
[9872:3532:0612/160225.083:VERBOSE2:chrome\updater\app\app_server_win.cc:252] Stop: COM server is shutting down.
[9872:3532:0612/160225.083:VERBOSE2:chrome\updater\app\app_server_win.cc:312] Completed task, Microsoft::WRL::Module count: 0
[9872:4356:0612/160225.083:VERBOSE1:chrome\updater\prefs.cc:235] Prefs committed.
[9872:3532:0612/160225.083:VERBOSE1:chrome\updater\prefs.cc:140] ~UpdaterPrefsImpl: C:\Program Files (x86)\Google\GoogleUpdater\138.0.7194.0
[9776:17828:0612/160225.083:VERBOSE2:chrome\updater\app\app_server_win.cc:312] Completed task, Microsoft::WRL::Module count: 0
[9776:6848:0612/160225.083:VERBOSE1:chrome\updater\prefs.cc:235] Prefs committed.
[9776:17828:0612/160225.083:VERBOSE1:chrome\updater\prefs.cc:140] ~UpdaterPrefsImpl: C:\Program Files (x86)\Google\GoogleUpdater
[9872:14424:0612/160225.083:VERBOSE1:chrome\updater\updater.cc:335] UpdaterMain (--windows-service) returned 0.
[9776:8552:0612/160225.083:VERBOSE1:chrome\updater\updater.cc:335] UpdaterMain (--windows-service) returned 0.
[10936:4032:0612/160225.083:VERBOSE1:chrome\updater\updater.cc:335] UpdaterMain (--crash-handler) returned 0.
[17852:17848:0612/160225.099:VERBOSE1:chrome\updater\updater.cc:335] UpdaterMain (--crash-handler) returned 0.
[5920:10636:0612/170209.584:VERBOSE1:chrome\updater\updater.cc:328] Version: 138.0.7194.0, opt, 32 bit (x86), command line: "C:\Program Files (x86)\Google\GoogleUpdater\138.0.7194.0\updater.exe" --wake --system
[5920:10636:0612/170209.584:VERBOSE1:chrome\updater\updater.cc:330] OS version: 10.0.22631.5472, System uptime (seconds): 18140, parent pid: 1704
[13568:9912:0612/170209.646:VERBOSE1:chrome\updater\updater.cc:328] Version: 138.0.7194.0, opt, 32 bit (x86), command line: "C:\Program Files (x86)\Google\GoogleUpdater\138.0.7194.0\updater.exe" --crash-handler --system "--database=C:\Program Files (x86)\Google\GoogleUpdater\138.0.7194.0\Crashpad" --url=https://clients2.google.com/cr/report --annotation=prod=Update4 --annotation=ver=138.0.7194.0 "--attachment=C:\Program Files (x86)\Google\GoogleUpdater\updater.log" --initial-client-data=0x2cc,0x2d0,0x2d4,0x2a8,0x2d8,0x13129c0,0x13129cc,0x13129d8
[13568:9912:0612/170209.646:VERBOSE1:chrome\updater\updater.cc:330] OS version: 10.0.22631.5472, System uptime (seconds): 18140, parent pid: 5920
[5920:10636:0612/170209.660:VERBOSE1:chrome\updater\crash_reporter.cc:120] Crash handler launched and ready.
[5920:10636:0612/170209.660:VERBOSE1:chrome\updater\crash_client.cc:106] Found 0 completed crash reports
[5920:10636:0612/170209.660:VERBOSE1:chrome\updater\crash_client.cc:124] Found 0 pending crash reports
[5920:10636:0612/170209.660:VERBOSE2:chrome\updater\update_usage_stats_task_win.cc:41] usage stats enabled by app {8a69d345-d564-463c-aff1-a69d9e530f96}
[5920:10636:0612/170209.663:VERBOSE1:chrome\updater\updater.cc:90] Crash reporting initialized.
[5920:10636:0612/170209.664:VERBOSE1:chrome\updater\updater.cc:145] IsUserAdmin: 1, IsUserNonElevatedAdmin: 0, IsUACOn: 1, IsElevatedWithUACOn: 1, LUA: 1
[5920:10636:0612/170209.685:VERBOSE1:chrome\updater\ipc\update_service_internal_proxy_win.cc:156] Run
[12332:14228:0612/170209.747:VERBOSE1:chrome\updater\updater.cc:328] Version: 138.0.7194.0, opt, 32 bit (x86), command line: "C:\Program Files (x86)\Google\GoogleUpdater\138.0.7194.0\updater.exe" --system --windows-service --service=update-internal
[12332:14228:0612/170209.747:VERBOSE1:chrome\updater\updater.cc:330] OS version: 10.0.22631.5472, System uptime (seconds): 18141, parent pid: 968
[14540:9300:0612/170209.804:VERBOSE1:chrome\updater\updater.cc:328] Version: 138.0.7194.0, opt, 32 bit (x86), command line: "C:\Program Files (x86)\Google\GoogleUpdater\138.0.7194.0\updater.exe" --crash-handler --system "--database=C:\Program Files (x86)\Google\GoogleUpdater\138.0.7194.0\Crashpad" --url=https://clients2.google.com/cr/report --annotation=prod=Update4 --annotation=ver=138.0.7194.0 "--attachment=C:\Program Files (x86)\Google\GoogleUpdater\updater.log" --initial-client-data=0x2c8,0x2cc,0x2d0,0x2a4,0x2d4,0x13129c0,0x13129cc,0x13129d8
[14540:9300:0612/170209.804:VERBOSE1:chrome\updater\updater.cc:330] OS version: 10.0.22631.5472, System uptime (seconds): 18141, parent pid: 12332
[12332:14228:0612/170209.804:VERBOSE1:chrome\updater\crash_reporter.cc:120] Crash handler launched and ready.
[12332:14228:0612/170209.804:VERBOSE1:chrome\updater\crash_client.cc:106] Found 0 completed crash reports
[12332:14228:0612/170209.804:VERBOSE1:chrome\updater\crash_client.cc:124] Found 0 pending crash reports
[12332:14228:0612/170209.804:VERBOSE2:chrome\updater\update_usage_stats_task_win.cc:41] usage stats enabled by app {8a69d345-d564-463c-aff1-a69d9e530f96}
[12332:14228:0612/170209.804:VERBOSE1:chrome\updater\updater.cc:90] Crash reporting initialized.
[12332:14228:0612/170209.804:VERBOSE1:chrome\updater\updater.cc:145] IsUserAdmin: 1, IsUserNonElevatedAdmin: 0, IsUACOn: 1, IsElevatedWithUACOn: 1, LUA: 1
[12332:3100:0612/170209.820:VERBOSE2:chrome\updater\app\server\win\updater_service_delegate.cc:60] Running COM server within the Windows Service
[12332:3100:0612/170209.820:VERBOSE2:chrome\updater\app\app_server.cc:57] ModeCheck
[12332:3100:0612/170209.820:VERBOSE2:chrome\updater\prefs.cc:89] CreateGlobalPrefsInternal
[12332:3100:0612/170209.820:VERBOSE1:chrome\updater\prefs.cc:135] UpdaterPrefsImpl (global): C:\Program Files (x86)\Google\GoogleUpdater
[12332:3100:0612/170209.820:VERBOSE2:chrome\updater\app\app_server.cc:70] This version: 138.0.7194.0, active version: 138.0.7194.0
[12332:3100:0612/170209.820:VERBOSE1:chrome\updater\win\setup\setup_util.cc:263] AreComInterfacesPresent: scope: System: is_internal: 1
[12332:3100:0612/170209.820:VERBOSE2:chrome\updater\win\setup\setup_util.cc:284] AreComInterfacesPresent: all interfaces present
[12332:3100:0612/170209.820:VERBOSE2:chrome\updater\prefs.cc:208] CreateLocalPrefs
[12332:3100:0612/170209.820:VERBOSE1:chrome\updater\prefs.cc:135] UpdaterPrefsImpl (local): C:\Program Files (x86)\Google\GoogleUpdater\138.0.7194.0
[12332:3100:0612/170209.820:VERBOSE1:chrome\updater\prefs.cc:140] ~UpdaterPrefsImpl: C:\Program Files (x86)\Google\GoogleUpdater
[12332:3100:0612/170209.861:VERBOSE2:chrome\updater\app\app_server_win.cc:300] Starting task, Microsoft::WRL::Module count: 2
[12332:3100:0612/170209.861:VERBOSE1:chrome\updater\update_service_internal_impl.cc:25] Run
[12332:3100:0612/170209.861:VERBOSE1:chrome\updater\ipc\update_service_proxy_win.cc:1090] RunPeriodicTasks
[10324:10784:0612/170209.917:VERBOSE1:chrome\updater\updater.cc:328] Version: 138.0.7194.0, opt, 32 bit (x86), command line: "C:\Program Files (x86)\Google\GoogleUpdater\138.0.7194.0\updater.exe" --system --windows-service --service=update
[10324:10784:0612/170209.917:VERBOSE1:chrome\updater\updater.cc:330] OS version: 10.0.22631.5472, System uptime (seconds): 18141, parent pid: 968
[9176:10612:0612/170209.974:VERBOSE1:chrome\updater\updater.cc:328] Version: 138.0.7194.0, opt, 32 bit (x86), command line: "C:\Program Files (x86)\Google\GoogleUpdater\138.0.7194.0\updater.exe" --crash-handler --system "--database=C:\Program Files (x86)\Google\GoogleUpdater\138.0.7194.0\Crashpad" --url=https://clients2.google.com/cr/report --annotation=prod=Update4 --annotation=ver=138.0.7194.0 "--attachment=C:\Program Files (x86)\Google\GoogleUpdater\updater.log" --initial-client-data=0x2d4,0x2d8,0x2dc,0x2b0,0x2e0,0x13129c0,0x13129cc,0x13129d8
[9176:10612:0612/170209.974:VERBOSE1:chrome\updater\updater.cc:330] OS version: 10.0.22631.5472, System uptime (seconds): 18141, parent pid: 10324
[10324:10784:0612/170209.975:VERBOSE1:chrome\updater\crash_reporter.cc:120] Crash handler launched and ready.
[10324:10784:0612/170209.975:VERBOSE1:chrome\updater\crash_client.cc:106] Found 0 completed crash reports
[10324:10784:0612/170209.975:VERBOSE1:chrome\updater\crash_client.cc:124] Found 0 pending crash reports
[10324:10784:0612/170209.975:VERBOSE2:chrome\updater\update_usage_stats_task_win.cc:41] usage stats enabled by app {8a69d345-d564-463c-aff1-a69d9e530f96}
[10324:10784:0612/170209.975:VERBOSE1:chrome\updater\updater.cc:90] Crash reporting initialized.
[10324:10784:0612/170209.975:VERBOSE1:chrome\updater\updater.cc:145] IsUserAdmin: 1, IsUserNonElevatedAdmin: 0, IsUACOn: 1, IsElevatedWithUACOn: 1, LUA: 1
[10324:9572:0612/170210.000:VERBOSE2:chrome\updater\app\server\win\updater_service_delegate.cc:60] Running COM server within the Windows Service
[10324:9572:0612/170210.000:VERBOSE2:chrome\updater\app\app_server.cc:57] ModeCheck
[10324:9572:0612/170210.000:VERBOSE2:chrome\updater\prefs.cc:89] CreateGlobalPrefsInternal
[10324:9572:0612/170210.000:VERBOSE1:chrome\updater\prefs.cc:135] UpdaterPrefsImpl (global): C:\Program Files (x86)\Google\GoogleUpdater
[10324:9572:0612/170210.000:VERBOSE2:chrome\updater\app\app_server.cc:70] This version: 138.0.7194.0, active version: 138.0.7194.0
[10324:9572:0612/170210.000:VERBOSE1:chrome\updater\win\setup\setup_util.cc:263] AreComInterfacesPresent: scope: System: is_internal: 0
[10324:9572:0612/170210.016:VERBOSE2:chrome\updater\win\setup\setup_util.cc:284] AreComInterfacesPresent: all interfaces present
[10324:9572:0612/170210.016:VERBOSE2:chrome\updater\prefs.cc:208] CreateLocalPrefs
[10324:9572:0612/170210.016:VERBOSE1:chrome\updater\prefs.cc:135] UpdaterPrefsImpl (local): C:\Program Files (x86)\Google\GoogleUpdater\138.0.7194.0
[10324:9572:0612/170210.016:VERBOSE1:chrome\enterprise_companion\device_management_storage\dm_storage_win.cc:242] GetDmToken: token not found.
[10324:9572:0612/170210.016:VERBOSE1:chrome\enterprise_companion\device_management_storage\dm_storage.cc:218] No valid DM token.
[10324:9572:0612/170210.024:VERBOSE1:chrome\updater\policy\service.cc:146] Current effective policies:
{
  LastCheckPeriod = 270 (Default)
}

[10324:9572:0612/170210.024:VERBOSE1:chrome\updater\prefs.cc:140] ~UpdaterPrefsImpl: C:\Program Files (x86)\Google\GoogleUpdater\138.0.7194.0
[10324:9572:0612/170210.058:VERBOSE2:chrome\updater\app\app_server_win.cc:300] Starting task, Microsoft::WRL::Module count: 2
[10324:9572:0612/170210.058:VERBOSE2:chrome\updater\util\win_util.cc:1433] OemInstallTime not found
[10324:9572:0612/170210.058:VERBOSE1:chrome\updater\update_service_impl_impl.cc:820] RunPeriodicTasks
[10324:9572:0612/170210.058:VERBOSE1:chrome\updater\update_service_impl_impl.cc:825] last_started updated.
[10324:9572:0612/170210.391:VERBOSE2:chrome\updater\util\win_util.cc:1239] Cohort values: 1:gu/32zf:32zx@0.5, 137.0.7151.103 Rollout, 
[10324:17532:0612/170212.328:VERBOSE2:chrome\updater\update_usage_stats_task_win.cc:41] usage stats enabled by app {8a69d345-d564-463c-aff1-a69d9e530f96}
[10324:9572:0612/170212.953:VERBOSE1:chrome\updater\update_service_impl_impl.cc:713] FetchPolicies
[10324:17532:0612/170212.953:VERBOSE1:chrome\enterprise_companion\device_management_storage\dm_storage_win.cc:242] GetDmToken: token not found.
[10324:17532:0612/170212.953:VERBOSE1:chrome\enterprise_companion\device_management_storage\dm_storage_win.cc:40] ReadRegistryString: failed to read registry: Software\Policies\Google\CloudManagement\@EnrollmentToken
[10324:17532:0612/170212.953:VERBOSE1:chrome\enterprise_companion\device_management_storage\dm_storage_win.cc:40] ReadRegistryString: failed to read registry: Software\Policies\Google\Chrome\@CloudManagementEnrollmentToken
[10324:17532:0612/170212.953:VERBOSE1:chrome\enterprise_companion\device_management_storage\dm_storage_win.cc:40] ReadRegistryString: failed to read registry: Software\Google\Update\Clients\{44fc7fe2-65ce-487c-93f4-edee46eeaaab}@CloudManagementEnrollmentToken
[10324:17532:0612/170212.953:VERBOSE1:chrome\enterprise_companion\device_management_storage\dm_storage_win.cc:40] ReadRegistryString: failed to read registry: Software\Google\Update\Clients\{430fd4d0-b729-4f61-aa34-91526481799d}@CloudManagementEnrollmentToken
[10324:9572:0612/170212.953:VERBOSE2:chrome\updater\policy\service.cc:182] Device is not CBCM managed, skipped policy fetch.
[10324:9572:0612/170212.953:VERBOSE1:chrome\updater\policy\service.cc:207] FetchPoliciesDone: 0
[10324:9572:0612/170212.953:VERBOSE1:chrome\updater\policy\service.cc:212] Policies after refresh:
{
  LastCheckPeriod = 270 (Default)
}

[10324:9572:0612/170213.219:VERBOSE1:chrome\updater\update_service_impl_impl.cc:1083] UpdateAll
[10324:9572:0612/170213.219:VERBOSE1:chrome\updater\update_service_impl_impl.cc:128] GetComponents. Same version update: not allowed
[10324:9572:0612/170213.219:VERBOSE1:chrome\updater\installer.cc:134] MakeCrxComponentFromAppInfo for {44fc7fe2-65ce-487c-93f4-edee46eeaaab}
[10324:9572:0612/170213.219:VERBOSE1:chrome\updater\installer.cc:134] MakeCrxComponentFromAppInfo for {8a69d345-d564-463c-aff1-a69d9e530f96}
[10324:9572:0612/170213.219:VERBOSE1:chrome\updater\net\network_fetcher_win.cc:54] Using the system configuration for proxy.
[10324:9572:0612/170213.250:VERBOSE2:chrome\updater\net\network_fetcher_win.cc:203] Impl: Successfully got logged on user token. Impersonate result: 0
[10324:9572:0612/170213.297:VERBOSE2:components\update_client\request_sender.cc:95] url: https://update.googleapis.com/service/update2/json
[10324:9572:0612/170213.297:VERBOSE2:components\update_client\request_sender.cc:104] Sending Omaha request: {"request":{"@os":"win","@updater":"updater","acceptformat":"crx3,download,puff,run,xz,zucc","apps":[{"appid":"{44fc7fe2-65ce-487c-93f4-edee46eeaaab}","cohort":"1:scr:","cohortname":"Everyone","enabled":true,"installdate":6735,"ping":{"ping_freshness":"{f6a876a8-a9a6-45a7-809b-01118e1fd4b9}","rd":6737},"updatecheck":{},"version":"138.0.7194.0"},{"ap":"x64-statsdef_1","appid":"{8a69d345-d564-463c-aff1-a69d9e530f96}","brand":"ONGR","cached_items":[{"sha256":"a017a3bf1dbaf31d3ae7114cc3cf1767b0ef199ff6dd08303e54083f7a9f5048"}],"cohort":"1:gu/32zf:32zx@0.5","cohortname":"137.0.7151.103 Rollout","enabled":true,"installdate":6735,"lang":"en","ping":{"ad":6737,"ping_freshness":"{37a2bde0-e08b-4dad-93da-ad0fb7d1e1d7}","rd":6737},"updatecheck":{},"version":"137.0.7151.104"}],"arch":"x86","dedup":"cr","domainjoined":false,"hw":{"avx":false,"physmemory":16,"sse":true,"sse2":true,"sse3":true,"sse41":true,"sse42":true,"ssse3":true},"ismachine":true,"nacl_arch":"x86-64","os":{"arch":"x86_64","platform":"Windows","version":"10.0.22631.5472"},"prodversion":"138.0.7194.0","protocol":"4.0","requestid":"{f63a43e2-4708-4b5e-8467-5b3bd97f0164}","sessionid":"{51f58a47-ccab-4b72-9250-ac58e5d895e2}","updaterversion":"138.0.7194.0","wow64":true}}
[10324:9572:0612/170213.297:VERBOSE2:chrome\updater\net\network_fetcher_win.cc:123] PostRequest
[10324:17532:0612/170213.297:VERBOSE1:components\winhttp\proxy_configuration.cc:123] Auto-proxy: winhttp uses the user settings for proxy.
[10324:752:0612/170213.328:VERBOSE1:components\winhttp\network_fetcher.cc:526] hostname: update.googleapis.com
[10324:928:0612/170213.406:VERBOSE1:components\winhttp\network_fetcher.cc:535] ip: [2607:f8b0:4006:822::2003]
[10324:9572:0612/170213.828:VERBOSE2:chrome\updater\net\network_fetcher_win.cc:151] PostRequestComplete: response code=200
[10324:9572:0612/170213.828:VERBOSE1:components\update_client\request_sender.cc:188] Request completed from url: https://update.googleapis.com/service/update2/json?cup2key=15:LdMO-Ox6KmA8PXU15ZhoQ4bgudwsyvtZod2oZrtWXTk&cup2hreq=3e86b2910185f127510bd2f691260de12c85a9969bad1a77e8dde83be3948e36
[10324:9572:0612/170213.828:VERBOSE2:components\update_client\request_sender.cc:136] Omaha response received: )]}'
{"response":{"server":"prod","protocol":"4.0","daystart":{"elapsed_seconds":50542,"elapsed_days":6737},"apps":[{"appid":"{44fc7fe2-65ce-487c-93f4-edee46eeaaab}","cohort":"1:scr:","status":"ok","cohortname":"Everyone","ping":{"status":"ok"},"updatecheck":{"status":"noupdate"}},{"appid":"{8a69d345-d564-463c-aff1-a69d9e530f96}","cohort":"1:gu:","status":"ok","cohortname":"Stable","ping":{"status":"ok"},"updatecheck":{"status":"noupdate"}}]}}
[10324:9572:0612/170213.843:VERBOSE1:chrome\updater\update_service_impl_impl.cc:1106] last_checked updated.
[10324:9572:0612/170213.843:INFO:chrome\updater\check_for_updates_task.cc:88] UpdateAll task complete: 0
[10324:9572:0612/170214.421:VERBOSE1:chrome\updater\update_service_impl_impl.cc:928] ForceInstall
[10324:9572:0612/170214.421:INFO:chrome\updater\update_service_impl_impl.cc:884] ForceInstall task complete: 0
[12332:3488:0612/170214.938:VERBOSE2:chrome\updater\ipc\update_service_proxy_win.cc:255] Run
[12332:3100:0612/170214.938:VERBOSE1:chrome\updater\ipc\update_service_proxy_win.cc:1048] ~UpdateServiceProxyImpl
[12332:16692:0612/170214.938:VERBOSE2:chrome\updater\ipc\proxy_impl_base_win.h:62] ~ProxyImplBase
[5920:17220:0612/170214.953:VERBOSE2:chrome\updater\ipc\update_service_internal_proxy_win.cc:65] Run result 0.
[12332:9692:0612/170214.953:VERBOSE2:chrome\updater\app\server\win\com_classes.cc:891] UpdaterInternalImpl::Run. IUpdaterInternalCallback::Run returned 0
[5920:10636:0612/170214.953:VERBOSE1:chrome\updater\ipc\update_service_internal_proxy_win.cc:148] ~UpdateServiceInternalProxyImpl
[5920:9768:0612/170214.953:VERBOSE2:chrome\updater\ipc\proxy_impl_base_win.h:62] ~ProxyImplBase
[5920:10636:0612/170214.953:VERBOSE1:chrome\updater\updater.cc:335] UpdaterMain (--wake) returned 0.
[13568:9912:0612/170214.969:VERBOSE1:chrome\updater\updater.cc:335] UpdaterMain (--crash-handler) returned 0.
[10324:9572:0612/170224.954:VERBOSE2:chrome\updater\app\app_server_win.cc:252] Stop: COM server is shutting down.
[12332:3100:0612/170224.954:VERBOSE2:chrome\updater\app\app_server_win.cc:252] Stop: COM server is shutting down.
[12332:3100:0612/170224.954:VERBOSE2:chrome\updater\app\app_server_win.cc:312] Completed task, Microsoft::WRL::Module count: 0
[12332:9692:0612/170224.954:VERBOSE1:chrome\updater\prefs.cc:235] Prefs committed.
[12332:3100:0612/170224.954:VERBOSE1:chrome\updater\prefs.cc:140] ~UpdaterPrefsImpl: C:\Program Files (x86)\Google\GoogleUpdater\138.0.7194.0
[10324:9572:0612/170224.954:VERBOSE2:chrome\updater\app\app_server_win.cc:312] Completed task, Microsoft::WRL::Module count: 0
[10324:17532:0612/170224.954:VERBOSE1:chrome\updater\prefs.cc:235] Prefs committed.
[10324:9572:0612/170224.954:VERBOSE1:chrome\updater\prefs.cc:140] ~UpdaterPrefsImpl: C:\Program Files (x86)\Google\GoogleUpdater
[12332:14228:0612/170224.954:VERBOSE1:chrome\updater\updater.cc:335] UpdaterMain (--windows-service) returned 0.
[10324:10784:0612/170224.954:VERBOSE1:chrome\updater\updater.cc:335] UpdaterMain (--windows-service) returned 0.
[14540:9300:0612/170224.970:VERBOSE1:chrome\updater\updater.cc:335] UpdaterMain (--crash-handler) returned 0.
[9176:10612:0612/170224.970:VERBOSE1:chrome\updater\updater.cc:335] UpdaterMain (--crash-handler) returned 0.
[4940:4944:0613/061039.986:VERBOSE1:chrome\updater\updater.cc:328] Version: 138.0.7194.0, opt, 32 bit (x86), command line: "C:\Program Files (x86)\Google\GoogleUpdater\138.0.7194.0\updater.exe" --system --windows-service --service=update
[4940:4944:0613/061039.986:VERBOSE1:chrome\updater\updater.cc:330] OS version: 10.0.22631.5472, System uptime (seconds): 27, parent pid: 992
[4996:5000:0613/061040.001:VERBOSE1:chrome\updater\updater.cc:328] Version: 138.0.7194.0, opt, 32 bit (x86), command line: "C:\Program Files (x86)\Google\GoogleUpdater\138.0.7194.0\updater.exe" --system --windows-service --service=update-internal
[4996:5000:0613/061040.001:VERBOSE1:chrome\updater\updater.cc:330] OS version: 10.0.22631.5472, System uptime (seconds): 27, parent pid: 992
[6076:6080:0613/061040.330:VERBOSE1:chrome\updater\updater.cc:328] Version: 138.0.7194.0, opt, 32 bit (x86), command line: "C:\Program Files (x86)\Google\GoogleUpdater\138.0.7194.0\updater.exe" --crash-handler --system "--database=C:\Program Files (x86)\Google\GoogleUpdater\138.0.7194.0\Crashpad" --url=https://clients2.google.com/cr/report --annotation=prod=Update4 --annotation=ver=138.0.7194.0 "--attachment=C:\Program Files (x86)\Google\GoogleUpdater\updater.log" --initial-client-data=0x2cc,0x2d0,0x2d4,0x2c8,0x2d8,0x10929c0,0x10929cc,0x10929d8
[6076:6080:0613/061040.330:VERBOSE1:chrome\updater\updater.cc:330] OS version: 10.0.22631.5472, System uptime (seconds): 27, parent pid: 4996
[6092:6096:0613/061040.361:VERBOSE1:chrome\updater\updater.cc:328] Version: 138.0.7194.0, opt, 32 bit (x86), command line: "C:\Program Files (x86)\Google\GoogleUpdater\138.0.7194.0\updater.exe" --crash-handler --system "--database=C:\Program Files (x86)\Google\GoogleUpdater\138.0.7194.0\Crashpad" --url=https://clients2.google.com/cr/report --annotation=prod=Update4 --annotation=ver=138.0.7194.0 "--attachment=C:\Program Files (x86)\Google\GoogleUpdater\updater.log" --initial-client-data=0x2cc,0x2d0,0x2d4,0x2a8,0x2d8,0x10929c0,0x10929cc,0x10929d8
[6092:6096:0613/061040.361:VERBOSE1:chrome\updater\updater.cc:330] OS version: 10.0.22631.5472, System uptime (seconds): 27, parent pid: 4940
[4940:4944:0613/061040.424:VERBOSE1:chrome\updater\crash_reporter.cc:120] Crash handler launched and ready.
[4940:4944:0613/061040.424:VERBOSE1:chrome\updater\crash_client.cc:106] Found 0 completed crash reports
[4940:4944:0613/061040.424:VERBOSE1:chrome\updater\crash_client.cc:124] Found 0 pending crash reports
[4996:5000:0613/061040.424:VERBOSE1:chrome\updater\crash_reporter.cc:120] Crash handler launched and ready.
[4996:5000:0613/061040.424:VERBOSE1:chrome\updater\crash_client.cc:106] Found 0 completed crash reports
[4996:5000:0613/061040.424:VERBOSE1:chrome\updater\crash_client.cc:124] Found 0 pending crash reports
[4996:5000:0613/061040.455:VERBOSE2:chrome\updater\update_usage_stats_task_win.cc:41] usage stats enabled by app {8a69d345-d564-463c-aff1-a69d9e530f96}
[4940:4944:0613/061040.471:VERBOSE2:chrome\updater\update_usage_stats_task_win.cc:41] usage stats enabled by app {8a69d345-d564-463c-aff1-a69d9e530f96}
[4996:5000:0613/061040.480:VERBOSE1:chrome\updater\updater.cc:90] Crash reporting initialized.
[4940:4944:0613/061040.480:VERBOSE1:chrome\updater\updater.cc:90] Crash reporting initialized.
[4940:4944:0613/061040.597:VERBOSE1:chrome\updater\updater.cc:145] IsUserAdmin: 1, IsUserNonElevatedAdmin: 0, IsUACOn: 0, IsElevatedWithUACOn: 0, LUA: 1
[4996:5000:0613/061040.597:VERBOSE1:chrome\updater\updater.cc:145] IsUserAdmin: 1, IsUserNonElevatedAdmin: 0, IsUACOn: 0, IsElevatedWithUACOn: 0, LUA: 1
[4996:6208:0613/061040.722:VERBOSE2:chrome\updater\app\server\win\updater_service_delegate.cc:65] Running Wake task from the Windows Service
[4996:6208:0613/061040.722:VERBOSE2:chrome\updater\app\server\win\updater_service_delegate.cc:27] Launching Wake command: "C:\Program Files (x86)\Google\GoogleUpdater\138.0.7194.0\updater.exe" --wake --system
[4940:4944:0613/061041.083:VERBOSE1:chrome\updater\updater.cc:335] UpdaterMain (--windows-service) returned 0.
[4996:5000:0613/061041.099:VERBOSE1:chrome\updater\updater.cc:335] UpdaterMain (--windows-service) returned 0.
[6232:6236:0613/061041.240:VERBOSE1:chrome\updater\updater.cc:328] Version: 138.0.7194.0, opt, 32 bit (x86), command line: "C:\Program Files (x86)\Google\GoogleUpdater\138.0.7194.0\updater.exe" --wake --system
[6232:6236:0613/061041.240:VERBOSE1:chrome\updater\updater.cc:330] OS version: 10.0.22631.5472, System uptime (seconds): 28, parent pid: 4996
[6092:6096:0613/061041.428:VERBOSE1:chrome\updater\updater.cc:335] UpdaterMain (--crash-handler) returned 0.
[6420:6424:0613/061041.428:VERBOSE1:chrome\updater\updater.cc:328] Version: 138.0.7194.0, opt, 32 bit (x86), command line: "C:\Program Files (x86)\Google\GoogleUpdater\138.0.7194.0\updater.exe" --crash-handler --system "--database=C:\Program Files (x86)\Google\GoogleUpdater\138.0.7194.0\Crashpad" --url=https://clients2.google.com/cr/report --annotation=prod=Update4 --annotation=ver=138.0.7194.0 "--attachment=C:\Program Files (x86)\Google\GoogleUpdater\updater.log" --initial-client-data=0x2cc,0x2d0,0x2d4,0x2a8,0x2d8,0x10929c0,0x10929cc,0x10929d8
[6420:6424:0613/061041.428:VERBOSE1:chrome\updater\updater.cc:330] OS version: 10.0.22631.5472, System uptime (seconds): 28, parent pid: 6232
[6076:6080:0613/061041.428:VERBOSE1:chrome\updater\updater.cc:335] UpdaterMain (--crash-handler) returned 0.
[6232:6236:0613/061041.444:VERBOSE1:chrome\updater\crash_reporter.cc:120] Crash handler launched and ready.
[6232:6236:0613/061041.444:VERBOSE1:chrome\updater\crash_client.cc:106] Found 0 completed crash reports
[6232:6236:0613/061041.444:VERBOSE1:chrome\updater\crash_client.cc:124] Found 0 pending crash reports
[6232:6236:0613/061041.444:VERBOSE2:chrome\updater\update_usage_stats_task_win.cc:41] usage stats enabled by app {8a69d345-d564-463c-aff1-a69d9e530f96}
[6232:6236:0613/061041.444:VERBOSE1:chrome\updater\updater.cc:90] Crash reporting initialized.
[6232:6236:0613/061041.444:VERBOSE1:chrome\updater\updater.cc:145] IsUserAdmin: 1, IsUserNonElevatedAdmin: 0, IsUACOn: 0, IsElevatedWithUACOn: 0, LUA: 1
[6232:6236:0613/061041.459:VERBOSE1:chrome\updater\ipc\update_service_internal_proxy_win.cc:156] Run
[6808:6812:0613/061042.039:VERBOSE1:chrome\updater\updater.cc:328] Version: 138.0.7194.0, opt, 32 bit (x86), command line: "C:\Program Files (x86)\Google\GoogleUpdater\138.0.7194.0\updater.exe" --system --windows-service --service=update-internal
[6808:6812:0613/061042.039:VERBOSE1:chrome\updater\updater.cc:330] OS version: 10.0.22631.5472, System uptime (seconds): 29, parent pid: 992
[6928:6932:0613/061042.275:VERBOSE1:chrome\updater\updater.cc:328] Version: 138.0.7194.0, opt, 32 bit (x86), command line: "C:\Program Files (x86)\Google\GoogleUpdater\138.0.7194.0\updater.exe" --crash-handler --system "--database=C:\Program Files (x86)\Google\GoogleUpdater\138.0.7194.0\Crashpad" --url=https://clients2.google.com/cr/report --annotation=prod=Update4 --annotation=ver=138.0.7194.0 "--attachment=C:\Program Files (x86)\Google\GoogleUpdater\updater.log" --initial-client-data=0x2cc,0x2d0,0x2d4,0x2a8,0x2d8,0x10929c0,0x10929cc,0x10929d8
[6928:6932:0613/061042.275:VERBOSE1:chrome\updater\updater.cc:330] OS version: 10.0.22631.5472, System uptime (seconds): 29, parent pid: 6808
[6808:6812:0613/061042.284:VERBOSE1:chrome\updater\crash_reporter.cc:120] Crash handler launched and ready.
[6808:6812:0613/061042.284:VERBOSE1:chrome\updater\crash_client.cc:106] Found 0 completed crash reports
[6808:6812:0613/061042.284:VERBOSE1:chrome\updater\crash_client.cc:124] Found 0 pending crash reports
[6808:6812:0613/061042.284:VERBOSE2:chrome\updater\update_usage_stats_task_win.cc:41] usage stats enabled by app {8a69d345-d564-463c-aff1-a69d9e530f96}
[6808:6812:0613/061042.284:VERBOSE1:chrome\updater\updater.cc:90] Crash reporting initialized.
[6808:6812:0613/061042.291:VERBOSE1:chrome\updater\updater.cc:145] IsUserAdmin: 1, IsUserNonElevatedAdmin: 0, IsUACOn: 0, IsElevatedWithUACOn: 0, LUA: 1
[6808:7080:0613/061042.322:VERBOSE2:chrome\updater\app\server\win\updater_service_delegate.cc:60] Running COM server within the Windows Service
[6808:7080:0613/061042.322:VERBOSE2:chrome\updater\app\app_server.cc:57] ModeCheck
[6808:7080:0613/061042.322:VERBOSE2:chrome\updater\prefs.cc:89] CreateGlobalPrefsInternal
[6808:7080:0613/061042.384:VERBOSE1:chrome\updater\prefs.cc:135] UpdaterPrefsImpl (global): C:\Program Files (x86)\Google\GoogleUpdater
[6808:7080:0613/061042.384:VERBOSE2:chrome\updater\app\app_server.cc:70] This version: 138.0.7194.0, active version: 138.0.7194.0
[6808:7080:0613/061042.385:VERBOSE1:chrome\updater\win\setup\setup_util.cc:263] AreComInterfacesPresent: scope: System: is_internal: 1
[6808:7080:0613/061042.400:VERBOSE2:chrome\updater\win\setup\setup_util.cc:284] AreComInterfacesPresent: all interfaces present
[6808:7080:0613/061042.400:VERBOSE2:chrome\updater\prefs.cc:208] CreateLocalPrefs
[6808:7080:0613/061042.432:VERBOSE1:chrome\updater\prefs.cc:135] UpdaterPrefsImpl (local): C:\Program Files (x86)\Google\GoogleUpdater\138.0.7194.0
[6808:7080:0613/061042.432:VERBOSE1:chrome\updater\prefs.cc:140] ~UpdaterPrefsImpl: C:\Program Files (x86)\Google\GoogleUpdater
[5420:5404:0613/061042.840:VERBOSE1:chrome\updater\updater.cc:328] Version: 138.0.7194.0, opt, 32 bit (x86), command line: "C:\Program Files (x86)\Google\GoogleUpdater\138.0.7194.0\updater.exe" --wake --system
[6808:7080:0613/061043.326:VERBOSE2:chrome\updater\app\app_server_win.cc:300] Starting task, Microsoft::WRL::Module count: 2
[6808:7080:0613/061043.780:VERBOSE1:chrome\updater\update_service_internal_impl.cc:25] Run
[5420:5404:0613/061043.780:VERBOSE1:chrome\updater\updater.cc:330] OS version: 10.0.22631.5472, System uptime (seconds): 31, parent pid: 2000
[6808:7080:0613/061043.780:VERBOSE1:chrome\updater\ipc\update_service_proxy_win.cc:1090] RunPeriodicTasks
[7528:7532:0613/061044.157:VERBOSE1:chrome\updater\updater.cc:328] Version: 138.0.7194.0, opt, 32 bit (x86), command line: "C:\Program Files (x86)\Google\GoogleUpdater\138.0.7194.0\updater.exe" --system --windows-service --service=update
[7528:7532:0613/061044.157:VERBOSE1:chrome\updater\updater.cc:330] OS version: 10.0.22631.5472, System uptime (seconds): 31, parent pid: 992
[7536:7540:0613/061044.456:VERBOSE1:chrome\updater\updater.cc:328] Version: 138.0.7194.0, opt, 32 bit (x86), command line: "C:\Program Files (x86)\Google\GoogleUpdater\138.0.7194.0\updater.exe" --crash-handler --system "--database=C:\Program Files (x86)\Google\GoogleUpdater\138.0.7194.0\Crashpad" --url=https://clients2.google.com/cr/report --annotation=prod=Update4 --annotation=ver=138.0.7194.0 "--attachment=C:\Program Files (x86)\Google\GoogleUpdater\updater.log" --initial-client-data=0x2c8,0x2cc,0x2d0,0x2a4,0x2d4,0x10929c0,0x10929cc,0x10929d8
[7536:7540:0613/061044.456:VERBOSE1:chrome\updater\updater.cc:330] OS version: 10.0.22631.5472, System uptime (seconds): 31, parent pid: 5420
[5420:5404:0613/061044.456:VERBOSE1:chrome\updater\crash_reporter.cc:120] Crash handler launched and ready.
[7660:7664:0613/061045.290:VERBOSE1:chrome\updater\updater.cc:328] Version: 138.0.7194.0, opt, 32 bit (x86), command line: "C:\Program Files (x86)\Google\GoogleUpdater\138.0.7194.0\updater.exe" --crash-handler --system "--database=C:\Program Files (x86)\Google\GoogleUpdater\138.0.7194.0\Crashpad" --url=https://clients2.google.com/cr/report --annotation=prod=Update4 --annotation=ver=138.0.7194.0 "--attachment=C:\Program Files (x86)\Google\GoogleUpdater\updater.log" --initial-client-data=0x2c8,0x2cc,0x2d0,0x238,0x2d4,0x10929c0,0x10929cc,0x10929d8
[7660:7664:0613/061045.290:VERBOSE1:chrome\updater\updater.cc:330] OS version: 10.0.22631.5472, System uptime (seconds): 32, parent pid: 7528
[7528:7532:0613/061045.290:VERBOSE1:chrome\updater\crash_reporter.cc:120] Crash handler launched and ready.
[7528:7532:0613/061045.290:VERBOSE1:chrome\updater\crash_client.cc:106] Found 0 completed crash reports
[7528:7532:0613/061045.290:VERBOSE1:chrome\updater\crash_client.cc:124] Found 0 pending crash reports
[7528:7532:0613/061045.290:VERBOSE2:chrome\updater\update_usage_stats_task_win.cc:41] usage stats enabled by app {8a69d345-d564-463c-aff1-a69d9e530f96}
[5420:5404:0613/061045.193:VERBOSE1:chrome\updater\crash_client.cc:106] Found 0 completed crash reports
[7528:7532:0613/061045.491:VERBOSE1:chrome\updater\updater.cc:90] Crash reporting initialized.
[7528:7532:0613/061045.695:VERBOSE1:chrome\updater\updater.cc:145] IsUserAdmin: 1, IsUserNonElevatedAdmin: 0, IsUACOn: 0, IsElevatedWithUACOn: 0, LUA: 1
[5420:5404:0613/061045.710:VERBOSE1:chrome\updater\crash_client.cc:124] Found 0 pending crash reports
[7528:7908:0613/061045.726:VERBOSE2:chrome\updater\app\server\win\updater_service_delegate.cc:60] Running COM server within the Windows Service
[7528:7908:0613/061045.820:VERBOSE2:chrome\updater\app\app_server.cc:57] ModeCheck
[7528:7908:0613/061045.820:VERBOSE2:chrome\updater\prefs.cc:89] CreateGlobalPrefsInternal
[7528:7908:0613/061045.836:VERBOSE1:chrome\updater\prefs.cc:135] UpdaterPrefsImpl (global): C:\Program Files (x86)\Google\GoogleUpdater
[7528:7908:0613/061045.836:VERBOSE2:chrome\updater\app\app_server.cc:70] This version: 138.0.7194.0, active version: 138.0.7194.0
[7528:7908:0613/061045.836:VERBOSE1:chrome\updater\win\setup\setup_util.cc:263] AreComInterfacesPresent: scope: System: is_internal: 0
[7528:7908:0613/061045.867:VERBOSE2:chrome\updater\win\setup\setup_util.cc:284] AreComInterfacesPresent: all interfaces present
[7528:7908:0613/061045.867:VERBOSE2:chrome\updater\prefs.cc:208] CreateLocalPrefs
[7528:7908:0613/061045.867:VERBOSE1:chrome\updater\prefs.cc:135] UpdaterPrefsImpl (local): C:\Program Files (x86)\Google\GoogleUpdater\138.0.7194.0
[7528:7908:0613/061045.867:VERBOSE1:chrome\enterprise_companion\device_management_storage\dm_storage_win.cc:242] GetDmToken: token not found.
[7528:7908:0613/061045.867:VERBOSE1:chrome\enterprise_companion\device_management_storage\dm_storage.cc:218] No valid DM token.
[5420:5404:0613/061046.275:VERBOSE2:chrome\updater\update_usage_stats_task_win.cc:41] usage stats enabled by app {8a69d345-d564-463c-aff1-a69d9e530f96}
[7528:7908:0613/061046.620:VERBOSE1:chrome\updater\policy\service.cc:146] Current effective policies:
{
  LastCheckPeriod = 270 (Default)
}

[7528:7908:0613/061046.667:VERBOSE1:chrome\updater\prefs.cc:140] ~UpdaterPrefsImpl: C:\Program Files (x86)\Google\GoogleUpdater\138.0.7194.0
[7528:7908:0613/061046.824:VERBOSE2:chrome\updater\app\app_server_win.cc:300] Starting task, Microsoft::WRL::Module count: 2
[7528:7908:0613/061046.824:VERBOSE2:chrome\updater\util\win_util.cc:1433] OemInstallTime not found
[7528:7908:0613/061046.824:VERBOSE1:chrome\updater\update_service_impl_impl.cc:820] RunPeriodicTasks
[7528:7908:0613/061046.824:VERBOSE1:chrome\updater\update_service_impl_impl.cc:825] last_started updated.
[7528:7908:0613/061047.357:VERBOSE2:chrome\updater\util\win_util.cc:1239] Cohort values: 1:gu:, Stable, 
[7528:7888:0613/061048.282:VERBOSE2:chrome\updater\update_usage_stats_task_win.cc:41] usage stats enabled by app {8a69d345-d564-463c-aff1-a69d9e530f96}
[5420:5404:0613/061050.871:VERBOSE1:chrome\updater\updater.cc:90] Crash reporting initialized.
[5420:5404:0613/061050.965:VERBOSE1:chrome\updater\updater.cc:145] IsUserAdmin: 1, IsUserNonElevatedAdmin: 0, IsUACOn: 1, IsElevatedWithUACOn: 1, LUA: 1
[5420:5404:0613/061050.981:VERBOSE1:chrome\updater\ipc\update_service_internal_proxy_win.cc:156] Run
[6808:7080:0613/061051.640:VERBOSE2:chrome\updater\app\app_server_win.cc:300] Starting task, Microsoft::WRL::Module count: 5
[6808:7080:0613/061051.640:VERBOSE1:chrome\updater\update_service_internal_impl.cc:25] Run
[6808:7080:0613/061051.640:VERBOSE1:chrome\updater\ipc\update_service_proxy_win.cc:1090] RunPeriodicTasks
[7528:7908:0613/061051.671:VERBOSE2:chrome\updater\app\app_server_win.cc:300] Starting task, Microsoft::WRL::Module count: 4
[7528:7908:0613/061051.671:VERBOSE2:chrome\updater\util\win_util.cc:1433] OemInstallTime not found
[7528:7908:0613/061051.671:VERBOSE1:chrome\updater\update_service_impl_impl.cc:820] RunPeriodicTasks
[7528:7908:0613/061051.671:VERBOSE1:chrome\updater\update_service_impl_impl.cc:825] last_started updated.
[7528:7908:0613/061051.718:VERBOSE1:chrome\updater\update_service_impl_impl.cc:713] FetchPolicies
[7528:7888:0613/061051.718:VERBOSE1:chrome\enterprise_companion\device_management_storage\dm_storage_win.cc:242] GetDmToken: token not found.
[7528:7888:0613/061051.718:VERBOSE1:chrome\enterprise_companion\device_management_storage\dm_storage_win.cc:40] ReadRegistryString: failed to read registry: Software\Policies\Google\CloudManagement\@EnrollmentToken
[7528:7888:0613/061051.718:VERBOSE1:chrome\enterprise_companion\device_management_storage\dm_storage_win.cc:40] ReadRegistryString: failed to read registry: Software\Policies\Google\Chrome\@CloudManagementEnrollmentToken
[7528:7888:0613/061051.718:VERBOSE1:chrome\enterprise_companion\device_management_storage\dm_storage_win.cc:40] ReadRegistryString: failed to read registry: Software\Google\Update\Clients\{44fc7fe2-65ce-487c-93f4-edee46eeaaab}@CloudManagementEnrollmentToken
[7528:7888:0613/061051.718:VERBOSE1:chrome\enterprise_companion\device_management_storage\dm_storage_win.cc:40] ReadRegistryString: failed to read registry: Software\Google\Update\Clients\{430fd4d0-b729-4f61-aa34-91526481799d}@CloudManagementEnrollmentToken
[7528:7908:0613/061051.718:VERBOSE2:chrome\updater\policy\service.cc:182] Device is not CBCM managed, skipped policy fetch.
[7528:7908:0613/061051.718:VERBOSE1:chrome\updater\policy\service.cc:207] FetchPoliciesDone: 0
[7528:7908:0613/061051.718:VERBOSE1:chrome\updater\policy\service.cc:212] Policies after refresh:
{
  LastCheckPeriod = 270 (Default)
}

[7528:7908:0613/061052.592:VERBOSE1:chrome\updater\update_service_impl_impl.cc:1083] UpdateAll
[7528:7908:0613/061052.592:VERBOSE1:chrome\updater\update_service_impl_impl.cc:128] GetComponents. Same version update: not allowed
[7528:7908:0613/061052.592:VERBOSE1:chrome\updater\installer.cc:134] MakeCrxComponentFromAppInfo for {44fc7fe2-65ce-487c-93f4-edee46eeaaab}
[7528:7908:0613/061052.592:VERBOSE1:chrome\updater\installer.cc:134] MakeCrxComponentFromAppInfo for {8a69d345-d564-463c-aff1-a69d9e530f96}
[7528:7908:0613/061052.592:VERBOSE1:chrome\updater\net\network_fetcher_win.cc:54] Using the system configuration for proxy.
[7528:7908:0613/061052.624:VERBOSE2:chrome\updater\net\network_fetcher_win.cc:203] Impl: Successfully got logged on user token. Impersonate result: 0
[7528:7908:0613/061052.795:VERBOSE2:components\update_client\request_sender.cc:95] url: https://update.googleapis.com/service/update2/json
[7528:7908:0613/061052.795:VERBOSE2:components\update_client\request_sender.cc:104] Sending Omaha request: {"request":{"@os":"win","@updater":"updater","acceptformat":"crx3,download,puff,run,xz,zucc","apps":[{"appid":"{44fc7fe2-65ce-487c-93f4-edee46eeaaab}","cohort":"1:scr:","cohortname":"Everyone","enabled":true,"installdate":6735,"ping":{"ping_freshness":"{93113ecc-1847-4b3b-a08d-3d5f3fe4c41d}","rd":6737},"updatecheck":{},"version":"138.0.7194.0"},{"ap":"x64-statsdef_1","appid":"{8a69d345-d564-463c-aff1-a69d9e530f96}","brand":"ONGR","cached_items":[{"sha256":"a017a3bf1dbaf31d3ae7114cc3cf1767b0ef199ff6dd08303e54083f7a9f5048"}],"cohort":"1:gu:","cohortname":"Stable","enabled":true,"installdate":6735,"lang":"en","ping":{"ad":6737,"ping_freshness":"{7221035f-e1ba-4a3f-82de-176d481de046}","rd":6737},"updatecheck":{},"version":"137.0.7151.104"}],"arch":"x86","dedup":"cr","domainjoined":false,"hw":{"avx":false,"physmemory":16,"sse":true,"sse2":true,"sse3":true,"sse41":true,"sse42":true,"ssse3":true},"ismachine":true,"nacl_arch":"x86-64","os":{"arch":"x86_64","platform":"Windows","version":"10.0.22631.5472"},"prodversion":"138.0.7194.0","protocol":"4.0","requestid":"{9de0303c-e97e-4989-acd4-53db5fb6fbf8}","sessionid":"{7149dda4-8970-4317-9088-28722081da5f}","updaterversion":"138.0.7194.0","wow64":true}}
[7528:7908:0613/061052.795:VERBOSE2:chrome\updater\net\network_fetcher_win.cc:123] PostRequest
[7528:7888:0613/061052.795:VERBOSE1:components\winhttp\proxy_configuration.cc:123] Auto-proxy: winhttp uses the user settings for proxy.
[7528:9988:0613/061053.030:VERBOSE1:components\winhttp\network_fetcher.cc:526] hostname: update.googleapis.com
[7528:7652:0613/061053.217:VERBOSE1:components\winhttp\network_fetcher.cc:535] ip: [2607:f8b0:4006:80c::2003]
[7528:7908:0613/061053.561:VERBOSE2:chrome\updater\net\network_fetcher_win.cc:151] PostRequestComplete: response code=200
[7528:7908:0613/061053.561:VERBOSE1:components\update_client\request_sender.cc:188] Request completed from url: https://update.googleapis.com/service/update2/json?cup2key=15:OKZQQjuMTOQy3Ubkm8bT-7MVWMwU3zAszWjXFoEiTuU&cup2hreq=eafffeb15d2638db5f74df978d337f456197e192fd8aa16a803d92b2c456bb4b
[7528:7908:0613/061053.561:VERBOSE2:components\update_client\request_sender.cc:136] Omaha response received: )]}'
{"response":{"server":"prod","protocol":"4.0","daystart":{"elapsed_seconds":11462,"elapsed_days":6738},"apps":[{"appid":"{44fc7fe2-65ce-487c-93f4-edee46eeaaab}","cohort":"1:scr:","status":"ok","cohortname":"Everyone","ping":{"status":"ok"},"updatecheck":{"status":"noupdate"}},{"appid":"{8a69d345-d564-463c-aff1-a69d9e530f96}","cohort":"1:gu:","status":"ok","cohortname":"Stable","ping":{"status":"ok"},"updatecheck":{"status":"noupdate"}}]}}
[7528:7908:0613/061053.576:VERBOSE1:chrome\updater\update_service_impl_impl.cc:1106] last_checked updated.
[7528:7908:0613/061053.576:INFO:chrome\updater\check_for_updates_task.cc:88] UpdateAll task complete: 0
[7528:7908:0613/061053.733:VERBOSE1:chrome\updater\update_service_impl_impl.cc:928] ForceInstall
[7528:7908:0613/061053.733:INFO:chrome\updater\update_service_impl_impl.cc:884] ForceInstall task complete: 0
[6808:5964:0613/061054.029:VERBOSE2:chrome\updater\ipc\update_service_proxy_win.cc:255] Run
[6808:7080:0613/061054.029:VERBOSE1:chrome\updater\ipc\update_service_proxy_win.cc:1048] ~UpdateServiceProxyImpl
[6808:7316:0613/061054.029:VERBOSE2:chrome\updater\ipc\proxy_impl_base_win.h:62] ~ProxyImplBase
[6232:6700:0613/061054.029:VERBOSE2:chrome\updater\ipc\update_service_internal_proxy_win.cc:65] Run result 0.
[6808:7056:0613/061054.029:VERBOSE2:chrome\updater\app\server\win\com_classes.cc:891] UpdaterInternalImpl::Run. IUpdaterInternalCallback::Run returned 0
[6232:6236:0613/061054.029:VERBOSE1:chrome\updater\ipc\update_service_internal_proxy_win.cc:148] ~UpdateServiceInternalProxyImpl
[6232:6504:0613/061054.029:VERBOSE2:chrome\updater\ipc\proxy_impl_base_win.h:62] ~ProxyImplBase
[7528:7908:0613/061054.935:VERBOSE2:chrome\updater\util\win_util.cc:1239] Cohort values: 1:gu:, Stable, 
[7528:7888:0613/061055.483:VERBOSE2:chrome\updater\update_usage_stats_task_win.cc:41] usage stats enabled by app {8a69d345-d564-463c-aff1-a69d9e530f96}
[7528:7908:0613/061056.561:VERBOSE1:chrome\updater\update_service_impl_impl.cc:713] FetchPolicies
[7528:7888:0613/061056.561:VERBOSE1:chrome\enterprise_companion\device_management_storage\dm_storage_win.cc:242] GetDmToken: token not found.
[7528:7888:0613/061056.561:VERBOSE1:chrome\enterprise_companion\device_management_storage\dm_storage_win.cc:40] ReadRegistryString: failed to read registry: Software\Policies\Google\CloudManagement\@EnrollmentToken
[7528:7888:0613/061056.561:VERBOSE1:chrome\enterprise_companion\device_management_storage\dm_storage_win.cc:40] ReadRegistryString: failed to read registry: Software\Policies\Google\Chrome\@CloudManagementEnrollmentToken
[7528:7888:0613/061056.561:VERBOSE1:chrome\enterprise_companion\device_management_storage\dm_storage_win.cc:40] ReadRegistryString: failed to read registry: Software\Google\Update\Clients\{44fc7fe2-65ce-487c-93f4-edee46eeaaab}@CloudManagementEnrollmentToken
[7528:7888:0613/061056.561:VERBOSE1:chrome\enterprise_companion\device_management_storage\dm_storage_win.cc:40] ReadRegistryString: failed to read registry: Software\Google\Update\Clients\{430fd4d0-b729-4f61-aa34-91526481799d}@CloudManagementEnrollmentToken
[7528:7908:0613/061056.561:VERBOSE2:chrome\updater\policy\service.cc:182] Device is not CBCM managed, skipped policy fetch.
[7528:7908:0613/061056.561:VERBOSE1:chrome\updater\policy\service.cc:207] FetchPoliciesDone: 0
[7528:7908:0613/061056.561:VERBOSE1:chrome\updater\policy\service.cc:212] Policies after refresh:
{
  LastCheckPeriod = 270 (Default)
}

[7528:7908:0613/061056.655:INFO:chrome\updater\check_for_updates_task.cc:49] Skipping UpdateAll: last update was 0 minutes ago. check_delay == 270
[7528:7908:0613/061056.787:VERBOSE1:chrome\updater\update_service_impl_impl.cc:928] ForceInstall
[7528:7908:0613/061056.787:INFO:chrome\updater\update_service_impl_impl.cc:884] ForceInstall task complete: 0
[6808:5964:0613/061057.314:VERBOSE2:chrome\updater\ipc\update_service_proxy_win.cc:255] Run
[6808:7080:0613/061057.314:VERBOSE1:chrome\updater\ipc\update_service_proxy_win.cc:1048] ~UpdateServiceProxyImpl
[6808:7316:0613/061057.314:VERBOSE2:chrome\updater\ipc\proxy_impl_base_win.h:62] ~ProxyImplBase
[5420:7416:0613/061057.314:VERBOSE2:chrome\updater\ipc\update_service_internal_proxy_win.cc:65] Run result 0.
[6808:7056:0613/061057.346:VERBOSE2:chrome\updater\app\server\win\com_classes.cc:891] UpdaterInternalImpl::Run. IUpdaterInternalCallback::Run returned 0
[5420:5404:0613/061057.346:VERBOSE1:chrome\updater\ipc\update_service_internal_proxy_win.cc:148] ~UpdateServiceInternalProxyImpl
[5420:9436:0613/061057.346:VERBOSE2:chrome\updater\ipc\proxy_impl_base_win.h:62] ~ProxyImplBase
[6808:7080:0613/061104.082:VERBOSE2:chrome\updater\app\app_server_win.cc:312] Completed task, Microsoft::WRL::Module count: 1
[7528:7908:0613/061104.082:VERBOSE2:chrome\updater\app\app_server_win.cc:312] Completed task, Microsoft::WRL::Module count: 1
[6808:7080:0613/061107.347:VERBOSE2:chrome\updater\app\app_server_win.cc:252] Stop: COM server is shutting down.
[7528:7908:0613/061107.347:VERBOSE2:chrome\updater\app\app_server_win.cc:252] Stop: COM server is shutting down.
[6808:7080:0613/061107.409:VERBOSE2:chrome\updater\app\app_server_win.cc:312] Completed task, Microsoft::WRL::Module count: 0
[6808:7056:0613/061107.409:VERBOSE1:chrome\updater\prefs.cc:235] Prefs committed.
[6808:7080:0613/061107.409:VERBOSE1:chrome\updater\prefs.cc:140] ~UpdaterPrefsImpl: C:\Program Files (x86)\Google\GoogleUpdater\138.0.7194.0
[7528:7908:0613/061107.675:VERBOSE2:chrome\updater\app\app_server_win.cc:312] Completed task, Microsoft::WRL::Module count: 0
[7528:7888:0613/061107.675:VERBOSE1:chrome\updater\prefs.cc:235] Prefs committed.
[7528:7908:0613/061107.847:VERBOSE1:chrome\updater\prefs.cc:140] ~UpdaterPrefsImpl: C:\Program Files (x86)\Google\GoogleUpdater
[5420:5404:0613/061116.376:VERBOSE1:chrome\updater\updater.cc:335] UpdaterMain (--wake) returned 0.
[6232:6236:0613/061116.391:VERBOSE1:chrome\updater\updater.cc:335] UpdaterMain (--wake) returned 0.
[6420:6424:0613/061116.407:VERBOSE1:chrome\updater\updater.cc:335] UpdaterMain (--crash-handler) returned 0.
[7536:7540:0613/061116.438:VERBOSE1:chrome\updater\updater.cc:335] UpdaterMain (--crash-handler) returned 0.
[7528:7532:0613/061116.438:VERBOSE1:chrome\updater\updater.cc:335] UpdaterMain (--windows-service) returned 0.
[7660:7664:0613/061116.454:VERBOSE1:chrome\updater\updater.cc:335] UpdaterMain (--crash-handler) returned 0.
[6808:6812:0613/061116.460:VERBOSE1:chrome\updater\updater.cc:335] UpdaterMain (--windows-service) returned 0.
[6928:6932:0613/061116.470:VERBOSE1:chrome\updater\updater.cc:335] UpdaterMain (--crash-handler) returned 0.
[14160:14164:0613/061152.872:VERBOSE1:chrome\updater\updater.cc:328] Version: 138.0.7194.0, opt, 32 bit (x86), command line: "C:\Program Files (x86)\Google\GoogleUpdater\138.0.7194.0\updater.exe" --system --windows-service --service=update
[14160:14164:0613/061152.872:VERBOSE1:chrome\updater\updater.cc:330] OS version: 10.0.22631.5472, System uptime (seconds): 100, parent pid: 992
[14180:14184:0613/061153.072:VERBOSE1:chrome\updater\updater.cc:328] Version: 138.0.7194.0, opt, 32 bit (x86), command line: "C:\Program Files (x86)\Google\GoogleUpdater\138.0.7194.0\updater.exe" --crash-handler --system "--database=C:\Program Files (x86)\Google\GoogleUpdater\138.0.7194.0\Crashpad" --url=https://clients2.google.com/cr/report --annotation=prod=Update4 --annotation=ver=138.0.7194.0 "--attachment=C:\Program Files (x86)\Google\GoogleUpdater\updater.log" --initial-client-data=0x2d0,0x2d4,0x2d8,0x284,0x2dc,0x10929c0,0x10929cc,0x10929d8
[14180:14184:0613/061153.072:VERBOSE1:chrome\updater\updater.cc:330] OS version: 10.0.22631.5472, System uptime (seconds): 100, parent pid: 14160
[14160:14164:0613/061153.107:VERBOSE1:chrome\updater\crash_reporter.cc:120] Crash handler launched and ready.
[14160:14164:0613/061153.115:VERBOSE1:chrome\updater\crash_client.cc:106] Found 0 completed crash reports
[14160:14164:0613/061153.115:VERBOSE1:chrome\updater\crash_client.cc:124] Found 0 pending crash reports
[14160:14164:0613/061153.115:VERBOSE2:chrome\updater\update_usage_stats_task_win.cc:41] usage stats enabled by app {8a69d345-d564-463c-aff1-a69d9e530f96}
[14160:14164:0613/061153.115:VERBOSE1:chrome\updater\updater.cc:90] Crash reporting initialized.
[14160:14164:0613/061153.115:VERBOSE1:chrome\updater\updater.cc:145] IsUserAdmin: 1, IsUserNonElevatedAdmin: 0, IsUACOn: 1, IsElevatedWithUACOn: 1, LUA: 1
[14160:14232:0613/061153.237:VERBOSE2:chrome\updater\app\server\win\updater_service_delegate.cc:60] Running COM server within the Windows Service
[14160:14232:0613/061153.237:VERBOSE2:chrome\updater\app\app_server.cc:57] ModeCheck
[14160:14232:0613/061153.237:VERBOSE2:chrome\updater\prefs.cc:89] CreateGlobalPrefsInternal
[14160:14232:0613/061153.237:VERBOSE1:chrome\updater\prefs.cc:135] UpdaterPrefsImpl (global): C:\Program Files (x86)\Google\GoogleUpdater
[14160:14232:0613/061153.237:VERBOSE2:chrome\updater\app\app_server.cc:70] This version: 138.0.7194.0, active version: 138.0.7194.0
[14160:14232:0613/061153.237:VERBOSE1:chrome\updater\win\setup\setup_util.cc:263] AreComInterfacesPresent: scope: System: is_internal: 0
[14160:14232:0613/061153.261:VERBOSE2:chrome\updater\win\setup\setup_util.cc:284] AreComInterfacesPresent: all interfaces present
[14160:14232:0613/061153.261:VERBOSE2:chrome\updater\prefs.cc:208] CreateLocalPrefs
[14160:14232:0613/061153.261:VERBOSE1:chrome\updater\prefs.cc:135] UpdaterPrefsImpl (local): C:\Program Files (x86)\Google\GoogleUpdater\138.0.7194.0
[14160:14232:0613/061153.261:VERBOSE1:chrome\enterprise_companion\device_management_storage\dm_storage_win.cc:242] GetDmToken: token not found.
[14160:14232:0613/061153.261:VERBOSE1:chrome\enterprise_companion\device_management_storage\dm_storage.cc:218] No valid DM token.
[14160:14232:0613/061153.423:VERBOSE1:chrome\updater\policy\service.cc:146] Current effective policies:
{
  LastCheckPeriod = 270 (Default)
}

[14160:14232:0613/061153.423:VERBOSE1:chrome\updater\prefs.cc:140] ~UpdaterPrefsImpl: C:\Program Files (x86)\Google\GoogleUpdater\138.0.7194.0
[14160:14232:0613/061153.644:VERBOSE2:chrome\updater\app\app_server_win.cc:300] Starting task, Microsoft::WRL::Module count: 2
[14160:14232:0613/061153.644:VERBOSE2:chrome\updater\util\win_util.cc:1433] OemInstallTime not found
[14160:14232:0613/061153.644:VERBOSE1:chrome\updater\update_service_impl_impl.cc:820] RunPeriodicTasks
[14160:14232:0613/061153.644:VERBOSE1:chrome\updater\update_service_impl_impl.cc:825] last_started updated.
[14160:14232:0613/061154.360:VERBOSE2:chrome\updater\util\win_util.cc:1239] Cohort values: 1:gu:, Stable, 
[14160:14220:0613/061155.320:VERBOSE2:chrome\updater\update_usage_stats_task_win.cc:41] usage stats enabled by app {8a69d345-d564-463c-aff1-a69d9e530f96}
[14160:14232:0613/061156.176:VERBOSE1:chrome\updater\update_service_impl_impl.cc:713] FetchPolicies
[14160:14220:0613/061156.176:VERBOSE1:chrome\enterprise_companion\device_management_storage\dm_storage_win.cc:242] GetDmToken: token not found.
[14160:14220:0613/061156.176:VERBOSE1:chrome\enterprise_companion\device_management_storage\dm_storage_win.cc:40] ReadRegistryString: failed to read registry: Software\Policies\Google\CloudManagement\@EnrollmentToken
[14160:14220:0613/061156.176:VERBOSE1:chrome\enterprise_companion\device_management_storage\dm_storage_win.cc:40] ReadRegistryString: failed to read registry: Software\Policies\Google\Chrome\@CloudManagementEnrollmentToken
[14160:14220:0613/061156.176:VERBOSE1:chrome\enterprise_companion\device_management_storage\dm_storage_win.cc:40] ReadRegistryString: failed to read registry: Software\Google\Update\Clients\{44fc7fe2-65ce-487c-93f4-edee46eeaaab}@CloudManagementEnrollmentToken
[14160:14220:0613/061156.176:VERBOSE1:chrome\enterprise_companion\device_management_storage\dm_storage_win.cc:40] ReadRegistryString: failed to read registry: Software\Google\Update\Clients\{430fd4d0-b729-4f61-aa34-91526481799d}@CloudManagementEnrollmentToken
[14160:14232:0613/061156.176:VERBOSE2:chrome\updater\policy\service.cc:182] Device is not CBCM managed, skipped policy fetch.
[14160:14232:0613/061156.176:VERBOSE1:chrome\updater\policy\service.cc:207] FetchPoliciesDone: 0
[14160:14232:0613/061156.176:VERBOSE1:chrome\updater\policy\service.cc:212] Policies after refresh:
{
  LastCheckPeriod = 270 (Default)
}

[14160:14232:0613/061156.672:INFO:chrome\updater\check_for_updates_task.cc:49] Skipping UpdateAll: last update was 1 minutes ago. check_delay == 270
[14160:14232:0613/061156.984:VERBOSE1:chrome\updater\update_service_impl_impl.cc:928] ForceInstall
[14160:14232:0613/061156.984:INFO:chrome\updater\update_service_impl_impl.cc:884] ForceInstall task complete: 0
[14160:14232:0613/061208.345:VERBOSE2:chrome\updater\app\app_server_win.cc:252] Stop: COM server is shutting down.
[14160:14232:0613/061208.409:VERBOSE2:chrome\updater\app\app_server_win.cc:312] Completed task, Microsoft::WRL::Module count: 0
[14160:14220:0613/061208.409:VERBOSE1:chrome\updater\prefs.cc:235] Prefs committed.
[14160:14232:0613/061208.409:VERBOSE1:chrome\updater\prefs.cc:140] ~UpdaterPrefsImpl: C:\Program Files (x86)\Google\GoogleUpdater
[14160:14164:0613/061211.879:VERBOSE1:chrome\updater\updater.cc:335] UpdaterMain (--windows-service) returned 0.
[14180:14184:0613/061211.897:VERBOSE1:chrome\updater\updater.cc:335] UpdaterMain (--crash-handler) returned 0.
[15676:11796:0613/070209.646:VERBOSE1:chrome\updater\updater.cc:328] Version: 138.0.7194.0, opt, 32 bit (x86), command line: "C:\Program Files (x86)\Google\GoogleUpdater\138.0.7194.0\updater.exe" --wake --system
[15676:11796:0613/070209.646:VERBOSE1:chrome\updater\updater.cc:330] OS version: 10.0.22631.5472, System uptime (seconds): 3116, parent pid: 2000
[15396:8744:0613/070209.706:VERBOSE1:chrome\updater\updater.cc:328] Version: 138.0.7194.0, opt, 32 bit (x86), command line: "C:\Program Files (x86)\Google\GoogleUpdater\138.0.7194.0\updater.exe" --crash-handler --system "--database=C:\Program Files (x86)\Google\GoogleUpdater\138.0.7194.0\Crashpad" --url=https://clients2.google.com/cr/report --annotation=prod=Update4 --annotation=ver=138.0.7194.0 "--attachment=C:\Program Files (x86)\Google\GoogleUpdater\updater.log" --initial-client-data=0x2c8,0x2cc,0x2d0,0x2a4,0x2d4,0x10929c0,0x10929cc,0x10929d8
[15396:8744:0613/070209.706:VERBOSE1:chrome\updater\updater.cc:330] OS version: 10.0.22631.5472, System uptime (seconds): 3117, parent pid: 15676
[15676:11796:0613/070209.715:VERBOSE1:chrome\updater\crash_reporter.cc:120] Crash handler launched and ready.
[15676:11796:0613/070209.715:VERBOSE1:chrome\updater\crash_client.cc:106] Found 0 completed crash reports
[15676:11796:0613/070209.715:VERBOSE1:chrome\updater\crash_client.cc:124] Found 0 pending crash reports
[15676:11796:0613/070209.717:VERBOSE2:chrome\updater\update_usage_stats_task_win.cc:41] usage stats enabled by app {8a69d345-d564-463c-aff1-a69d9e530f96}
[15676:11796:0613/070209.717:VERBOSE1:chrome\updater\updater.cc:90] Crash reporting initialized.
[15676:11796:0613/070209.717:VERBOSE1:chrome\updater\updater.cc:145] IsUserAdmin: 1, IsUserNonElevatedAdmin: 0, IsUACOn: 1, IsElevatedWithUACOn: 1, LUA: 1
[15676:11796:0613/070209.731:VERBOSE1:chrome\updater\ipc\update_service_internal_proxy_win.cc:156] Run
[7512:5760:0613/070209.797:VERBOSE1:chrome\updater\updater.cc:328] Version: 138.0.7194.0, opt, 32 bit (x86), command line: "C:\Program Files (x86)\Google\GoogleUpdater\138.0.7194.0\updater.exe" --system --windows-service --service=update-internal
[7512:5760:0613/070209.797:VERBOSE1:chrome\updater\updater.cc:330] OS version: 10.0.22631.5472, System uptime (seconds): 3117, parent pid: 992
[9200:10548:0613/070209.846:VERBOSE1:chrome\updater\updater.cc:328] Version: 138.0.7194.0, opt, 32 bit (x86), command line: "C:\Program Files (x86)\Google\GoogleUpdater\138.0.7194.0\updater.exe" --crash-handler --system "--database=C:\Program Files (x86)\Google\GoogleUpdater\138.0.7194.0\Crashpad" --url=https://clients2.google.com/cr/report --annotation=prod=Update4 --annotation=ver=138.0.7194.0 "--attachment=C:\Program Files (x86)\Google\GoogleUpdater\updater.log" --initial-client-data=0x2cc,0x2d0,0x2d4,0x2a8,0x270,0x10929c0,0x10929cc,0x10929d8
[9200:10548:0613/070209.846:VERBOSE1:chrome\updater\updater.cc:330] OS version: 10.0.22631.5472, System uptime (seconds): 3117, parent pid: 7512
[7512:5760:0613/070209.854:VERBOSE1:chrome\updater\crash_reporter.cc:120] Crash handler launched and ready.
[7512:5760:0613/070209.854:VERBOSE1:chrome\updater\crash_client.cc:106] Found 0 completed crash reports
[7512:5760:0613/070209.854:VERBOSE1:chrome\updater\crash_client.cc:124] Found 0 pending crash reports
[7512:5760:0613/070209.856:VERBOSE2:chrome\updater\update_usage_stats_task_win.cc:41] usage stats enabled by app {8a69d345-d564-463c-aff1-a69d9e530f96}
[7512:5760:0613/070209.856:VERBOSE1:chrome\updater\updater.cc:90] Crash reporting initialized.
[7512:5760:0613/070209.856:VERBOSE1:chrome\updater\updater.cc:145] IsUserAdmin: 1, IsUserNonElevatedAdmin: 0, IsUACOn: 1, IsElevatedWithUACOn: 1, LUA: 1
[7512:15836:0613/070209.878:VERBOSE2:chrome\updater\app\server\win\updater_service_delegate.cc:60] Running COM server within the Windows Service
[7512:15836:0613/070209.878:VERBOSE2:chrome\updater\app\app_server.cc:57] ModeCheck
[7512:15836:0613/070209.878:VERBOSE2:chrome\updater\prefs.cc:89] CreateGlobalPrefsInternal
[7512:15836:0613/070209.878:VERBOSE1:chrome\updater\prefs.cc:135] UpdaterPrefsImpl (global): C:\Program Files (x86)\Google\GoogleUpdater
[7512:15836:0613/070209.878:VERBOSE2:chrome\updater\app\app_server.cc:70] This version: 138.0.7194.0, active version: 138.0.7194.0
[7512:15836:0613/070209.878:VERBOSE1:chrome\updater\win\setup\setup_util.cc:263] AreComInterfacesPresent: scope: System: is_internal: 1
[7512:15836:0613/070209.878:VERBOSE2:chrome\updater\win\setup\setup_util.cc:284] AreComInterfacesPresent: all interfaces present
[7512:15836:0613/070209.878:VERBOSE2:chrome\updater\prefs.cc:208] CreateLocalPrefs
[7512:15836:0613/070209.878:VERBOSE1:chrome\updater\prefs.cc:135] UpdaterPrefsImpl (local): C:\Program Files (x86)\Google\GoogleUpdater\138.0.7194.0
[7512:15836:0613/070209.878:VERBOSE1:chrome\updater\prefs.cc:140] ~UpdaterPrefsImpl: C:\Program Files (x86)\Google\GoogleUpdater
[7512:15836:0613/070209.903:VERBOSE2:chrome\updater\app\app_server_win.cc:300] Starting task, Microsoft::WRL::Module count: 2
[7512:15836:0613/070209.903:VERBOSE1:chrome\updater\update_service_internal_impl.cc:25] Run
[7512:15836:0613/070209.903:VERBOSE1:chrome\updater\ipc\update_service_proxy_win.cc:1090] RunPeriodicTasks
[9476:15808:0613/070209.956:VERBOSE1:chrome\updater\updater.cc:328] Version: 138.0.7194.0, opt, 32 bit (x86), command line: "C:\Program Files (x86)\Google\GoogleUpdater\138.0.7194.0\updater.exe" --system --windows-service --service=update
[9476:15808:0613/070209.956:VERBOSE1:chrome\updater\updater.cc:330] OS version: 10.0.22631.5472, System uptime (seconds): 3117, parent pid: 992
[8332:15344:0613/070210.007:VERBOSE1:chrome\updater\updater.cc:328] Version: 138.0.7194.0, opt, 32 bit (x86), command line: "C:\Program Files (x86)\Google\GoogleUpdater\138.0.7194.0\updater.exe" --crash-handler --system "--database=C:\Program Files (x86)\Google\GoogleUpdater\138.0.7194.0\Crashpad" --url=https://clients2.google.com/cr/report --annotation=prod=Update4 --annotation=ver=138.0.7194.0 "--attachment=C:\Program Files (x86)\Google\GoogleUpdater\updater.log" --initial-client-data=0x2c8,0x2cc,0x2d0,0x2a4,0x2d4,0x10929c0,0x10929cc,0x10929d8
[8332:15344:0613/070210.007:VERBOSE1:chrome\updater\updater.cc:330] OS version: 10.0.22631.5472, System uptime (seconds): 3117, parent pid: 9476
[9476:15808:0613/070210.007:VERBOSE1:chrome\updater\crash_reporter.cc:120] Crash handler launched and ready.
[9476:15808:0613/070210.007:VERBOSE1:chrome\updater\crash_client.cc:106] Found 0 completed crash reports
[9476:15808:0613/070210.007:VERBOSE1:chrome\updater\crash_client.cc:124] Found 0 pending crash reports
[9476:15808:0613/070210.007:VERBOSE2:chrome\updater\update_usage_stats_task_win.cc:41] usage stats enabled by app {8a69d345-d564-463c-aff1-a69d9e530f96}
[9476:15808:0613/070210.007:VERBOSE1:chrome\updater\updater.cc:90] Crash reporting initialized.
[9476:15808:0613/070210.007:VERBOSE1:chrome\updater\updater.cc:145] IsUserAdmin: 1, IsUserNonElevatedAdmin: 0, IsUACOn: 1, IsElevatedWithUACOn: 1, LUA: 1
[9476:9528:0613/070210.032:VERBOSE2:chrome\updater\app\server\win\updater_service_delegate.cc:60] Running COM server within the Windows Service
[9476:9528:0613/070210.032:VERBOSE2:chrome\updater\app\app_server.cc:57] ModeCheck
[9476:9528:0613/070210.032:VERBOSE2:chrome\updater\prefs.cc:89] CreateGlobalPrefsInternal
[9476:9528:0613/070210.032:VERBOSE1:chrome\updater\prefs.cc:135] UpdaterPrefsImpl (global): C:\Program Files (x86)\Google\GoogleUpdater
[9476:9528:0613/070210.032:VERBOSE2:chrome\updater\app\app_server.cc:70] This version: 138.0.7194.0, active version: 138.0.7194.0
[9476:9528:0613/070210.032:VERBOSE1:chrome\updater\win\setup\setup_util.cc:263] AreComInterfacesPresent: scope: System: is_internal: 0
[9476:9528:0613/070210.047:VERBOSE2:chrome\updater\win\setup\setup_util.cc:284] AreComInterfacesPresent: all interfaces present
[9476:9528:0613/070210.047:VERBOSE2:chrome\updater\prefs.cc:208] CreateLocalPrefs
[9476:9528:0613/070210.047:VERBOSE1:chrome\updater\prefs.cc:135] UpdaterPrefsImpl (local): C:\Program Files (x86)\Google\GoogleUpdater\138.0.7194.0
[9476:9528:0613/070210.049:VERBOSE1:chrome\enterprise_companion\device_management_storage\dm_storage_win.cc:242] GetDmToken: token not found.
[9476:9528:0613/070210.049:VERBOSE1:chrome\enterprise_companion\device_management_storage\dm_storage.cc:218] No valid DM token.
[9476:9528:0613/070210.057:VERBOSE1:chrome\updater\policy\service.cc:146] Current effective policies:
{
  LastCheckPeriod = 270 (Default)
}

[9476:9528:0613/070210.057:VERBOSE1:chrome\updater\prefs.cc:140] ~UpdaterPrefsImpl: C:\Program Files (x86)\Google\GoogleUpdater\138.0.7194.0
[9476:9528:0613/070210.090:VERBOSE2:chrome\updater\app\app_server_win.cc:300] Starting task, Microsoft::WRL::Module count: 2
[9476:9528:0613/070210.090:VERBOSE2:chrome\updater\util\win_util.cc:1433] OemInstallTime not found
[9476:9528:0613/070210.090:VERBOSE1:chrome\updater\update_service_impl_impl.cc:820] RunPeriodicTasks
[9476:9528:0613/070210.090:VERBOSE1:chrome\updater\update_service_impl_impl.cc:825] last_started updated.
[9476:9528:0613/070210.281:VERBOSE2:chrome\updater\util\win_util.cc:1239] Cohort values: 1:gu:, Stable, 
[9476:14504:0613/070211.692:VERBOSE2:chrome\updater\update_usage_stats_task_win.cc:41] usage stats enabled by app {8a69d345-d564-463c-aff1-a69d9e530f96}
[9476:9528:0613/070213.347:VERBOSE1:chrome\updater\update_service_impl_impl.cc:713] FetchPolicies
[9476:14504:0613/070213.347:VERBOSE1:chrome\enterprise_companion\device_management_storage\dm_storage_win.cc:242] GetDmToken: token not found.
[9476:14504:0613/070213.347:VERBOSE1:chrome\enterprise_companion\device_management_storage\dm_storage_win.cc:40] ReadRegistryString: failed to read registry: Software\Policies\Google\CloudManagement\@EnrollmentToken
[9476:14504:0613/070213.348:VERBOSE1:chrome\enterprise_companion\device_management_storage\dm_storage_win.cc:40] ReadRegistryString: failed to read registry: Software\Policies\Google\Chrome\@CloudManagementEnrollmentToken
[9476:14504:0613/070213.348:VERBOSE1:chrome\enterprise_companion\device_management_storage\dm_storage_win.cc:40] ReadRegistryString: failed to read registry: Software\Google\Update\Clients\{44fc7fe2-65ce-487c-93f4-edee46eeaaab}@CloudManagementEnrollmentToken
[9476:14504:0613/070213.348:VERBOSE1:chrome\enterprise_companion\device_management_storage\dm_storage_win.cc:40] ReadRegistryString: failed to read registry: Software\Google\Update\Clients\{430fd4d0-b729-4f61-aa34-91526481799d}@CloudManagementEnrollmentToken
[9476:9528:0613/070213.348:VERBOSE2:chrome\updater\policy\service.cc:182] Device is not CBCM managed, skipped policy fetch.
[9476:9528:0613/070213.348:VERBOSE1:chrome\updater\policy\service.cc:207] FetchPoliciesDone: 0
[9476:9528:0613/070213.348:VERBOSE1:chrome\updater\policy\service.cc:212] Policies after refresh:
{
  LastCheckPeriod = 270 (Default)
}

[9476:9528:0613/070214.177:INFO:chrome\updater\check_for_updates_task.cc:49] Skipping UpdateAll: last update was 51 minutes ago. check_delay == 324
[9476:9528:0613/070214.867:VERBOSE1:chrome\updater\update_service_impl_impl.cc:928] ForceInstall
[9476:9528:0613/070214.867:INFO:chrome\updater\update_service_impl_impl.cc:884] ForceInstall task complete: 0
[7512:14896:0613/070216.109:VERBOSE2:chrome\updater\ipc\update_service_proxy_win.cc:255] Run
[7512:15836:0613/070216.109:VERBOSE1:chrome\updater\ipc\update_service_proxy_win.cc:1048] ~UpdateServiceProxyImpl
[7512:13932:0613/070216.109:VERBOSE2:chrome\updater\ipc\proxy_impl_base_win.h:62] ~ProxyImplBase
[15676:10912:0613/070216.116:VERBOSE2:chrome\updater\ipc\update_service_internal_proxy_win.cc:65] Run result 0.
[7512:11132:0613/070216.117:VERBOSE2:chrome\updater\app\server\win\com_classes.cc:891] UpdaterInternalImpl::Run. IUpdaterInternalCallback::Run returned 0
[15676:11796:0613/070216.117:VERBOSE1:chrome\updater\ipc\update_service_internal_proxy_win.cc:148] ~UpdateServiceInternalProxyImpl
[15676:10980:0613/070216.117:VERBOSE2:chrome\updater\ipc\proxy_impl_base_win.h:62] ~ProxyImplBase
[15676:11796:0613/070216.117:VERBOSE1:chrome\updater\updater.cc:335] UpdaterMain (--wake) returned 0.
[15396:8744:0613/070216.142:VERBOSE1:chrome\updater\updater.cc:335] UpdaterMain (--crash-handler) returned 0.
[9476:9528:0613/070226.108:VERBOSE2:chrome\updater\app\app_server_win.cc:252] Stop: COM server is shutting down.
[9476:9528:0613/070226.108:VERBOSE2:chrome\updater\app\app_server_win.cc:312] Completed task, Microsoft::WRL::Module count: 0
[9476:14504:0613/070226.108:VERBOSE1:chrome\updater\prefs.cc:235] Prefs committed.
[9476:9528:0613/070226.108:VERBOSE1:chrome\updater\prefs.cc:140] ~UpdaterPrefsImpl: C:\Program Files (x86)\Google\GoogleUpdater
[9476:15808:0613/070226.108:VERBOSE1:chrome\updater\updater.cc:335] UpdaterMain (--windows-service) returned 0.
[7512:15836:0613/070226.117:VERBOSE2:chrome\updater\app\app_server_win.cc:252] Stop: COM server is shutting down.
[7512:15836:0613/070226.117:VERBOSE2:chrome\updater\app\app_server_win.cc:312] Completed task, Microsoft::WRL::Module count: 0
[7512:11132:0613/070226.117:VERBOSE1:chrome\updater\prefs.cc:235] Prefs committed.
[7512:15836:0613/070226.117:VERBOSE1:chrome\updater\prefs.cc:140] ~UpdaterPrefsImpl: C:\Program Files (x86)\Google\GoogleUpdater\138.0.7194.0
[7512:5760:0613/070226.117:VERBOSE1:chrome\updater\updater.cc:335] UpdaterMain (--windows-service) returned 0.
[8332:15344:0613/070226.133:VERBOSE1:chrome\updater\updater.cc:335] UpdaterMain (--crash-handler) returned 0.
[9200:10548:0613/070226.141:VERBOSE1:chrome\updater\updater.cc:335] UpdaterMain (--crash-handler) returned 0.
[11816:520:0613/072620.014:VERBOSE1:chrome\updater\updater.cc:328] Version: 138.0.7194.0, opt, 32 bit (x86), command line: "C:\Program Files (x86)\Google\GoogleUpdater\138.0.7194.0\updater.exe" --system --windows-service --service=update
[11816:520:0613/072620.014:VERBOSE1:chrome\updater\updater.cc:330] OS version: 10.0.22631.5472, System uptime (seconds): 4567, parent pid: 992
[5180:16044:0613/072620.419:VERBOSE1:chrome\updater\updater.cc:328] Version: 138.0.7194.0, opt, 32 bit (x86), command line: "C:\Program Files (x86)\Google\GoogleUpdater\138.0.7194.0\updater.exe" --crash-handler --system "--database=C:\Program Files (x86)\Google\GoogleUpdater\138.0.7194.0\Crashpad" --url=https://clients2.google.com/cr/report --annotation=prod=Update4 --annotation=ver=138.0.7194.0 "--attachment=C:\Program Files (x86)\Google\GoogleUpdater\updater.log" --initial-client-data=0x2d0,0x2d4,0x2d8,0x2ac,0x2dc,0x10929c0,0x10929cc,0x10929d8
[5180:16044:0613/072620.419:VERBOSE1:chrome\updater\updater.cc:330] OS version: 10.0.22631.5472, System uptime (seconds): 4567, parent pid: 11816
[11816:520:0613/072620.471:VERBOSE1:chrome\updater\crash_reporter.cc:120] Crash handler launched and ready.
[11816:520:0613/072620.474:VERBOSE1:chrome\updater\crash_client.cc:106] Found 0 completed crash reports
[11816:520:0613/072620.475:VERBOSE1:chrome\updater\crash_client.cc:124] Found 0 pending crash reports
[11816:520:0613/072620.477:VERBOSE2:chrome\updater\update_usage_stats_task_win.cc:41] usage stats enabled by app {8a69d345-d564-463c-aff1-a69d9e530f96}
[11816:520:0613/072620.479:VERBOSE1:chrome\updater\updater.cc:90] Crash reporting initialized.
[11816:520:0613/072620.484:VERBOSE1:chrome\updater\updater.cc:145] IsUserAdmin: 1, IsUserNonElevatedAdmin: 0, IsUACOn: 1, IsElevatedWithUACOn: 1, LUA: 1
[11816:2368:0613/072620.704:VERBOSE2:chrome\updater\app\server\win\updater_service_delegate.cc:60] Running COM server within the Windows Service
[11816:2368:0613/072620.704:VERBOSE2:chrome\updater\app\app_server.cc:57] ModeCheck
[11816:2368:0613/072620.704:VERBOSE2:chrome\updater\prefs.cc:89] CreateGlobalPrefsInternal
[11816:2368:0613/072620.707:VERBOSE1:chrome\updater\prefs.cc:135] UpdaterPrefsImpl (global): C:\Program Files (x86)\Google\GoogleUpdater
[11816:2368:0613/072620.707:VERBOSE2:chrome\updater\app\app_server.cc:70] This version: 138.0.7194.0, active version: 138.0.7194.0
[11816:2368:0613/072620.707:VERBOSE1:chrome\updater\win\setup\setup_util.cc:263] AreComInterfacesPresent: scope: System: is_internal: 0
[11816:2368:0613/072620.820:VERBOSE2:chrome\updater\win\setup\setup_util.cc:284] AreComInterfacesPresent: all interfaces present
[11816:2368:0613/072620.820:VERBOSE2:chrome\updater\prefs.cc:208] CreateLocalPrefs
[11816:2368:0613/072620.822:VERBOSE1:chrome\updater\prefs.cc:135] UpdaterPrefsImpl (local): C:\Program Files (x86)\Google\GoogleUpdater\138.0.7194.0
[11816:2368:0613/072620.823:VERBOSE1:chrome\enterprise_companion\device_management_storage\dm_storage_win.cc:242] GetDmToken: token not found.
[11816:2368:0613/072620.823:VERBOSE1:chrome\enterprise_companion\device_management_storage\dm_storage.cc:218] No valid DM token.
[11816:2368:0613/072621.006:VERBOSE1:chrome\updater\policy\service.cc:146] Current effective policies:
{
  LastCheckPeriod = 270 (Default)
}

[11816:2368:0613/072621.009:VERBOSE1:chrome\updater\prefs.cc:140] ~UpdaterPrefsImpl: C:\Program Files (x86)\Google\GoogleUpdater\138.0.7194.0
[11816:2368:0613/072621.406:VERBOSE2:chrome\updater\app\app_server_win.cc:300] Starting task, Microsoft::WRL::Module count: 2
[11816:2368:0613/072621.407:VERBOSE2:chrome\updater\util\win_util.cc:1433] OemInstallTime not found
[11816:2368:0613/072621.407:VERBOSE1:chrome\updater\update_service_impl_impl.cc:820] RunPeriodicTasks
[11816:2368:0613/072621.407:VERBOSE1:chrome\updater\update_service_impl_impl.cc:825] last_started updated.
[11816:2368:0613/072621.640:VERBOSE2:chrome\updater\util\win_util.cc:1239] Cohort values: 1:gu:, Stable, 
[11816:7488:0613/072622.566:VERBOSE2:chrome\updater\update_usage_stats_task_win.cc:41] usage stats enabled by app {8a69d345-d564-463c-aff1-a69d9e530f96}
[11816:2368:0613/072623.310:VERBOSE1:chrome\updater\update_service_impl_impl.cc:713] FetchPolicies
[11816:7488:0613/072623.310:VERBOSE1:chrome\enterprise_companion\device_management_storage\dm_storage_win.cc:242] GetDmToken: token not found.
[11816:7488:0613/072623.310:VERBOSE1:chrome\enterprise_companion\device_management_storage\dm_storage_win.cc:40] ReadRegistryString: failed to read registry: Software\Policies\Google\CloudManagement\@EnrollmentToken
[11816:7488:0613/072623.311:VERBOSE1:chrome\enterprise_companion\device_management_storage\dm_storage_win.cc:40] ReadRegistryString: failed to read registry: Software\Policies\Google\Chrome\@CloudManagementEnrollmentToken
[11816:7488:0613/072623.311:VERBOSE1:chrome\enterprise_companion\device_management_storage\dm_storage_win.cc:40] ReadRegistryString: failed to read registry: Software\Google\Update\Clients\{44fc7fe2-65ce-487c-93f4-edee46eeaaab}@CloudManagementEnrollmentToken
[11816:7488:0613/072623.311:VERBOSE1:chrome\enterprise_companion\device_management_storage\dm_storage_win.cc:40] ReadRegistryString: failed to read registry: Software\Google\Update\Clients\{430fd4d0-b729-4f61-aa34-91526481799d}@CloudManagementEnrollmentToken
[11816:2368:0613/072623.311:VERBOSE2:chrome\updater\policy\service.cc:182] Device is not CBCM managed, skipped policy fetch.
[11816:2368:0613/072623.311:VERBOSE1:chrome\updater\policy\service.cc:207] FetchPoliciesDone: 0
[11816:2368:0613/072623.311:VERBOSE1:chrome\updater\policy\service.cc:212] Policies after refresh:
{
  LastCheckPeriod = 270 (Default)
}

[11816:2368:0613/072623.566:INFO:chrome\updater\check_for_updates_task.cc:49] Skipping UpdateAll: last update was 75 minutes ago. check_delay == 270
[11816:2368:0613/072624.180:VERBOSE1:chrome\updater\update_service_impl_impl.cc:928] ForceInstall
[11816:2368:0613/072624.180:INFO:chrome\updater\update_service_impl_impl.cc:884] ForceInstall task complete: 0
[11816:2368:0613/072634.782:VERBOSE2:chrome\updater\app\app_server_win.cc:252] Stop: COM server is shutting down.
[11816:2368:0613/072634.783:VERBOSE2:chrome\updater\app\app_server_win.cc:312] Completed task, Microsoft::WRL::Module count: 0
[11816:7488:0613/072634.787:VERBOSE1:chrome\updater\prefs.cc:235] Prefs committed.
[11816:2368:0613/072634.787:VERBOSE1:chrome\updater\prefs.cc:140] ~UpdaterPrefsImpl: C:\Program Files (x86)\Google\GoogleUpdater
[11816:520:0613/072636.816:VERBOSE1:chrome\updater\updater.cc:335] UpdaterMain (--windows-service) returned 0.
[5180:16044:0613/072636.924:VERBOSE1:chrome\updater\updater.cc:335] UpdaterMain (--crash-handler) returned 0.
[3248:5060:0613/080209.565:VERBOSE1:chrome\updater\updater.cc:328] Version: 138.0.7194.0, opt, 32 bit (x86), command line: "C:\Program Files (x86)\Google\GoogleUpdater\138.0.7194.0\updater.exe" --wake --system
[3248:5060:0613/080209.565:VERBOSE1:chrome\updater\updater.cc:330] OS version: 10.0.22631.5472, System uptime (seconds): 6716, parent pid: 2000
[13528:3400:0613/080209.636:VERBOSE1:chrome\updater\updater.cc:328] Version: 138.0.7194.0, opt, 32 bit (x86), command line: "C:\Program Files (x86)\Google\GoogleUpdater\138.0.7194.0\updater.exe" --crash-handler --system "--database=C:\Program Files (x86)\Google\GoogleUpdater\138.0.7194.0\Crashpad" --url=https://clients2.google.com/cr/report --annotation=prod=Update4 --annotation=ver=138.0.7194.0 "--attachment=C:\Program Files (x86)\Google\GoogleUpdater\updater.log" --initial-client-data=0x2c8,0x2cc,0x2d0,0x2a4,0x2d4,0x10929c0,0x10929cc,0x10929d8
[13528:3400:0613/080209.636:VERBOSE1:chrome\updater\updater.cc:330] OS version: 10.0.22631.5472, System uptime (seconds): 6716, parent pid: 3248
[3248:5060:0613/080209.636:VERBOSE1:chrome\updater\crash_reporter.cc:120] Crash handler launched and ready.
[3248:5060:0613/080209.643:VERBOSE1:chrome\updater\crash_client.cc:106] Found 0 completed crash reports
[3248:5060:0613/080209.643:VERBOSE1:chrome\updater\crash_client.cc:124] Found 0 pending crash reports
[3248:5060:0613/080209.643:VERBOSE2:chrome\updater\update_usage_stats_task_win.cc:41] usage stats enabled by app {8a69d345-d564-463c-aff1-a69d9e530f96}
[3248:5060:0613/080209.643:VERBOSE1:chrome\updater\updater.cc:90] Crash reporting initialized.
[3248:5060:0613/080209.643:VERBOSE1:chrome\updater\updater.cc:145] IsUserAdmin: 1, IsUserNonElevatedAdmin: 0, IsUACOn: 1, IsElevatedWithUACOn: 1, LUA: 1
[3248:5060:0613/080209.659:VERBOSE1:chrome\updater\ipc\update_service_internal_proxy_win.cc:156] Run
[2552:4592:0613/080209.753:VERBOSE1:chrome\updater\updater.cc:328] Version: 138.0.7194.0, opt, 32 bit (x86), command line: "C:\Program Files (x86)\Google\GoogleUpdater\138.0.7194.0\updater.exe" --system --windows-service --service=update-internal
[2552:4592:0613/080209.753:VERBOSE1:chrome\updater\updater.cc:330] OS version: 10.0.22631.5472, System uptime (seconds): 6717, parent pid: 992
[10184:7768:0613/080209.816:VERBOSE1:chrome\updater\updater.cc:328] Version: 138.0.7194.0, opt, 32 bit (x86), command line: "C:\Program Files (x86)\Google\GoogleUpdater\138.0.7194.0\updater.exe" --crash-handler --system "--database=C:\Program Files (x86)\Google\GoogleUpdater\138.0.7194.0\Crashpad" --url=https://clients2.google.com/cr/report --annotation=prod=Update4 --annotation=ver=138.0.7194.0 "--attachment=C:\Program Files (x86)\Google\GoogleUpdater\updater.log" --initial-client-data=0x2d0,0x2d4,0x2d8,0x2ac,0x2dc,0x10929c0,0x10929cc,0x10929d8
[10184:7768:0613/080209.816:VERBOSE1:chrome\updater\updater.cc:330] OS version: 10.0.22631.5472, System uptime (seconds): 6717, parent pid: 2552
[2552:4592:0613/080209.816:VERBOSE1:chrome\updater\crash_reporter.cc:120] Crash handler launched and ready.
[2552:4592:0613/080209.816:VERBOSE1:chrome\updater\crash_client.cc:106] Found 0 completed crash reports
[2552:4592:0613/080209.816:VERBOSE1:chrome\updater\crash_client.cc:124] Found 0 pending crash reports
[2552:4592:0613/080209.816:VERBOSE2:chrome\updater\update_usage_stats_task_win.cc:41] usage stats enabled by app {8a69d345-d564-463c-aff1-a69d9e530f96}
[2552:4592:0613/080209.816:VERBOSE1:chrome\updater\updater.cc:90] Crash reporting initialized.
[2552:4592:0613/080209.831:VERBOSE1:chrome\updater\updater.cc:145] IsUserAdmin: 1, IsUserNonElevatedAdmin: 0, IsUACOn: 1, IsElevatedWithUACOn: 1, LUA: 1
[2552:10464:0613/080209.847:VERBOSE2:chrome\updater\app\server\win\updater_service_delegate.cc:60] Running COM server within the Windows Service
[2552:10464:0613/080209.847:VERBOSE2:chrome\updater\app\app_server.cc:57] ModeCheck
[2552:10464:0613/080209.847:VERBOSE2:chrome\updater\prefs.cc:89] CreateGlobalPrefsInternal
[2552:10464:0613/080209.847:VERBOSE1:chrome\updater\prefs.cc:135] UpdaterPrefsImpl (global): C:\Program Files (x86)\Google\GoogleUpdater
[2552:10464:0613/080209.847:VERBOSE2:chrome\updater\app\app_server.cc:70] This version: 138.0.7194.0, active version: 138.0.7194.0
[2552:10464:0613/080209.847:VERBOSE1:chrome\updater\win\setup\setup_util.cc:263] AreComInterfacesPresent: scope: System: is_internal: 1
[2552:10464:0613/080209.847:VERBOSE2:chrome\updater\win\setup\setup_util.cc:284] AreComInterfacesPresent: all interfaces present
[2552:10464:0613/080209.847:VERBOSE2:chrome\updater\prefs.cc:208] CreateLocalPrefs
[2552:10464:0613/080209.847:VERBOSE1:chrome\updater\prefs.cc:135] UpdaterPrefsImpl (local): C:\Program Files (x86)\Google\GoogleUpdater\138.0.7194.0
[2552:10464:0613/080209.847:VERBOSE1:chrome\updater\prefs.cc:140] ~UpdaterPrefsImpl: C:\Program Files (x86)\Google\GoogleUpdater
[2552:10464:0613/080209.878:VERBOSE2:chrome\updater\app\app_server_win.cc:300] Starting task, Microsoft::WRL::Module count: 2
[2552:10464:0613/080209.878:VERBOSE1:chrome\updater\update_service_internal_impl.cc:25] Run
[2552:10464:0613/080209.878:VERBOSE1:chrome\updater\ipc\update_service_proxy_win.cc:1090] RunPeriodicTasks
[10912:3164:0613/080209.957:VERBOSE1:chrome\updater\updater.cc:328] Version: 138.0.7194.0, opt, 32 bit (x86), command line: "C:\Program Files (x86)\Google\GoogleUpdater\138.0.7194.0\updater.exe" --system --windows-service --service=update
[10912:3164:0613/080209.957:VERBOSE1:chrome\updater\updater.cc:330] OS version: 10.0.22631.5472, System uptime (seconds): 6717, parent pid: 992
[2800:6684:0613/080210.037:VERBOSE1:chrome\updater\updater.cc:328] Version: 138.0.7194.0, opt, 32 bit (x86), command line: "C:\Program Files (x86)\Google\GoogleUpdater\138.0.7194.0\updater.exe" --crash-handler --system "--database=C:\Program Files (x86)\Google\GoogleUpdater\138.0.7194.0\Crashpad" --url=https://clients2.google.com/cr/report --annotation=prod=Update4 --annotation=ver=138.0.7194.0 "--attachment=C:\Program Files (x86)\Google\GoogleUpdater\updater.log" --initial-client-data=0x2c8,0x2cc,0x2d0,0x2a4,0x2d4,0x10929c0,0x10929cc,0x10929d8
[2800:6684:0613/080210.037:VERBOSE1:chrome\updater\updater.cc:330] OS version: 10.0.22631.5472, System uptime (seconds): 6717, parent pid: 10912
[10912:3164:0613/080210.037:VERBOSE1:chrome\updater\crash_reporter.cc:120] Crash handler launched and ready.
[10912:3164:0613/080210.037:VERBOSE1:chrome\updater\crash_client.cc:106] Found 0 completed crash reports
[10912:3164:0613/080210.037:VERBOSE1:chrome\updater\crash_client.cc:124] Found 0 pending crash reports
[10912:3164:0613/080210.037:VERBOSE2:chrome\updater\update_usage_stats_task_win.cc:41] usage stats enabled by app {8a69d345-d564-463c-aff1-a69d9e530f96}
[10912:3164:0613/080210.037:VERBOSE1:chrome\updater\updater.cc:90] Crash reporting initialized.
[10912:3164:0613/080210.037:VERBOSE1:chrome\updater\updater.cc:145] IsUserAdmin: 1, IsUserNonElevatedAdmin: 0, IsUACOn: 1, IsElevatedWithUACOn: 1, LUA: 1
[10912:3244:0613/080210.067:VERBOSE2:chrome\updater\app\server\win\updater_service_delegate.cc:60] Running COM server within the Windows Service
[10912:3244:0613/080210.067:VERBOSE2:chrome\updater\app\app_server.cc:57] ModeCheck
[10912:3244:0613/080210.067:VERBOSE2:chrome\updater\prefs.cc:89] CreateGlobalPrefsInternal
[10912:3244:0613/080210.067:VERBOSE1:chrome\updater\prefs.cc:135] UpdaterPrefsImpl (global): C:\Program Files (x86)\Google\GoogleUpdater
[10912:3244:0613/080210.067:VERBOSE2:chrome\updater\app\app_server.cc:70] This version: 138.0.7194.0, active version: 138.0.7194.0
[10912:3244:0613/080210.067:VERBOSE1:chrome\updater\win\setup\setup_util.cc:263] AreComInterfacesPresent: scope: System: is_internal: 0
[10912:3244:0613/080210.098:VERBOSE2:chrome\updater\win\setup\setup_util.cc:284] AreComInterfacesPresent: all interfaces present
[10912:3244:0613/080210.098:VERBOSE2:chrome\updater\prefs.cc:208] CreateLocalPrefs
[10912:3244:0613/080210.098:VERBOSE1:chrome\updater\prefs.cc:135] UpdaterPrefsImpl (local): C:\Program Files (x86)\Google\GoogleUpdater\138.0.7194.0
[10912:3244:0613/080210.098:VERBOSE1:chrome\enterprise_companion\device_management_storage\dm_storage_win.cc:242] GetDmToken: token not found.
[10912:3244:0613/080210.098:VERBOSE1:chrome\enterprise_companion\device_management_storage\dm_storage.cc:218] No valid DM token.
[10912:3244:0613/080210.114:VERBOSE1:chrome\updater\policy\service.cc:146] Current effective policies:
{
  LastCheckPeriod = 270 (Default)
}

[10912:3244:0613/080210.114:VERBOSE1:chrome\updater\prefs.cc:140] ~UpdaterPrefsImpl: C:\Program Files (x86)\Google\GoogleUpdater\138.0.7194.0
[10912:3244:0613/080210.161:VERBOSE2:chrome\updater\app\app_server_win.cc:300] Starting task, Microsoft::WRL::Module count: 2
[10912:3244:0613/080210.161:VERBOSE2:chrome\updater\util\win_util.cc:1433] OemInstallTime not found
[10912:3244:0613/080210.161:VERBOSE1:chrome\updater\update_service_impl_impl.cc:820] RunPeriodicTasks
[10912:3244:0613/080210.161:VERBOSE1:chrome\updater\update_service_impl_impl.cc:825] last_started updated.
[10912:3244:0613/080210.334:VERBOSE2:chrome\updater\util\win_util.cc:1239] Cohort values: 1:gu:, Stable, 
[10912:7524:0613/080211.514:VERBOSE2:chrome\updater\update_usage_stats_task_win.cc:41] usage stats enabled by app {8a69d345-d564-463c-aff1-a69d9e530f96}
[10912:3244:0613/080212.566:VERBOSE1:chrome\updater\update_service_impl_impl.cc:713] FetchPolicies
[10912:7524:0613/080212.566:VERBOSE1:chrome\enterprise_companion\device_management_storage\dm_storage_win.cc:242] GetDmToken: token not found.
[10912:7524:0613/080212.566:VERBOSE1:chrome\enterprise_companion\device_management_storage\dm_storage_win.cc:40] ReadRegistryString: failed to read registry: Software\Policies\Google\CloudManagement\@EnrollmentToken
[10912:7524:0613/080212.566:VERBOSE1:chrome\enterprise_companion\device_management_storage\dm_storage_win.cc:40] ReadRegistryString: failed to read registry: Software\Policies\Google\Chrome\@CloudManagementEnrollmentToken
[10912:7524:0613/080212.566:VERBOSE1:chrome\enterprise_companion\device_management_storage\dm_storage_win.cc:40] ReadRegistryString: failed to read registry: Software\Google\Update\Clients\{44fc7fe2-65ce-487c-93f4-edee46eeaaab}@CloudManagementEnrollmentToken
[10912:7524:0613/080212.566:VERBOSE1:chrome\enterprise_companion\device_management_storage\dm_storage_win.cc:40] ReadRegistryString: failed to read registry: Software\Google\Update\Clients\{430fd4d0-b729-4f61-aa34-91526481799d}@CloudManagementEnrollmentToken
[10912:3244:0613/080212.566:VERBOSE2:chrome\updater\policy\service.cc:182] Device is not CBCM managed, skipped policy fetch.
[10912:3244:0613/080212.566:VERBOSE1:chrome\updater\policy\service.cc:207] FetchPoliciesDone: 0
[10912:3244:0613/080212.566:VERBOSE1:chrome\updater\policy\service.cc:212] Policies after refresh:
{
  LastCheckPeriod = 270 (Default)
}

[10912:3244:0613/080213.085:INFO:chrome\updater\check_for_updates_task.cc:49] Skipping UpdateAll: last update was 111 minutes ago. check_delay == 270
[10912:3244:0613/080213.553:VERBOSE1:chrome\updater\update_service_impl_impl.cc:928] ForceInstall
[10912:3244:0613/080213.553:INFO:chrome\updater\update_service_impl_impl.cc:884] ForceInstall task complete: 0
[2552:8184:0613/080214.722:VERBOSE2:chrome\updater\ipc\update_service_proxy_win.cc:255] Run
[2552:10464:0613/080214.722:VERBOSE1:chrome\updater\ipc\update_service_proxy_win.cc:1048] ~UpdateServiceProxyImpl
[2552:3580:0613/080214.722:VERBOSE2:chrome\updater\ipc\proxy_impl_base_win.h:62] ~ProxyImplBase
[3248:4224:0613/080214.722:VERBOSE2:chrome\updater\ipc\update_service_internal_proxy_win.cc:65] Run result 0.
[2552:3800:0613/080214.722:VERBOSE2:chrome\updater\app\server\win\com_classes.cc:891] UpdaterInternalImpl::Run. IUpdaterInternalCallback::Run returned 0
[3248:5060:0613/080214.722:VERBOSE1:chrome\updater\ipc\update_service_internal_proxy_win.cc:148] ~UpdateServiceInternalProxyImpl
[3248:14996:0613/080214.722:VERBOSE2:chrome\updater\ipc\proxy_impl_base_win.h:62] ~ProxyImplBase
[3248:5060:0613/080214.722:VERBOSE1:chrome\updater\updater.cc:335] UpdaterMain (--wake) returned 0.
[13528:3400:0613/080214.737:VERBOSE1:chrome\updater\updater.cc:335] UpdaterMain (--crash-handler) returned 0.
[10912:3244:0613/080224.727:VERBOSE2:chrome\updater\app\app_server_win.cc:252] Stop: COM server is shutting down.
[2552:10464:0613/080224.727:VERBOSE2:chrome\updater\app\app_server_win.cc:252] Stop: COM server is shutting down.
[2552:10464:0613/080224.727:VERBOSE2:chrome\updater\app\app_server_win.cc:312] Completed task, Microsoft::WRL::Module count: 0
[10912:3244:0613/080224.727:VERBOSE2:chrome\updater\app\app_server_win.cc:312] Completed task, Microsoft::WRL::Module count: 0
[2552:3800:0613/080224.727:VERBOSE1:chrome\updater\prefs.cc:235] Prefs committed.
[10912:7524:0613/080224.727:VERBOSE1:chrome\updater\prefs.cc:235] Prefs committed.
[2552:10464:0613/080224.727:VERBOSE1:chrome\updater\prefs.cc:140] ~UpdaterPrefsImpl: C:\Program Files (x86)\Google\GoogleUpdater\138.0.7194.0
[10912:3244:0613/080224.727:VERBOSE1:chrome\updater\prefs.cc:140] ~UpdaterPrefsImpl: C:\Program Files (x86)\Google\GoogleUpdater
[10912:3164:0613/080224.727:VERBOSE1:chrome\updater\updater.cc:335] UpdaterMain (--windows-service) returned 0.
[2552:4592:0613/080224.727:VERBOSE1:chrome\updater\updater.cc:335] UpdaterMain (--windows-service) returned 0.
[2800:6684:0613/080224.739:VERBOSE1:chrome\updater\updater.cc:335] UpdaterMain (--crash-handler) returned 0.
[10184:7768:0613/080224.739:VERBOSE1:chrome\updater\updater.cc:335] UpdaterMain (--crash-handler) returned 0.
[10120:2472:0613/090209.607:VERBOSE1:chrome\updater\updater.cc:328] Version: 138.0.7194.0, opt, 32 bit (x86), command line: "C:\Program Files (x86)\Google\GoogleUpdater\138.0.7194.0\updater.exe" --wake --system
[10120:2472:0613/090209.607:VERBOSE1:chrome\updater\updater.cc:330] OS version: 10.0.22631.5472, System uptime (seconds): 10316, parent pid: 2000
[13424:11188:0613/090209.679:VERBOSE1:chrome\updater\updater.cc:328] Version: 138.0.7194.0, opt, 32 bit (x86), command line: "C:\Program Files (x86)\Google\GoogleUpdater\138.0.7194.0\updater.exe" --crash-handler --system "--database=C:\Program Files (x86)\Google\GoogleUpdater\138.0.7194.0\Crashpad" --url=https://clients2.google.com/cr/report --annotation=prod=Update4 --annotation=ver=138.0.7194.0 "--attachment=C:\Program Files (x86)\Google\GoogleUpdater\updater.log" --initial-client-data=0x2d0,0x2d4,0x2d8,0x2ac,0x2dc,0x10929c0,0x10929cc,0x10929d8
[13424:11188:0613/090209.679:VERBOSE1:chrome\updater\updater.cc:330] OS version: 10.0.22631.5472, System uptime (seconds): 10316, parent pid: 10120
[10120:2472:0613/090209.679:VERBOSE1:chrome\updater\crash_reporter.cc:120] Crash handler launched and ready.
[10120:2472:0613/090209.679:VERBOSE1:chrome\updater\crash_client.cc:106] Found 0 completed crash reports
[10120:2472:0613/090209.679:VERBOSE1:chrome\updater\crash_client.cc:124] Found 0 pending crash reports
[10120:2472:0613/090209.679:VERBOSE2:chrome\updater\update_usage_stats_task_win.cc:41] usage stats enabled by app {8a69d345-d564-463c-aff1-a69d9e530f96}
[10120:2472:0613/090209.679:VERBOSE1:chrome\updater\updater.cc:90] Crash reporting initialized.
[10120:2472:0613/090209.679:VERBOSE1:chrome\updater\updater.cc:145] IsUserAdmin: 1, IsUserNonElevatedAdmin: 0, IsUACOn: 1, IsElevatedWithUACOn: 1, LUA: 1
[10120:2472:0613/090209.711:VERBOSE1:chrome\updater\ipc\update_service_internal_proxy_win.cc:156] Run
[7500:7788:0613/090209.823:VERBOSE1:chrome\updater\updater.cc:328] Version: 138.0.7194.0, opt, 32 bit (x86), command line: "C:\Program Files (x86)\Google\GoogleUpdater\138.0.7194.0\updater.exe" --system --windows-service --service=update-internal
[7500:7788:0613/090209.823:VERBOSE1:chrome\updater\updater.cc:330] OS version: 10.0.22631.5472, System uptime (seconds): 10317, parent pid: 992
[13388:13492:0613/090209.887:VERBOSE1:chrome\updater\updater.cc:328] Version: 138.0.7194.0, opt, 32 bit (x86), command line: "C:\Program Files (x86)\Google\GoogleUpdater\138.0.7194.0\updater.exe" --crash-handler --system "--database=C:\Program Files (x86)\Google\GoogleUpdater\138.0.7194.0\Crashpad" --url=https://clients2.google.com/cr/report --annotation=prod=Update4 --annotation=ver=138.0.7194.0 "--attachment=C:\Program Files (x86)\Google\GoogleUpdater\updater.log" --initial-client-data=0x2cc,0x2d0,0x2d4,0x2a4,0x2b0,0x10929c0,0x10929cc,0x10929d8
[13388:13492:0613/090209.887:VERBOSE1:chrome\updater\updater.cc:330] OS version: 10.0.22631.5472, System uptime (seconds): 10317, parent pid: 7500
[7500:7788:0613/090209.895:VERBOSE1:chrome\updater\crash_reporter.cc:120] Crash handler launched and ready.
[7500:7788:0613/090209.895:VERBOSE1:chrome\updater\crash_client.cc:106] Found 0 completed crash reports
[7500:7788:0613/090209.895:VERBOSE1:chrome\updater\crash_client.cc:124] Found 0 pending crash reports
[7500:7788:0613/090209.895:VERBOSE2:chrome\updater\update_usage_stats_task_win.cc:41] usage stats enabled by app {8a69d345-d564-463c-aff1-a69d9e530f96}
[7500:7788:0613/090209.895:VERBOSE1:chrome\updater\updater.cc:90] Crash reporting initialized.
[7500:7788:0613/090209.903:VERBOSE1:chrome\updater\updater.cc:145] IsUserAdmin: 1, IsUserNonElevatedAdmin: 0, IsUACOn: 1, IsElevatedWithUACOn: 1, LUA: 1
[7500:13108:0613/090209.927:VERBOSE2:chrome\updater\app\server\win\updater_service_delegate.cc:60] Running COM server within the Windows Service
[7500:13108:0613/090209.927:VERBOSE2:chrome\updater\app\app_server.cc:57] ModeCheck
[7500:13108:0613/090209.927:VERBOSE2:chrome\updater\prefs.cc:89] CreateGlobalPrefsInternal
[7500:13108:0613/090209.927:VERBOSE1:chrome\updater\prefs.cc:135] UpdaterPrefsImpl (global): C:\Program Files (x86)\Google\GoogleUpdater
[7500:13108:0613/090209.927:VERBOSE2:chrome\updater\app\app_server.cc:70] This version: 138.0.7194.0, active version: 138.0.7194.0
[7500:13108:0613/090209.927:VERBOSE1:chrome\updater\win\setup\setup_util.cc:263] AreComInterfacesPresent: scope: System: is_internal: 1
[7500:13108:0613/090209.935:VERBOSE2:chrome\updater\win\setup\setup_util.cc:284] AreComInterfacesPresent: all interfaces present
[7500:13108:0613/090209.935:VERBOSE2:chrome\updater\prefs.cc:208] CreateLocalPrefs
[7500:13108:0613/090209.935:VERBOSE1:chrome\updater\prefs.cc:135] UpdaterPrefsImpl (local): C:\Program Files (x86)\Google\GoogleUpdater\138.0.7194.0
[7500:13108:0613/090209.935:VERBOSE1:chrome\updater\prefs.cc:140] ~UpdaterPrefsImpl: C:\Program Files (x86)\Google\GoogleUpdater
[7500:13108:0613/090209.967:VERBOSE2:chrome\updater\app\app_server_win.cc:300] Starting task, Microsoft::WRL::Module count: 2
[7500:13108:0613/090209.967:VERBOSE1:chrome\updater\update_service_internal_impl.cc:25] Run
[7500:13108:0613/090209.967:VERBOSE1:chrome\updater\ipc\update_service_proxy_win.cc:1090] RunPeriodicTasks
[3308:12964:0613/090210.039:VERBOSE1:chrome\updater\updater.cc:328] Version: 138.0.7194.0, opt, 32 bit (x86), command line: "C:\Program Files (x86)\Google\GoogleUpdater\138.0.7194.0\updater.exe" --system --windows-service --service=update
[3308:12964:0613/090210.039:VERBOSE1:chrome\updater\updater.cc:330] OS version: 10.0.22631.5472, System uptime (seconds): 10317, parent pid: 992
[15784:10284:0613/090210.103:VERBOSE1:chrome\updater\updater.cc:328] Version: 138.0.7194.0, opt, 32 bit (x86), command line: "C:\Program Files (x86)\Google\GoogleUpdater\138.0.7194.0\updater.exe" --crash-handler --system "--database=C:\Program Files (x86)\Google\GoogleUpdater\138.0.7194.0\Crashpad" --url=https://clients2.google.com/cr/report --annotation=prod=Update4 --annotation=ver=138.0.7194.0 "--attachment=C:\Program Files (x86)\Google\GoogleUpdater\updater.log" --initial-client-data=0x2c8,0x2cc,0x2d0,0x2ac,0x2d4,0x10929c0,0x10929cc,0x10929d8
[15784:10284:0613/090210.103:VERBOSE1:chrome\updater\updater.cc:330] OS version: 10.0.22631.5472, System uptime (seconds): 10317, parent pid: 3308
[3308:12964:0613/090210.111:VERBOSE1:chrome\updater\crash_reporter.cc:120] Crash handler launched and ready.
[3308:12964:0613/090210.111:VERBOSE1:chrome\updater\crash_client.cc:106] Found 0 completed crash reports
[3308:12964:0613/090210.111:VERBOSE1:chrome\updater\crash_client.cc:124] Found 0 pending crash reports
[3308:12964:0613/090210.111:VERBOSE2:chrome\updater\update_usage_stats_task_win.cc:41] usage stats enabled by app {8a69d345-d564-463c-aff1-a69d9e530f96}
[3308:12964:0613/090210.111:VERBOSE1:chrome\updater\updater.cc:90] Crash reporting initialized.
[3308:12964:0613/090210.111:VERBOSE1:chrome\updater\updater.cc:145] IsUserAdmin: 1, IsUserNonElevatedAdmin: 0, IsUACOn: 1, IsElevatedWithUACOn: 1, LUA: 1
[3308:15592:0613/090210.143:VERBOSE2:chrome\updater\app\server\win\updater_service_delegate.cc:60] Running COM server within the Windows Service
[3308:15592:0613/090210.143:VERBOSE2:chrome\updater\app\app_server.cc:57] ModeCheck
[3308:15592:0613/090210.143:VERBOSE2:chrome\updater\prefs.cc:89] CreateGlobalPrefsInternal
[3308:15592:0613/090210.143:VERBOSE1:chrome\updater\prefs.cc:135] UpdaterPrefsImpl (global): C:\Program Files (x86)\Google\GoogleUpdater
[3308:15592:0613/090210.143:VERBOSE2:chrome\updater\app\app_server.cc:70] This version: 138.0.7194.0, active version: 138.0.7194.0
[3308:15592:0613/090210.143:VERBOSE1:chrome\updater\win\setup\setup_util.cc:263] AreComInterfacesPresent: scope: System: is_internal: 0
[3308:15592:0613/090210.167:VERBOSE2:chrome\updater\win\setup\setup_util.cc:284] AreComInterfacesPresent: all interfaces present
[3308:15592:0613/090210.167:VERBOSE2:chrome\updater\prefs.cc:208] CreateLocalPrefs
[3308:15592:0613/090210.167:VERBOSE1:chrome\updater\prefs.cc:135] UpdaterPrefsImpl (local): C:\Program Files (x86)\Google\GoogleUpdater\138.0.7194.0
[3308:15592:0613/090210.167:VERBOSE1:chrome\enterprise_companion\device_management_storage\dm_storage_win.cc:242] GetDmToken: token not found.
[3308:15592:0613/090210.167:VERBOSE1:chrome\enterprise_companion\device_management_storage\dm_storage.cc:218] No valid DM token.
[3308:15592:0613/090210.191:VERBOSE1:chrome\updater\policy\service.cc:146] Current effective policies:
{
  LastCheckPeriod = 270 (Default)
}

[3308:15592:0613/090210.191:VERBOSE1:chrome\updater\prefs.cc:140] ~UpdaterPrefsImpl: C:\Program Files (x86)\Google\GoogleUpdater\138.0.7194.0
[3308:15592:0613/090210.247:VERBOSE2:chrome\updater\app\app_server_win.cc:300] Starting task, Microsoft::WRL::Module count: 2
[3308:15592:0613/090210.247:VERBOSE2:chrome\updater\util\win_util.cc:1433] OemInstallTime not found
[3308:15592:0613/090210.247:VERBOSE1:chrome\updater\update_service_impl_impl.cc:820] RunPeriodicTasks
[3308:15592:0613/090210.247:VERBOSE1:chrome\updater\update_service_impl_impl.cc:825] last_started updated.
[3308:15592:0613/090210.511:VERBOSE2:chrome\updater\util\win_util.cc:1239] Cohort values: 1:gu:, Stable, 
[3308:1960:0613/090212.079:VERBOSE2:chrome\updater\update_usage_stats_task_win.cc:41] usage stats enabled by app {8a69d345-d564-463c-aff1-a69d9e530f96}
[3308:15592:0613/090212.911:VERBOSE1:chrome\updater\update_service_impl_impl.cc:713] FetchPolicies
[3308:1960:0613/090212.911:VERBOSE1:chrome\enterprise_companion\device_management_storage\dm_storage_win.cc:242] GetDmToken: token not found.
[3308:1960:0613/090212.911:VERBOSE1:chrome\enterprise_companion\device_management_storage\dm_storage_win.cc:40] ReadRegistryString: failed to read registry: Software\Policies\Google\CloudManagement\@EnrollmentToken
[3308:1960:0613/090212.911:VERBOSE1:chrome\enterprise_companion\device_management_storage\dm_storage_win.cc:40] ReadRegistryString: failed to read registry: Software\Policies\Google\Chrome\@CloudManagementEnrollmentToken
[3308:1960:0613/090212.911:VERBOSE1:chrome\enterprise_companion\device_management_storage\dm_storage_win.cc:40] ReadRegistryString: failed to read registry: Software\Google\Update\Clients\{44fc7fe2-65ce-487c-93f4-edee46eeaaab}@CloudManagementEnrollmentToken
[3308:1960:0613/090212.911:VERBOSE1:chrome\enterprise_companion\device_management_storage\dm_storage_win.cc:40] ReadRegistryString: failed to read registry: Software\Google\Update\Clients\{430fd4d0-b729-4f61-aa34-91526481799d}@CloudManagementEnrollmentToken
[3308:15592:0613/090212.911:VERBOSE2:chrome\updater\policy\service.cc:182] Device is not CBCM managed, skipped policy fetch.
[3308:15592:0613/090212.911:VERBOSE1:chrome\updater\policy\service.cc:207] FetchPoliciesDone: 0
[3308:15592:0613/090212.911:VERBOSE1:chrome\updater\policy\service.cc:212] Policies after refresh:
{
  LastCheckPeriod = 270 (Default)
}

[3308:15592:0613/090213.351:INFO:chrome\updater\check_for_updates_task.cc:49] Skipping UpdateAll: last update was 171 minutes ago. check_delay == 270
[3308:15592:0613/090213.383:VERBOSE1:chrome\updater\update_service_impl_impl.cc:928] ForceInstall
[3308:15592:0613/090213.383:INFO:chrome\updater\update_service_impl_impl.cc:884] ForceInstall task complete: 0
[7500:7532:0613/090214.215:VERBOSE2:chrome\updater\ipc\update_service_proxy_win.cc:255] Run
[7500:13108:0613/090214.215:VERBOSE1:chrome\updater\ipc\update_service_proxy_win.cc:1048] ~UpdateServiceProxyImpl
[7500:12860:0613/090214.215:VERBOSE2:chrome\updater\ipc\proxy_impl_base_win.h:62] ~ProxyImplBase
[10120:5976:0613/090214.223:VERBOSE2:chrome\updater\ipc\update_service_internal_proxy_win.cc:65] Run result 0.
[7500:3132:0613/090214.223:VERBOSE2:chrome\updater\app\server\win\com_classes.cc:891] UpdaterInternalImpl::Run. IUpdaterInternalCallback::Run returned 0
[10120:2472:0613/090214.223:VERBOSE1:chrome\updater\ipc\update_service_internal_proxy_win.cc:148] ~UpdateServiceInternalProxyImpl
[10120:7680:0613/090214.223:VERBOSE2:chrome\updater\ipc\proxy_impl_base_win.h:62] ~ProxyImplBase
[10120:2472:0613/090214.223:VERBOSE1:chrome\updater\updater.cc:335] UpdaterMain (--wake) returned 0.
[13424:11188:0613/090214.367:VERBOSE1:chrome\updater\updater.cc:335] UpdaterMain (--crash-handler) returned 0.
[7500:13108:0613/090224.226:VERBOSE2:chrome\updater\app\app_server_win.cc:252] Stop: COM server is shutting down.
[3308:15592:0613/090224.226:VERBOSE2:chrome\updater\app\app_server_win.cc:252] Stop: COM server is shutting down.
[7500:13108:0613/090224.226:VERBOSE2:chrome\updater\app\app_server_win.cc:312] Completed task, Microsoft::WRL::Module count: 0
[7500:3132:0613/090224.226:VERBOSE1:chrome\updater\prefs.cc:235] Prefs committed.
[7500:13108:0613/090224.226:VERBOSE1:chrome\updater\prefs.cc:140] ~UpdaterPrefsImpl: C:\Program Files (x86)\Google\GoogleUpdater\138.0.7194.0
[3308:15592:0613/090224.226:VERBOSE2:chrome\updater\app\app_server_win.cc:312] Completed task, Microsoft::WRL::Module count: 0
[7500:7788:0613/090224.226:VERBOSE1:chrome\updater\updater.cc:335] UpdaterMain (--windows-service) returned 0.
[3308:1960:0613/090224.226:VERBOSE1:chrome\updater\prefs.cc:235] Prefs committed.
[3308:15592:0613/090224.226:VERBOSE1:chrome\updater\prefs.cc:140] ~UpdaterPrefsImpl: C:\Program Files (x86)\Google\GoogleUpdater
[3308:12964:0613/090224.234:VERBOSE1:chrome\updater\updater.cc:335] UpdaterMain (--windows-service) returned 0.
[13388:13492:0613/090224.242:VERBOSE1:chrome\updater\updater.cc:335] UpdaterMain (--crash-handler) returned 0.
[15784:10284:0613/090224.242:VERBOSE1:chrome\updater\updater.cc:335] UpdaterMain (--crash-handler) returned 0.
[18940:18944:0613/130910.825:VERBOSE1:chrome\updater\updater.cc:328] Version: 138.0.7194.0, opt, 32 bit (x86), command line: "C:\Program Files (x86)\Google\GoogleUpdater\138.0.7194.0\updater.exe" --system --windows-service --service=update
[18940:18944:0613/130910.831:VERBOSE1:chrome\updater\updater.cc:330] OS version: 10.0.22631.5472, System uptime (seconds): 25155, parent pid: 992
[19188:19192:0613/130911.772:VERBOSE1:chrome\updater\updater.cc:328] Version: 138.0.7194.0, opt, 32 bit (x86), command line: "C:\Program Files (x86)\Google\GoogleUpdater\138.0.7194.0\updater.exe" --crash-handler --system "--database=C:\Program Files (x86)\Google\GoogleUpdater\138.0.7194.0\Crashpad" --url=https://clients2.google.com/cr/report --annotation=prod=Update4 --annotation=ver=138.0.7194.0 "--attachment=C:\Program Files (x86)\Google\GoogleUpdater\updater.log" --initial-client-data=0x2b8,0x2dc,0x2e0,0x284,0x2e4,0xa329c0,0xa329cc,0xa329d8
[19188:19192:0613/130911.772:VERBOSE1:chrome\updater\updater.cc:330] OS version: 10.0.22631.5472, System uptime (seconds): 25155, parent pid: 18940
[18940:18944:0613/130912.148:VERBOSE1:chrome\updater\crash_reporter.cc:120] Crash handler launched and ready.
[18940:18944:0613/130912.149:VERBOSE1:chrome\updater\crash_client.cc:106] Found 0 completed crash reports
[18940:18944:0613/130912.149:VERBOSE1:chrome\updater\crash_client.cc:124] Found 0 pending crash reports
[18940:18944:0613/130912.151:VERBOSE2:chrome\updater\update_usage_stats_task_win.cc:41] usage stats enabled by app {8a69d345-d564-463c-aff1-a69d9e530f96}
[18940:18944:0613/130912.153:VERBOSE1:chrome\updater\updater.cc:90] Crash reporting initialized.
[18940:18944:0613/130912.179:VERBOSE1:chrome\updater\updater.cc:145] IsUserAdmin: 1, IsUserNonElevatedAdmin: 0, IsUACOn: 1, IsElevatedWithUACOn: 1, LUA: 1
[18940:4168:0613/130912.898:VERBOSE2:chrome\updater\app\server\win\updater_service_delegate.cc:60] Running COM server within the Windows Service
[18940:4168:0613/130912.898:VERBOSE2:chrome\updater\app\app_server.cc:57] ModeCheck
[18940:4168:0613/130912.900:VERBOSE2:chrome\updater\prefs.cc:89] CreateGlobalPrefsInternal
[18940:4168:0613/130912.903:VERBOSE1:chrome\updater\prefs.cc:135] UpdaterPrefsImpl (global): C:\Program Files (x86)\Google\GoogleUpdater
[18940:4168:0613/130912.903:VERBOSE2:chrome\updater\app\app_server.cc:70] This version: 138.0.7194.0, active version: 138.0.7194.0
[18940:4168:0613/130912.904:VERBOSE1:chrome\updater\win\setup\setup_util.cc:263] AreComInterfacesPresent: scope: System: is_internal: 0
[18940:4168:0613/130912.979:VERBOSE2:chrome\updater\win\setup\setup_util.cc:284] AreComInterfacesPresent: all interfaces present
[18940:4168:0613/130912.979:VERBOSE2:chrome\updater\prefs.cc:208] CreateLocalPrefs
[18940:4168:0613/130912.981:VERBOSE1:chrome\updater\prefs.cc:135] UpdaterPrefsImpl (local): C:\Program Files (x86)\Google\GoogleUpdater\138.0.7194.0
[18940:4168:0613/130912.982:VERBOSE1:chrome\enterprise_companion\device_management_storage\dm_storage_win.cc:242] GetDmToken: token not found.
[18940:4168:0613/130912.982:VERBOSE1:chrome\enterprise_companion\device_management_storage\dm_storage.cc:218] No valid DM token.
[18940:4168:0613/130913.153:VERBOSE1:chrome\updater\policy\service.cc:146] Current effective policies:
{
  LastCheckPeriod = 270 (Default)
}

[18940:4168:0613/130913.153:VERBOSE1:chrome\updater\prefs.cc:140] ~UpdaterPrefsImpl: C:\Program Files (x86)\Google\GoogleUpdater\138.0.7194.0
[18940:4168:0613/130913.665:VERBOSE2:chrome\updater\app\app_server_win.cc:300] Starting task, Microsoft::WRL::Module count: 2
[18940:4168:0613/130913.665:VERBOSE2:chrome\updater\util\win_util.cc:1433] OemInstallTime not found
[18940:4168:0613/130913.665:VERBOSE1:chrome\updater\update_service_impl_impl.cc:820] RunPeriodicTasks
[18940:4168:0613/130913.665:VERBOSE1:chrome\updater\update_service_impl_impl.cc:825] last_started updated.
[18940:4168:0613/130914.421:VERBOSE2:chrome\updater\util\win_util.cc:1239] Cohort values: 1:gu:, Stable, 
[18940:18832:0613/130915.451:VERBOSE2:chrome\updater\update_usage_stats_task_win.cc:41] usage stats enabled by app {8a69d345-d564-463c-aff1-a69d9e530f96}
[18940:4168:0613/130916.593:VERBOSE1:chrome\updater\update_service_impl_impl.cc:713] FetchPolicies
[18940:18832:0613/130916.593:VERBOSE1:chrome\enterprise_companion\device_management_storage\dm_storage_win.cc:242] GetDmToken: token not found.
[18940:18832:0613/130916.593:VERBOSE1:chrome\enterprise_companion\device_management_storage\dm_storage_win.cc:40] ReadRegistryString: failed to read registry: Software\Policies\Google\CloudManagement\@EnrollmentToken
[18940:18832:0613/130916.593:VERBOSE1:chrome\enterprise_companion\device_management_storage\dm_storage_win.cc:40] ReadRegistryString: failed to read registry: Software\Policies\Google\Chrome\@CloudManagementEnrollmentToken
[18940:18832:0613/130916.593:VERBOSE1:chrome\enterprise_companion\device_management_storage\dm_storage_win.cc:40] ReadRegistryString: failed to read registry: Software\Google\Update\Clients\{44fc7fe2-65ce-487c-93f4-edee46eeaaab}@CloudManagementEnrollmentToken
[18940:18832:0613/130916.594:VERBOSE1:chrome\enterprise_companion\device_management_storage\dm_storage_win.cc:40] ReadRegistryString: failed to read registry: Software\Google\Update\Clients\{430fd4d0-b729-4f61-aa34-91526481799d}@CloudManagementEnrollmentToken
[18940:4168:0613/130916.594:VERBOSE2:chrome\updater\policy\service.cc:182] Device is not CBCM managed, skipped policy fetch.
[18940:4168:0613/130916.594:VERBOSE1:chrome\updater\policy\service.cc:207] FetchPoliciesDone: 0
[18940:4168:0613/130916.594:VERBOSE1:chrome\updater\policy\service.cc:212] Policies after refresh:
{
  LastCheckPeriod = 270 (Default)
}

[18940:4168:0613/130917.176:VERBOSE1:chrome\updater\update_service_impl_impl.cc:1083] UpdateAll
[18940:4168:0613/130917.178:VERBOSE1:chrome\updater\update_service_impl_impl.cc:128] GetComponents. Same version update: not allowed
[18940:4168:0613/130917.180:VERBOSE1:chrome\updater\installer.cc:134] MakeCrxComponentFromAppInfo for {44fc7fe2-65ce-487c-93f4-edee46eeaaab}
[18940:4168:0613/130917.180:VERBOSE1:chrome\updater\installer.cc:134] MakeCrxComponentFromAppInfo for {8a69d345-d564-463c-aff1-a69d9e530f96}
[18940:4168:0613/130917.185:VERBOSE1:chrome\updater\net\network_fetcher_win.cc:54] Using the system configuration for proxy.
[18940:4168:0613/130917.380:VERBOSE2:chrome\updater\net\network_fetcher_win.cc:203] Impl: Successfully got logged on user token. Impersonate result: 0
[18940:4168:0613/130917.778:VERBOSE2:components\update_client\request_sender.cc:95] url: https://update.googleapis.com/service/update2/json
[18940:4168:0613/130917.782:VERBOSE2:components\update_client\request_sender.cc:104] Sending Omaha request: {"request":{"@os":"win","@updater":"updater","acceptformat":"crx3,download,puff,run,xz,zucc","apps":[{"appid":"{44fc7fe2-65ce-487c-93f4-edee46eeaaab}","cohort":"1:scr:","cohortname":"Everyone","enabled":true,"installdate":6735,"ping":{"ping_freshness":"{0b87b33c-c102-4876-9b9a-ab758c64fc75}","rd":6738},"updatecheck":{},"version":"138.0.7194.0"},{"ap":"x64-statsdef_1","appid":"{8a69d345-d564-463c-aff1-a69d9e530f96}","brand":"ONGR","cached_items":[{"sha256":"a017a3bf1dbaf31d3ae7114cc3cf1767b0ef199ff6dd08303e54083f7a9f5048"}],"cohort":"1:gu:","cohortname":"Stable","enabled":true,"installdate":6735,"lang":"en","ping":{"ad":6738,"ping_freshness":"{86298a60-5a37-451f-8c27-df3d8a7111c0}","rd":6738},"updatecheck":{},"version":"137.0.7151.104"}],"arch":"x86","dedup":"cr","domainjoined":false,"hw":{"avx":false,"physmemory":16,"sse":true,"sse2":true,"sse3":true,"sse41":true,"sse42":true,"ssse3":true},"ismachine":true,"nacl_arch":"x86-64","os":{"arch":"x86_64","platform":"Windows","version":"10.0.22631.5472"},"prodversion":"138.0.7194.0","protocol":"4.0","requestid":"{82bf7cda-f112-4598-a3f9-3840e61a2c21}","sessionid":"{3d34da40-01c6-4bea-98a2-e3775f0d6235}","updaterversion":"138.0.7194.0","wow64":true}}
[18940:4168:0613/130917.782:VERBOSE2:chrome\updater\net\network_fetcher_win.cc:123] PostRequest
[18940:18832:0613/130917.782:VERBOSE1:components\winhttp\proxy_configuration.cc:123] Auto-proxy: winhttp uses the user settings for proxy.
[18940:18040:0613/130918.029:VERBOSE1:components\winhttp\network_fetcher.cc:526] hostname: update.googleapis.com
[18940:7728:0613/130918.095:VERBOSE1:components\winhttp\network_fetcher.cc:535] ip: [2607:f8b0:4006:816::2003]
[18940:4168:0613/130918.441:VERBOSE2:chrome\updater\net\network_fetcher_win.cc:151] PostRequestComplete: response code=200
[18940:4168:0613/130918.442:VERBOSE1:components\update_client\request_sender.cc:188] Request completed from url: https://update.googleapis.com/service/update2/json?cup2key=15:BzPa3aBe7E87cVBA4qdtSdgoQpmVkNv1-R4O-JfkTpA&cup2hreq=57d28533bb589f16f839759280f55d6b48a74580e444491e6f342abc02e15eb4
[18940:4168:0613/130918.442:VERBOSE2:components\update_client\request_sender.cc:136] Omaha response received: )]}'
{"response":{"server":"prod","protocol":"4.0","daystart":{"elapsed_seconds":36568,"elapsed_days":6738},"apps":[{"appid":"{44fc7fe2-65ce-487c-93f4-edee46eeaaab}","cohort":"1:scr:","status":"ok","cohortname":"Everyone","ping":{"status":"ok"},"updatecheck":{"status":"noupdate"}},{"appid":"{8a69d345-d564-463c-aff1-a69d9e530f96}","cohort":"1:gu:","status":"ok","cohortname":"Stable","ping":{"status":"ok"},"updatecheck":{"status":"noupdate"}}]}}
[18940:4168:0613/130918.459:VERBOSE1:chrome\updater\update_service_impl_impl.cc:1106] last_checked updated.
[18940:4168:0613/130918.459:INFO:chrome\updater\check_for_updates_task.cc:88] UpdateAll task complete: 0
[18940:4168:0613/130918.504:VERBOSE1:chrome\updater\update_service_impl_impl.cc:928] ForceInstall
[18940:4168:0613/130918.504:INFO:chrome\updater\update_service_impl_impl.cc:884] ForceInstall task complete: 0
[18988:18992:0613/130922.786:VERBOSE1:chrome\updater\updater.cc:328] Version: 138.0.7194.0, opt, 32 bit (x86), command line: "C:\Program Files (x86)\Google\GoogleUpdater\138.0.7194.0\updater.exe" --wake --system
[18988:18992:0613/130922.786:VERBOSE1:chrome\updater\updater.cc:330] OS version: 10.0.22631.5472, System uptime (seconds): 25166, parent pid: 2000
[20264:20268:0613/130922.856:VERBOSE1:chrome\updater\updater.cc:328] Version: 138.0.7194.0, opt, 32 bit (x86), command line: "C:\Program Files (x86)\Google\GoogleUpdater\138.0.7194.0\updater.exe" --crash-handler --system "--database=C:\Program Files (x86)\Google\GoogleUpdater\138.0.7194.0\Crashpad" --url=https://clients2.google.com/cr/report --annotation=prod=Update4 --annotation=ver=138.0.7194.0 "--attachment=C:\Program Files (x86)\Google\GoogleUpdater\updater.log" --initial-client-data=0x2c8,0x2cc,0x2d0,0x2a4,0x2d4,0xa329c0,0xa329cc,0xa329d8
[20264:20268:0613/130922.856:VERBOSE1:chrome\updater\updater.cc:330] OS version: 10.0.22631.5472, System uptime (seconds): 25167, parent pid: 18988
[18988:18992:0613/130922.871:VERBOSE1:chrome\updater\crash_reporter.cc:120] Crash handler launched and ready.
[18988:18992:0613/130922.872:VERBOSE1:chrome\updater\crash_client.cc:106] Found 0 completed crash reports
[18988:18992:0613/130922.873:VERBOSE1:chrome\updater\crash_client.cc:124] Found 0 pending crash reports
[18988:18992:0613/130922.873:VERBOSE2:chrome\updater\update_usage_stats_task_win.cc:41] usage stats enabled by app {8a69d345-d564-463c-aff1-a69d9e530f96}
[18988:18992:0613/130922.874:VERBOSE1:chrome\updater\updater.cc:90] Crash reporting initialized.
[18988:18992:0613/130922.877:VERBOSE1:chrome\updater\updater.cc:145] IsUserAdmin: 1, IsUserNonElevatedAdmin: 0, IsUACOn: 1, IsElevatedWithUACOn: 1, LUA: 1
[18988:18992:0613/130922.903:VERBOSE1:chrome\updater\ipc\update_service_internal_proxy_win.cc:156] Run
[20380:20384:0613/130923.003:VERBOSE1:chrome\updater\updater.cc:328] Version: 138.0.7194.0, opt, 32 bit (x86), command line: "C:\Program Files (x86)\Google\GoogleUpdater\138.0.7194.0\updater.exe" --system --windows-service --service=update-internal
[20380:20384:0613/130923.003:VERBOSE1:chrome\updater\updater.cc:330] OS version: 10.0.22631.5472, System uptime (seconds): 25167, parent pid: 992
[20400:20404:0613/130923.061:VERBOSE1:chrome\updater\updater.cc:328] Version: 138.0.7194.0, opt, 32 bit (x86), command line: "C:\Program Files (x86)\Google\GoogleUpdater\138.0.7194.0\updater.exe" --crash-handler --system "--database=C:\Program Files (x86)\Google\GoogleUpdater\138.0.7194.0\Crashpad" --url=https://clients2.google.com/cr/report --annotation=prod=Update4 --annotation=ver=138.0.7194.0 "--attachment=C:\Program Files (x86)\Google\GoogleUpdater\updater.log" --initial-client-data=0x2c8,0x2cc,0x2d0,0x2a4,0x2d4,0xa329c0,0xa329cc,0xa329d8
[20400:20404:0613/130923.061:VERBOSE1:chrome\updater\updater.cc:330] OS version: 10.0.22631.5472, System uptime (seconds): 25167, parent pid: 20380
[20380:20384:0613/130923.068:VERBOSE1:chrome\updater\crash_reporter.cc:120] Crash handler launched and ready.
[20380:20384:0613/130923.069:VERBOSE1:chrome\updater\crash_client.cc:106] Found 0 completed crash reports
[20380:20384:0613/130923.069:VERBOSE1:chrome\updater\crash_client.cc:124] Found 0 pending crash reports
[20380:20384:0613/130923.069:VERBOSE2:chrome\updater\update_usage_stats_task_win.cc:41] usage stats enabled by app {8a69d345-d564-463c-aff1-a69d9e530f96}
[20380:20384:0613/130923.070:VERBOSE1:chrome\updater\updater.cc:90] Crash reporting initialized.
[20380:20384:0613/130923.073:VERBOSE1:chrome\updater\updater.cc:145] IsUserAdmin: 1, IsUserNonElevatedAdmin: 0, IsUACOn: 1, IsElevatedWithUACOn: 1, LUA: 1
[20380:20456:0613/130923.103:VERBOSE2:chrome\updater\app\server\win\updater_service_delegate.cc:60] Running COM server within the Windows Service
[20380:20456:0613/130923.103:VERBOSE2:chrome\updater\app\app_server.cc:57] ModeCheck
[20380:20456:0613/130923.103:VERBOSE2:chrome\updater\prefs.cc:89] CreateGlobalPrefsInternal
[18940:4168:0613/130930.110:VERBOSE2:chrome\updater\app\app_server_win.cc:252] Stop: COM server is shutting down.
[18940:4168:0613/130930.110:VERBOSE2:chrome\updater\app\app_server_win.cc:312] Completed task, Microsoft::WRL::Module count: 0
[18940:18832:0613/130930.110:VERBOSE1:chrome\updater\prefs.cc:235] Prefs committed.
[18940:4168:0613/130930.112:VERBOSE1:chrome\updater\prefs.cc:140] ~UpdaterPrefsImpl: C:\Program Files (x86)\Google\GoogleUpdater
[20380:20456:0613/130930.113:VERBOSE1:chrome\updater\prefs.cc:135] UpdaterPrefsImpl (global): C:\Program Files (x86)\Google\GoogleUpdater
[20380:20456:0613/130930.113:VERBOSE2:chrome\updater\app\app_server.cc:70] This version: 138.0.7194.0, active version: 138.0.7194.0
[20380:20456:0613/130930.113:VERBOSE1:chrome\updater\win\setup\setup_util.cc:263] AreComInterfacesPresent: scope: System: is_internal: 1
[20380:20456:0613/130930.115:VERBOSE2:chrome\updater\win\setup\setup_util.cc:284] AreComInterfacesPresent: all interfaces present
[20380:20456:0613/130930.115:VERBOSE2:chrome\updater\prefs.cc:208] CreateLocalPrefs
[20380:20456:0613/130930.115:VERBOSE1:chrome\updater\prefs.cc:135] UpdaterPrefsImpl (local): C:\Program Files (x86)\Google\GoogleUpdater\138.0.7194.0
[20380:20456:0613/130930.115:VERBOSE1:chrome\updater\prefs.cc:140] ~UpdaterPrefsImpl: C:\Program Files (x86)\Google\GoogleUpdater
[18940:18944:0613/130930.116:VERBOSE1:chrome\updater\updater.cc:335] UpdaterMain (--windows-service) returned 0.
[19188:19192:0613/130930.126:VERBOSE1:chrome\updater\updater.cc:335] UpdaterMain (--crash-handler) returned 0.
[20380:20456:0613/130930.784:VERBOSE2:chrome\updater\app\app_server_win.cc:300] Starting task, Microsoft::WRL::Module count: 2
[20380:20456:0613/130930.784:VERBOSE1:chrome\updater\update_service_internal_impl.cc:25] Run
[20380:20456:0613/130930.784:VERBOSE1:chrome\updater\ipc\update_service_proxy_win.cc:1090] RunPeriodicTasks
[20176:20164:0613/130930.830:VERBOSE1:chrome\updater\updater.cc:328] Version: 138.0.7194.0, opt, 32 bit (x86), command line: "C:\Program Files (x86)\Google\GoogleUpdater\138.0.7194.0\updater.exe" --system --windows-service --service=update
[20176:20164:0613/130930.830:VERBOSE1:chrome\updater\updater.cc:330] OS version: 10.0.22631.5472, System uptime (seconds): 25175, parent pid: 992
[19108:13068:0613/130930.876:VERBOSE1:chrome\updater\updater.cc:328] Version: 138.0.7194.0, opt, 32 bit (x86), command line: "C:\Program Files (x86)\Google\GoogleUpdater\138.0.7194.0\updater.exe" --crash-handler --system "--database=C:\Program Files (x86)\Google\GoogleUpdater\138.0.7194.0\Crashpad" --url=https://clients2.google.com/cr/report --annotation=prod=Update4 --annotation=ver=138.0.7194.0 "--attachment=C:\Program Files (x86)\Google\GoogleUpdater\updater.log" --initial-client-data=0x2cc,0x2d0,0x2d4,0x2a8,0x2d8,0xa329c0,0xa329cc,0xa329d8
[19108:13068:0613/130930.876:VERBOSE1:chrome\updater\updater.cc:330] OS version: 10.0.22631.5472, System uptime (seconds): 25175, parent pid: 20176
[20176:20164:0613/130930.877:VERBOSE1:chrome\updater\crash_reporter.cc:120] Crash handler launched and ready.
[20176:20164:0613/130930.878:VERBOSE1:chrome\updater\crash_client.cc:106] Found 0 completed crash reports
[20176:20164:0613/130930.879:VERBOSE1:chrome\updater\crash_client.cc:124] Found 0 pending crash reports
[20176:20164:0613/130930.879:VERBOSE2:chrome\updater\update_usage_stats_task_win.cc:41] usage stats enabled by app {8a69d345-d564-463c-aff1-a69d9e530f96}
[20176:20164:0613/130930.880:VERBOSE1:chrome\updater\updater.cc:90] Crash reporting initialized.
[20176:20164:0613/130930.882:VERBOSE1:chrome\updater\updater.cc:145] IsUserAdmin: 1, IsUserNonElevatedAdmin: 0, IsUACOn: 1, IsElevatedWithUACOn: 1, LUA: 1
[20176:20276:0613/130930.909:VERBOSE2:chrome\updater\app\server\win\updater_service_delegate.cc:60] Running COM server within the Windows Service
[20176:20276:0613/130930.909:VERBOSE2:chrome\updater\app\app_server.cc:57] ModeCheck
[20176:20276:0613/130930.909:VERBOSE2:chrome\updater\prefs.cc:89] CreateGlobalPrefsInternal
[20176:20276:0613/130930.910:VERBOSE1:chrome\updater\prefs.cc:135] UpdaterPrefsImpl (global): C:\Program Files (x86)\Google\GoogleUpdater
[20176:20276:0613/130930.910:VERBOSE2:chrome\updater\app\app_server.cc:70] This version: 138.0.7194.0, active version: 138.0.7194.0
[20176:20276:0613/130930.910:VERBOSE1:chrome\updater\win\setup\setup_util.cc:263] AreComInterfacesPresent: scope: System: is_internal: 0
[20176:20276:0613/130930.927:VERBOSE2:chrome\updater\win\setup\setup_util.cc:284] AreComInterfacesPresent: all interfaces present
[20176:20276:0613/130930.927:VERBOSE2:chrome\updater\prefs.cc:208] CreateLocalPrefs
[20176:20276:0613/130930.928:VERBOSE1:chrome\updater\prefs.cc:135] UpdaterPrefsImpl (local): C:\Program Files (x86)\Google\GoogleUpdater\138.0.7194.0
[20176:20276:0613/130930.928:VERBOSE1:chrome\enterprise_companion\device_management_storage\dm_storage_win.cc:242] GetDmToken: token not found.
[20176:20276:0613/130930.928:VERBOSE1:chrome\enterprise_companion\device_management_storage\dm_storage.cc:218] No valid DM token.
[20176:20276:0613/130930.941:VERBOSE1:chrome\updater\policy\service.cc:146] Current effective policies:
{
  LastCheckPeriod = 270 (Default)
}

[20176:20276:0613/130930.941:VERBOSE1:chrome\updater\prefs.cc:140] ~UpdaterPrefsImpl: C:\Program Files (x86)\Google\GoogleUpdater\138.0.7194.0
[20176:20276:0613/130930.966:VERBOSE2:chrome\updater\app\app_server_win.cc:300] Starting task, Microsoft::WRL::Module count: 2
[20176:20276:0613/130930.966:VERBOSE2:chrome\updater\util\win_util.cc:1433] OemInstallTime not found
[20176:20276:0613/130930.966:VERBOSE1:chrome\updater\update_service_impl_impl.cc:820] RunPeriodicTasks
[20176:20276:0613/130930.966:VERBOSE1:chrome\updater\update_service_impl_impl.cc:825] last_started updated.
[20176:20276:0613/130931.799:VERBOSE2:chrome\updater\util\win_util.cc:1239] Cohort values: 1:gu:, Stable, 
[20176:20256:0613/130932.166:VERBOSE2:chrome\updater\update_usage_stats_task_win.cc:41] usage stats enabled by app {8a69d345-d564-463c-aff1-a69d9e530f96}
[20176:20276:0613/130933.544:VERBOSE1:chrome\updater\update_service_impl_impl.cc:713] FetchPolicies
[20176:20256:0613/130933.544:VERBOSE1:chrome\enterprise_companion\device_management_storage\dm_storage_win.cc:242] GetDmToken: token not found.
[20176:20256:0613/130933.544:VERBOSE1:chrome\enterprise_companion\device_management_storage\dm_storage_win.cc:40] ReadRegistryString: failed to read registry: Software\Policies\Google\CloudManagement\@EnrollmentToken
[20176:20256:0613/130933.544:VERBOSE1:chrome\enterprise_companion\device_management_storage\dm_storage_win.cc:40] ReadRegistryString: failed to read registry: Software\Policies\Google\Chrome\@CloudManagementEnrollmentToken
[20176:20256:0613/130933.544:VERBOSE1:chrome\enterprise_companion\device_management_storage\dm_storage_win.cc:40] ReadRegistryString: failed to read registry: Software\Google\Update\Clients\{44fc7fe2-65ce-487c-93f4-edee46eeaaab}@CloudManagementEnrollmentToken
[20176:20256:0613/130933.544:VERBOSE1:chrome\enterprise_companion\device_management_storage\dm_storage_win.cc:40] ReadRegistryString: failed to read registry: Software\Google\Update\Clients\{430fd4d0-b729-4f61-aa34-91526481799d}@CloudManagementEnrollmentToken
[20176:20276:0613/130933.545:VERBOSE2:chrome\updater\policy\service.cc:182] Device is not CBCM managed, skipped policy fetch.
[20176:20276:0613/130933.545:VERBOSE1:chrome\updater\policy\service.cc:207] FetchPoliciesDone: 0
[20176:20276:0613/130933.545:VERBOSE1:chrome\updater\policy\service.cc:212] Policies after refresh:
{
  LastCheckPeriod = 270 (Default)
}

[20176:20276:0613/130933.897:INFO:chrome\updater\check_for_updates_task.cc:49] Skipping UpdateAll: last update was 0 minutes ago. check_delay == 324
[20176:20276:0613/130934.126:VERBOSE1:chrome\updater\update_service_impl_impl.cc:928] ForceInstall
[20176:20276:0613/130934.126:INFO:chrome\updater\update_service_impl_impl.cc:884] ForceInstall task complete: 0
[20380:20192:0613/130935.268:VERBOSE2:chrome\updater\ipc\update_service_proxy_win.cc:255] Run
[20380:20456:0613/130935.268:VERBOSE1:chrome\updater\ipc\update_service_proxy_win.cc:1048] ~UpdateServiceProxyImpl
[20380:20180:0613/130935.269:VERBOSE2:chrome\updater\ipc\proxy_impl_base_win.h:62] ~ProxyImplBase
[18988:20372:0613/130935.271:VERBOSE2:chrome\updater\ipc\update_service_internal_proxy_win.cc:65] Run result 0.
[20380:20444:0613/130935.271:VERBOSE2:chrome\updater\app\server\win\com_classes.cc:891] UpdaterInternalImpl::Run. IUpdaterInternalCallback::Run returned 0
[18988:18992:0613/130935.271:VERBOSE1:chrome\updater\ipc\update_service_internal_proxy_win.cc:148] ~UpdateServiceInternalProxyImpl
[18988:20336:0613/130935.271:VERBOSE2:chrome\updater\ipc\proxy_impl_base_win.h:62] ~ProxyImplBase
[18988:18992:0613/130935.273:VERBOSE1:chrome\updater\updater.cc:335] UpdaterMain (--wake) returned 0.
[20264:20268:0613/130935.280:VERBOSE1:chrome\updater\updater.cc:335] UpdaterMain (--crash-handler) returned 0.
[20176:20276:0613/130945.273:VERBOSE2:chrome\updater\app\app_server_win.cc:252] Stop: COM server is shutting down.
[20380:20456:0613/130945.273:VERBOSE2:chrome\updater\app\app_server_win.cc:252] Stop: COM server is shutting down.
[20380:20456:0613/130945.273:VERBOSE2:chrome\updater\app\app_server_win.cc:312] Completed task, Microsoft::WRL::Module count: 0
[20380:20444:0613/130945.273:VERBOSE1:chrome\updater\prefs.cc:235] Prefs committed.
[20380:20456:0613/130945.273:VERBOSE1:chrome\updater\prefs.cc:140] ~UpdaterPrefsImpl: C:\Program Files (x86)\Google\GoogleUpdater\138.0.7194.0
[20176:20276:0613/130945.273:VERBOSE2:chrome\updater\app\app_server_win.cc:312] Completed task, Microsoft::WRL::Module count: 0
[20176:20256:0613/130945.273:VERBOSE1:chrome\updater\prefs.cc:235] Prefs committed.
[20176:20276:0613/130945.273:VERBOSE1:chrome\updater\prefs.cc:140] ~UpdaterPrefsImpl: C:\Program Files (x86)\Google\GoogleUpdater
[20380:20384:0613/130945.275:VERBOSE1:chrome\updater\updater.cc:335] UpdaterMain (--windows-service) returned 0.
[20176:20164:0613/130945.275:VERBOSE1:chrome\updater\updater.cc:335] UpdaterMain (--windows-service) returned 0.
[19108:13068:0613/130945.284:VERBOSE1:chrome\updater\updater.cc:335] UpdaterMain (--crash-handler) returned 0.
[20400:20404:0613/130945.284:VERBOSE1:chrome\updater\updater.cc:335] UpdaterMain (--crash-handler) returned 0.
[5164:5168:0613/133827.188:VERBOSE1:chrome\updater\updater.cc:328] Version: 138.0.7194.0, opt, 32 bit (x86), command line: "C:\Program Files (x86)\Google\GoogleUpdater\138.0.7194.0\updater.exe" --system --windows-service --service=update
[5164:5168:0613/133827.188:VERBOSE1:chrome\updater\updater.cc:330] OS version: 10.0.22631.5472, System uptime (seconds): 25, parent pid: 960
[5196:5200:0613/133827.219:VERBOSE1:chrome\updater\updater.cc:328] Version: 138.0.7194.0, opt, 32 bit (x86), command line: "C:\Program Files (x86)\Google\GoogleUpdater\138.0.7194.0\updater.exe" --system --windows-service --service=update-internal
[5196:5200:0613/133827.219:VERBOSE1:chrome\updater\updater.cc:330] OS version: 10.0.22631.5472, System uptime (seconds): 25, parent pid: 960
[6400:6404:0613/133827.642:VERBOSE1:chrome\updater\updater.cc:328] Version: 138.0.7194.0, opt, 32 bit (x86), command line: "C:\Program Files (x86)\Google\GoogleUpdater\138.0.7194.0\updater.exe" --crash-handler --system "--database=C:\Program Files (x86)\Google\GoogleUpdater\138.0.7194.0\Crashpad" --url=https://clients2.google.com/cr/report --annotation=prod=Update4 --annotation=ver=138.0.7194.0 "--attachment=C:\Program Files (x86)\Google\GoogleUpdater\updater.log" --initial-client-data=0x2c8,0x2cc,0x2d0,0x2a4,0x2d4,0x7629c0,0x7629cc,0x7629d8
[6400:6404:0613/133827.642:VERBOSE1:chrome\updater\updater.cc:330] OS version: 10.0.22631.5472, System uptime (seconds): 25, parent pid: 5164
[5164:5168:0613/133827.705:VERBOSE1:chrome\updater\crash_reporter.cc:120] Crash handler launched and ready.
[5164:5168:0613/133827.705:VERBOSE1:chrome\updater\crash_client.cc:106] Found 0 completed crash reports
[5164:5168:0613/133827.705:VERBOSE1:chrome\updater\crash_client.cc:124] Found 0 pending crash reports
[5164:5168:0613/133827.705:VERBOSE2:chrome\updater\update_usage_stats_task_win.cc:41] usage stats enabled by app {8a69d345-d564-463c-aff1-a69d9e530f96}
[5164:5168:0613/133827.705:VERBOSE1:chrome\updater\updater.cc:90] Crash reporting initialized.
[6392:6396:0613/133827.815:VERBOSE1:chrome\updater\updater.cc:328] Version: 138.0.7194.0, opt, 32 bit (x86), command line: "C:\Program Files (x86)\Google\GoogleUpdater\138.0.7194.0\updater.exe" --crash-handler --system "--database=C:\Program Files (x86)\Google\GoogleUpdater\138.0.7194.0\Crashpad" --url=https://clients2.google.com/cr/report --annotation=prod=Update4 --annotation=ver=138.0.7194.0 "--attachment=C:\Program Files (x86)\Google\GoogleUpdater\updater.log" --initial-client-data=0x2c8,0x2cc,0x2d0,0x2a4,0x2d4,0x7629c0,0x7629cc,0x7629d8
[6392:6396:0613/133827.815:VERBOSE1:chrome\updater\updater.cc:330] OS version: 10.0.22631.5472, System uptime (seconds): 26, parent pid: 5196
[5164:5168:0613/133827.815:VERBOSE1:chrome\updater\updater.cc:145] IsUserAdmin: 1, IsUserNonElevatedAdmin: 0, IsUACOn: 0, IsElevatedWithUACOn: 0, LUA: 1
[5196:5200:0613/133827.878:VERBOSE1:chrome\updater\crash_reporter.cc:120] Crash handler launched and ready.
[5196:5200:0613/133827.878:VERBOSE1:chrome\updater\crash_client.cc:106] Found 0 completed crash reports
[5196:5200:0613/133827.878:VERBOSE1:chrome\updater\crash_client.cc:124] Found 0 pending crash reports
[5196:5200:0613/133827.878:VERBOSE2:chrome\updater\update_usage_stats_task_win.cc:41] usage stats enabled by app {8a69d345-d564-463c-aff1-a69d9e530f96}
[5196:5200:0613/133827.878:VERBOSE1:chrome\updater\updater.cc:90] Crash reporting initialized.
[5196:5200:0613/133827.878:VERBOSE1:chrome\updater\updater.cc:145] IsUserAdmin: 1, IsUserNonElevatedAdmin: 0, IsUACOn: 0, IsElevatedWithUACOn: 0, LUA: 1
[5196:6768:0613/133828.082:VERBOSE2:chrome\updater\app\server\win\updater_service_delegate.cc:65] Running Wake task from the Windows Service
[5196:6768:0613/133828.082:VERBOSE2:chrome\updater\app\server\win\updater_service_delegate.cc:27] Launching Wake command: "C:\Program Files (x86)\Google\GoogleUpdater\138.0.7194.0\updater.exe" --wake --system
[6792:6796:0613/133828.223:VERBOSE1:chrome\updater\updater.cc:328] Version: 138.0.7194.0, opt, 32 bit (x86), command line: "C:\Program Files (x86)\Google\GoogleUpdater\138.0.7194.0\updater.exe" --wake --system
[6792:6796:0613/133828.223:VERBOSE1:chrome\updater\updater.cc:330] OS version: 10.0.22631.5472, System uptime (seconds): 26, parent pid: 5196
[6884:6888:0613/133828.427:VERBOSE1:chrome\updater\updater.cc:328] Version: 138.0.7194.0, opt, 32 bit (x86), command line: "C:\Program Files (x86)\Google\GoogleUpdater\138.0.7194.0\updater.exe" --crash-handler --system "--database=C:\Program Files (x86)\Google\GoogleUpdater\138.0.7194.0\Crashpad" --url=https://clients2.google.com/cr/report --annotation=prod=Update4 --annotation=ver=138.0.7194.0 "--attachment=C:\Program Files (x86)\Google\GoogleUpdater\updater.log" --initial-client-data=0x2c8,0x2cc,0x2d0,0x2a4,0x2d4,0x7629c0,0x7629cc,0x7629d8
[6884:6888:0613/133828.427:VERBOSE1:chrome\updater\updater.cc:330] OS version: 10.0.22631.5472, System uptime (seconds): 26, parent pid: 6792
[6792:6796:0613/133828.474:VERBOSE1:chrome\updater\crash_reporter.cc:120] Crash handler launched and ready.
[6792:6796:0613/133828.474:VERBOSE1:chrome\updater\crash_client.cc:106] Found 0 completed crash reports
[6792:6796:0613/133828.474:VERBOSE1:chrome\updater\crash_client.cc:124] Found 0 pending crash reports
[6792:6796:0613/133828.474:VERBOSE2:chrome\updater\update_usage_stats_task_win.cc:41] usage stats enabled by app {8a69d345-d564-463c-aff1-a69d9e530f96}
[6792:6796:0613/133828.474:VERBOSE1:chrome\updater\updater.cc:90] Crash reporting initialized.
[6792:6796:0613/133828.474:VERBOSE1:chrome\updater\updater.cc:145] IsUserAdmin: 1, IsUserNonElevatedAdmin: 0, IsUACOn: 0, IsElevatedWithUACOn: 0, LUA: 1
[6792:6796:0613/133828.490:VERBOSE1:chrome\updater\ipc\update_service_internal_proxy_win.cc:156] Run
[7132:7136:0613/133828.850:VERBOSE1:chrome\updater\updater.cc:328] Version: 138.0.7194.0, opt, 32 bit (x86), command line: "C:\Program Files (x86)\Google\GoogleUpdater\138.0.7194.0\updater.exe" --system --windows-service --service=update-internal
[7132:7136:0613/133828.850:VERBOSE1:chrome\updater\updater.cc:330] OS version: 10.0.22631.5472, System uptime (seconds): 27, parent pid: 960
[5260:4316:0613/133828.944:VERBOSE1:chrome\updater\updater.cc:328] Version: 138.0.7194.0, opt, 32 bit (x86), command line: "C:\Program Files (x86)\Google\GoogleUpdater\138.0.7194.0\updater.exe" --crash-handler --system "--database=C:\Program Files (x86)\Google\GoogleUpdater\138.0.7194.0\Crashpad" --url=https://clients2.google.com/cr/report --annotation=prod=Update4 --annotation=ver=138.0.7194.0 "--attachment=C:\Program Files (x86)\Google\GoogleUpdater\updater.log" --initial-client-data=0x2c8,0x2cc,0x2d0,0x2a4,0x2d4,0x7629c0,0x7629cc,0x7629d8
[5260:4316:0613/133828.944:VERBOSE1:chrome\updater\updater.cc:330] OS version: 10.0.22631.5472, System uptime (seconds): 27, parent pid: 7132
[7132:7136:0613/133829.000:VERBOSE1:chrome\updater\crash_reporter.cc:120] Crash handler launched and ready.
[7132:7136:0613/133829.000:VERBOSE1:chrome\updater\crash_client.cc:106] Found 0 completed crash reports
[7132:7136:0613/133829.000:VERBOSE1:chrome\updater\crash_client.cc:124] Found 0 pending crash reports
[7132:7136:0613/133829.000:VERBOSE2:chrome\updater\update_usage_stats_task_win.cc:41] usage stats enabled by app {8a69d345-d564-463c-aff1-a69d9e530f96}
[7132:7136:0613/133829.000:VERBOSE1:chrome\updater\updater.cc:90] Crash reporting initialized.
[7132:7136:0613/133829.000:VERBOSE1:chrome\updater\updater.cc:145] IsUserAdmin: 1, IsUserNonElevatedAdmin: 0, IsUACOn: 0, IsElevatedWithUACOn: 0, LUA: 1
[7132:1408:0613/133829.101:VERBOSE2:chrome\updater\app\server\win\updater_service_delegate.cc:60] Running COM server within the Windows Service
[7132:1408:0613/133829.164:VERBOSE2:chrome\updater\app\app_server.cc:57] ModeCheck
[7132:1408:0613/133829.164:VERBOSE2:chrome\updater\prefs.cc:89] CreateGlobalPrefsInternal
[7132:1408:0613/133829.211:VERBOSE1:chrome\updater\prefs.cc:135] UpdaterPrefsImpl (global): C:\Program Files (x86)\Google\GoogleUpdater
[7132:1408:0613/133829.211:VERBOSE2:chrome\updater\app\app_server.cc:70] This version: 138.0.7194.0, active version: 138.0.7194.0
[7132:1408:0613/133829.211:VERBOSE1:chrome\updater\win\setup\setup_util.cc:263] AreComInterfacesPresent: scope: System: is_internal: 1
[7132:1408:0613/133829.227:VERBOSE2:chrome\updater\win\setup\setup_util.cc:284] AreComInterfacesPresent: all interfaces present
[7132:1408:0613/133829.227:VERBOSE2:chrome\updater\prefs.cc:208] CreateLocalPrefs
[7132:1408:0613/133829.227:VERBOSE1:chrome\updater\prefs.cc:135] UpdaterPrefsImpl (local): C:\Program Files (x86)\Google\GoogleUpdater\138.0.7194.0
[7132:1408:0613/133829.227:VERBOSE1:chrome\updater\prefs.cc:140] ~UpdaterPrefsImpl: C:\Program Files (x86)\Google\GoogleUpdater
[7132:1408:0613/133829.556:VERBOSE2:chrome\updater\app\app_server_win.cc:300] Starting task, Microsoft::WRL::Module count: 2
[7132:1408:0613/133829.556:VERBOSE1:chrome\updater\update_service_internal_impl.cc:25] Run
[7132:1408:0613/133829.556:VERBOSE1:chrome\updater\ipc\update_service_proxy_win.cc:1090] RunPeriodicTasks
[7296:7300:0613/133830.002:VERBOSE1:chrome\updater\updater.cc:328] Version: 138.0.7194.0, opt, 32 bit (x86), command line: "C:\Program Files (x86)\Google\GoogleUpdater\138.0.7194.0\updater.exe" --system --windows-service --service=update
[7296:7300:0613/133830.002:VERBOSE1:chrome\updater\updater.cc:330] OS version: 10.0.22631.5472, System uptime (seconds): 28, parent pid: 960
[5164:5168:0613/133830.168:VERBOSE1:chrome\updater\updater.cc:335] UpdaterMain (--windows-service) returned 0.
[5196:5200:0613/133830.168:VERBOSE1:chrome\updater\updater.cc:335] UpdaterMain (--windows-service) returned 0.
[7404:7408:0613/133830.638:VERBOSE1:chrome\updater\updater.cc:328] Version: 138.0.7194.0, opt, 32 bit (x86), command line: "C:\Program Files (x86)\Google\GoogleUpdater\138.0.7194.0\updater.exe" --crash-handler --system "--database=C:\Program Files (x86)\Google\GoogleUpdater\138.0.7194.0\Crashpad" --url=https://clients2.google.com/cr/report --annotation=prod=Update4 --annotation=ver=138.0.7194.0 "--attachment=C:\Program Files (x86)\Google\GoogleUpdater\updater.log" --initial-client-data=0x2c8,0x2cc,0x2d0,0x2a4,0x2d4,0x7629c0,0x7629cc,0x7629d8
[7404:7408:0613/133830.638:VERBOSE1:chrome\updater\updater.cc:330] OS version: 10.0.22631.5472, System uptime (seconds): 28, parent pid: 7296
[6392:6396:0613/133830.669:VERBOSE1:chrome\updater\updater.cc:335] UpdaterMain (--crash-handler) returned 0.
[7296:7300:0613/133830.669:VERBOSE1:chrome\updater\crash_reporter.cc:120] Crash handler launched and ready.
[7296:7300:0613/133830.669:VERBOSE1:chrome\updater\crash_client.cc:106] Found 0 completed crash reports
[7296:7300:0613/133830.669:VERBOSE1:chrome\updater\crash_client.cc:124] Found 0 pending crash reports
[7296:7300:0613/133830.669:VERBOSE2:chrome\updater\update_usage_stats_task_win.cc:41] usage stats enabled by app {8a69d345-d564-463c-aff1-a69d9e530f96}
[7296:7300:0613/133830.669:VERBOSE1:chrome\updater\updater.cc:90] Crash reporting initialized.
[7296:7300:0613/133830.669:VERBOSE1:chrome\updater\updater.cc:145] IsUserAdmin: 1, IsUserNonElevatedAdmin: 0, IsUACOn: 0, IsElevatedWithUACOn: 0, LUA: 1
[6400:6404:0613/133830.716:VERBOSE1:chrome\updater\updater.cc:335] UpdaterMain (--crash-handler) returned 0.
[7296:7852:0613/133830.748:VERBOSE2:chrome\updater\app\server\win\updater_service_delegate.cc:60] Running COM server within the Windows Service
[7296:7852:0613/133830.748:VERBOSE2:chrome\updater\app\app_server.cc:57] ModeCheck
[7296:7852:0613/133830.748:VERBOSE2:chrome\updater\prefs.cc:89] CreateGlobalPrefsInternal
[7296:7852:0613/133830.748:VERBOSE1:chrome\updater\prefs.cc:135] UpdaterPrefsImpl (global): C:\Program Files (x86)\Google\GoogleUpdater
[7296:7852:0613/133830.748:VERBOSE2:chrome\updater\app\app_server.cc:70] This version: 138.0.7194.0, active version: 138.0.7194.0
[7296:7852:0613/133830.748:VERBOSE1:chrome\updater\win\setup\setup_util.cc:263] AreComInterfacesPresent: scope: System: is_internal: 0
[7296:7852:0613/133830.795:VERBOSE2:chrome\updater\win\setup\setup_util.cc:284] AreComInterfacesPresent: all interfaces present
[7296:7852:0613/133830.795:VERBOSE2:chrome\updater\prefs.cc:208] CreateLocalPrefs
[7296:7852:0613/133830.795:VERBOSE1:chrome\updater\prefs.cc:135] UpdaterPrefsImpl (local): C:\Program Files (x86)\Google\GoogleUpdater\138.0.7194.0
[7296:7852:0613/133830.795:VERBOSE1:chrome\enterprise_companion\device_management_storage\dm_storage_win.cc:242] GetDmToken: token not found.
[7296:7852:0613/133830.795:VERBOSE1:chrome\enterprise_companion\device_management_storage\dm_storage.cc:218] No valid DM token.
[7740:7744:0613/133831.344:VERBOSE1:chrome\updater\updater.cc:328] Version: 138.0.7194.0, opt, 32 bit (x86), command line: "C:\Program Files (x86)\Google\GoogleUpdater\138.0.7194.0\updater.exe" --wake --system
[7296:7852:0613/133831.579:VERBOSE1:chrome\updater\policy\service.cc:146] Current effective policies:
{
  LastCheckPeriod = 270 (Default)
}

[7296:7852:0613/133831.705:VERBOSE1:chrome\updater\prefs.cc:140] ~UpdaterPrefsImpl: C:\Program Files (x86)\Google\GoogleUpdater\138.0.7194.0
[7296:7852:0613/133831.878:VERBOSE2:chrome\updater\app\app_server_win.cc:300] Starting task, Microsoft::WRL::Module count: 2
[7740:7744:0613/133831.972:VERBOSE1:chrome\updater\updater.cc:330] OS version: 10.0.22631.5472, System uptime (seconds): 30, parent pid: 2220
[7296:7852:0613/133832.019:VERBOSE2:chrome\updater\util\win_util.cc:1433] OemInstallTime not found
[7296:7852:0613/133832.160:VERBOSE1:chrome\updater\update_service_impl_impl.cc:820] RunPeriodicTasks
[7296:7852:0613/133832.160:VERBOSE1:chrome\updater\update_service_impl_impl.cc:825] last_started updated.
[7296:7852:0613/133833.164:VERBOSE2:chrome\updater\util\win_util.cc:1239] Cohort values: 1:gu:, Stable, 
[7296:7792:0613/133834.434:VERBOSE2:chrome\updater\update_usage_stats_task_win.cc:41] usage stats enabled by app {8a69d345-d564-463c-aff1-a69d9e530f96}
[7296:7852:0613/133835.265:VERBOSE1:chrome\updater\update_service_impl_impl.cc:713] FetchPolicies
[7296:7792:0613/133835.265:VERBOSE1:chrome\enterprise_companion\device_management_storage\dm_storage_win.cc:242] GetDmToken: token not found.
[7296:7792:0613/133835.265:VERBOSE1:chrome\enterprise_companion\device_management_storage\dm_storage_win.cc:40] ReadRegistryString: failed to read registry: Software\Policies\Google\CloudManagement\@EnrollmentToken
[7296:7792:0613/133835.265:VERBOSE1:chrome\enterprise_companion\device_management_storage\dm_storage_win.cc:40] ReadRegistryString: failed to read registry: Software\Policies\Google\Chrome\@CloudManagementEnrollmentToken
[7296:7792:0613/133835.265:VERBOSE1:chrome\enterprise_companion\device_management_storage\dm_storage_win.cc:40] ReadRegistryString: failed to read registry: Software\Google\Update\Clients\{44fc7fe2-65ce-487c-93f4-edee46eeaaab}@CloudManagementEnrollmentToken
[7296:7792:0613/133835.265:VERBOSE1:chrome\enterprise_companion\device_management_storage\dm_storage_win.cc:40] ReadRegistryString: failed to read registry: Software\Google\Update\Clients\{430fd4d0-b729-4f61-aa34-91526481799d}@CloudManagementEnrollmentToken
[7296:7852:0613/133835.265:VERBOSE2:chrome\updater\policy\service.cc:182] Device is not CBCM managed, skipped policy fetch.
[7296:7852:0613/133835.265:VERBOSE1:chrome\updater\policy\service.cc:207] FetchPoliciesDone: 0
[7296:7852:0613/133835.265:VERBOSE1:chrome\updater\policy\service.cc:212] Policies after refresh:
{
  LastCheckPeriod = 270 (Default)
}

[7296:7852:0613/133835.817:INFO:chrome\updater\check_for_updates_task.cc:49] Skipping UpdateAll: last update was 29 minutes ago. check_delay == 270
[7296:7852:0613/133836.363:VERBOSE1:chrome\updater\update_service_impl_impl.cc:928] ForceInstall
[7296:7852:0613/133836.363:INFO:chrome\updater\update_service_impl_impl.cc:884] ForceInstall task complete: 0
[7132:5804:0613/133837.571:VERBOSE2:chrome\updater\ipc\update_service_proxy_win.cc:255] Run
[7132:1408:0613/133837.571:VERBOSE1:chrome\updater\ipc\update_service_proxy_win.cc:1048] ~UpdateServiceProxyImpl
[7132:6360:0613/133837.571:VERBOSE2:chrome\updater\ipc\proxy_impl_base_win.h:62] ~ProxyImplBase
[6792:7128:0613/133837.571:VERBOSE2:chrome\updater\ipc\update_service_internal_proxy_win.cc:65] Run result 0.
[7132:1340:0613/133837.571:VERBOSE2:chrome\updater\app\server\win\com_classes.cc:891] UpdaterInternalImpl::Run. IUpdaterInternalCallback::Run returned 0
[6792:6796:0613/133837.571:VERBOSE1:chrome\updater\ipc\update_service_internal_proxy_win.cc:148] ~UpdateServiceInternalProxyImpl
[6792:6992:0613/133837.571:VERBOSE2:chrome\updater\ipc\proxy_impl_base_win.h:62] ~ProxyImplBase
[7132:1408:0613/133847.676:VERBOSE2:chrome\updater\app\app_server_win.cc:252] Stop: COM server is shutting down.
[7296:7852:0613/133847.676:VERBOSE2:chrome\updater\app\app_server_win.cc:252] Stop: COM server is shutting down.
[7132:1408:0613/133847.827:VERBOSE2:chrome\updater\app\app_server_win.cc:312] Completed task, Microsoft::WRL::Module count: 0
[7132:1340:0613/133847.827:VERBOSE1:chrome\updater\prefs.cc:235] Prefs committed.
[7132:1408:0613/133847.827:VERBOSE1:chrome\updater\prefs.cc:140] ~UpdaterPrefsImpl: C:\Program Files (x86)\Google\GoogleUpdater\138.0.7194.0
[7296:7852:0613/133848.366:VERBOSE2:chrome\updater\app\app_server_win.cc:312] Completed task, Microsoft::WRL::Module count: 0
[7296:7792:0613/133848.366:VERBOSE1:chrome\updater\prefs.cc:235] Prefs committed.
[7296:7852:0613/133848.366:VERBOSE1:chrome\updater\prefs.cc:140] ~UpdaterPrefsImpl: C:\Program Files (x86)\Google\GoogleUpdater
[8600:8604:0613/133851.353:VERBOSE1:chrome\updater\updater.cc:328] Version: 138.0.7194.0, opt, 32 bit (x86), command line: "C:\Program Files (x86)\Google\GoogleUpdater\138.0.7194.0\updater.exe" --crash-handler --system "--database=C:\Program Files (x86)\Google\GoogleUpdater\138.0.7194.0\Crashpad" --url=https://clients2.google.com/cr/report --annotation=prod=Update4 --annotation=ver=138.0.7194.0 "--attachment=C:\Program Files (x86)\Google\GoogleUpdater\updater.log" --initial-client-data=0x2c8,0x2cc,0x2d0,0x2a4,0x2d4,0x7629c0,0x7629cc,0x7629d8
[8600:8604:0613/133851.353:VERBOSE1:chrome\updater\updater.cc:330] OS version: 10.0.22631.5472, System uptime (seconds): 49, parent pid: 7740
[6792:6796:0613/133851.447:VERBOSE1:chrome\updater\updater.cc:335] UpdaterMain (--wake) returned 0.
[6884:6888:0613/133851.728:VERBOSE1:chrome\updater\updater.cc:335] UpdaterMain (--crash-handler) returned 0.
[7740:7744:0613/133856.259:VERBOSE1:chrome\updater\crash_reporter.cc:120] Crash handler launched and ready.
[7740:7744:0613/133856.337:VERBOSE1:chrome\updater\crash_client.cc:106] Found 0 completed crash reports
[7740:7744:0613/133856.337:VERBOSE1:chrome\updater\crash_client.cc:124] Found 0 pending crash reports
[7740:7744:0613/133856.337:VERBOSE2:chrome\updater\update_usage_stats_task_win.cc:41] usage stats enabled by app {8a69d345-d564-463c-aff1-a69d9e530f96}
[7740:7744:0613/133856.337:VERBOSE1:chrome\updater\updater.cc:90] Crash reporting initialized.
[7740:7744:0613/133856.337:VERBOSE1:chrome\updater\updater.cc:145] IsUserAdmin: 1, IsUserNonElevatedAdmin: 0, IsUACOn: 1, IsElevatedWithUACOn: 1, LUA: 1
[7740:7744:0613/133856.352:VERBOSE1:chrome\updater\ipc\update_service_internal_proxy_win.cc:156] Run
[12540:12544:0613/133857.055:VERBOSE1:chrome\updater\updater.cc:328] Version: 138.0.7194.0, opt, 32 bit (x86), command line: "C:\Program Files (x86)\Google\GoogleUpdater\138.0.7194.0\updater.exe" --system --windows-service --service=update-internal
[12540:12544:0613/133857.055:VERBOSE1:chrome\updater\updater.cc:330] OS version: 10.0.22631.5472, System uptime (seconds): 55, parent pid: 960
[12560:12564:0613/133857.211:VERBOSE1:chrome\updater\updater.cc:328] Version: 138.0.7194.0, opt, 32 bit (x86), command line: "C:\Program Files (x86)\Google\GoogleUpdater\138.0.7194.0\updater.exe" --crash-handler --system "--database=C:\Program Files (x86)\Google\GoogleUpdater\138.0.7194.0\Crashpad" --url=https://clients2.google.com/cr/report --annotation=prod=Update4 --annotation=ver=138.0.7194.0 "--attachment=C:\Program Files (x86)\Google\GoogleUpdater\updater.log" --initial-client-data=0x2cc,0x2d0,0x2d4,0x2a8,0x2d8,0x7629c0,0x7629cc,0x7629d8
[12560:12564:0613/133857.211:VERBOSE1:chrome\updater\updater.cc:330] OS version: 10.0.22631.5472, System uptime (seconds): 55, parent pid: 12540
[12540:12544:0613/133857.211:VERBOSE1:chrome\updater\crash_reporter.cc:120] Crash handler launched and ready.
[12540:12544:0613/133857.211:VERBOSE1:chrome\updater\crash_client.cc:106] Found 0 completed crash reports
[12540:12544:0613/133857.211:VERBOSE1:chrome\updater\crash_client.cc:124] Found 0 pending crash reports
[12540:12544:0613/133857.211:VERBOSE2:chrome\updater\update_usage_stats_task_win.cc:41] usage stats enabled by app {8a69d345-d564-463c-aff1-a69d9e530f96}
[12540:12544:0613/133857.211:VERBOSE1:chrome\updater\updater.cc:90] Crash reporting initialized.
[12540:12544:0613/133857.227:VERBOSE1:chrome\updater\updater.cc:145] IsUserAdmin: 1, IsUserNonElevatedAdmin: 0, IsUACOn: 1, IsElevatedWithUACOn: 1, LUA: 1
[12540:12628:0613/133857.258:VERBOSE2:chrome\updater\app\server\win\updater_service_delegate.cc:60] Running COM server within the Windows Service
[12540:12628:0613/133857.258:VERBOSE2:chrome\updater\app\app_server.cc:57] ModeCheck
[12540:12628:0613/133857.258:VERBOSE2:chrome\updater\prefs.cc:89] CreateGlobalPrefsInternal
[12540:12628:0613/133857.258:VERBOSE1:chrome\updater\prefs.cc:135] UpdaterPrefsImpl (global): C:\Program Files (x86)\Google\GoogleUpdater
[12540:12628:0613/133857.258:VERBOSE2:chrome\updater\app\app_server.cc:70] This version: 138.0.7194.0, active version: 138.0.7194.0
[12540:12628:0613/133857.258:VERBOSE1:chrome\updater\win\setup\setup_util.cc:263] AreComInterfacesPresent: scope: System: is_internal: 1
[12540:12628:0613/133857.258:VERBOSE2:chrome\updater\win\setup\setup_util.cc:284] AreComInterfacesPresent: all interfaces present
[12540:12628:0613/133857.258:VERBOSE2:chrome\updater\prefs.cc:208] CreateLocalPrefs
[12540:12628:0613/133857.258:VERBOSE1:chrome\updater\prefs.cc:135] UpdaterPrefsImpl (local): C:\Program Files (x86)\Google\GoogleUpdater\138.0.7194.0
[12540:12628:0613/133857.258:VERBOSE1:chrome\updater\prefs.cc:140] ~UpdaterPrefsImpl: C:\Program Files (x86)\Google\GoogleUpdater
[12540:12628:0613/133903.429:VERBOSE2:chrome\updater\app\app_server_win.cc:300] Starting task, Microsoft::WRL::Module count: 2
[12540:12628:0613/133903.429:VERBOSE1:chrome\updater\update_service_internal_impl.cc:25] Run
[12540:12628:0613/133903.429:VERBOSE1:chrome\updater\ipc\update_service_proxy_win.cc:1090] RunPeriodicTasks
[12428:12412:0613/133903.538:VERBOSE1:chrome\updater\updater.cc:328] Version: 138.0.7194.0, opt, 32 bit (x86), command line: "C:\Program Files (x86)\Google\GoogleUpdater\138.0.7194.0\updater.exe" --system --windows-service --service=update
[12428:12412:0613/133903.538:VERBOSE1:chrome\updater\updater.cc:330] OS version: 10.0.22631.5472, System uptime (seconds): 61, parent pid: 960
[5752:10532:0613/133903.663:VERBOSE1:chrome\updater\updater.cc:328] Version: 138.0.7194.0, opt, 32 bit (x86), command line: "C:\Program Files (x86)\Google\GoogleUpdater\138.0.7194.0\updater.exe" --crash-handler --system "--database=C:\Program Files (x86)\Google\GoogleUpdater\138.0.7194.0\Crashpad" --url=https://clients2.google.com/cr/report --annotation=prod=Update4 --annotation=ver=138.0.7194.0 "--attachment=C:\Program Files (x86)\Google\GoogleUpdater\updater.log" --initial-client-data=0x2cc,0x2d0,0x2d4,0x2a4,0x2d8,0x7629c0,0x7629cc,0x7629d8
[5752:10532:0613/133903.663:VERBOSE1:chrome\updater\updater.cc:330] OS version: 10.0.22631.5472, System uptime (seconds): 61, parent pid: 12428
[12428:12412:0613/133903.694:VERBOSE1:chrome\updater\crash_reporter.cc:120] Crash handler launched and ready.
[12428:12412:0613/133903.694:VERBOSE1:chrome\updater\crash_client.cc:106] Found 0 completed crash reports
[12428:12412:0613/133903.694:VERBOSE1:chrome\updater\crash_client.cc:124] Found 0 pending crash reports
[12428:12412:0613/133903.694:VERBOSE2:chrome\updater\update_usage_stats_task_win.cc:41] usage stats enabled by app {8a69d345-d564-463c-aff1-a69d9e530f96}
[12428:12412:0613/133903.694:VERBOSE1:chrome\updater\updater.cc:90] Crash reporting initialized.
[12428:12412:0613/133903.694:VERBOSE1:chrome\updater\updater.cc:145] IsUserAdmin: 1, IsUserNonElevatedAdmin: 0, IsUACOn: 1, IsElevatedWithUACOn: 1, LUA: 1
[12428:9288:0613/133903.725:VERBOSE2:chrome\updater\app\server\win\updater_service_delegate.cc:60] Running COM server within the Windows Service
[12428:9288:0613/133903.725:VERBOSE2:chrome\updater\app\app_server.cc:57] ModeCheck
[12428:9288:0613/133903.725:VERBOSE2:chrome\updater\prefs.cc:89] CreateGlobalPrefsInternal
[12428:9288:0613/133903.725:VERBOSE1:chrome\updater\prefs.cc:135] UpdaterPrefsImpl (global): C:\Program Files (x86)\Google\GoogleUpdater
[12428:9288:0613/133903.725:VERBOSE2:chrome\updater\app\app_server.cc:70] This version: 138.0.7194.0, active version: 138.0.7194.0
[12428:9288:0613/133903.725:VERBOSE1:chrome\updater\win\setup\setup_util.cc:263] AreComInterfacesPresent: scope: System: is_internal: 0
[12428:9288:0613/133903.757:VERBOSE2:chrome\updater\win\setup\setup_util.cc:284] AreComInterfacesPresent: all interfaces present
[12428:9288:0613/133903.757:VERBOSE2:chrome\updater\prefs.cc:208] CreateLocalPrefs
[12428:9288:0613/133903.757:VERBOSE1:chrome\updater\prefs.cc:135] UpdaterPrefsImpl (local): C:\Program Files (x86)\Google\GoogleUpdater\138.0.7194.0
[12428:9288:0613/133903.757:VERBOSE1:chrome\enterprise_companion\device_management_storage\dm_storage_win.cc:242] GetDmToken: token not found.
[12428:9288:0613/133903.757:VERBOSE1:chrome\enterprise_companion\device_management_storage\dm_storage.cc:218] No valid DM token.
[12428:9288:0613/133903.812:VERBOSE1:chrome\updater\policy\service.cc:146] Current effective policies:
{
  LastCheckPeriod = 270 (Default)
}

[12428:9288:0613/133903.812:VERBOSE1:chrome\updater\prefs.cc:140] ~UpdaterPrefsImpl: C:\Program Files (x86)\Google\GoogleUpdater\138.0.7194.0
[12428:9288:0613/133903.960:VERBOSE2:chrome\updater\app\app_server_win.cc:300] Starting task, Microsoft::WRL::Module count: 2
[12428:9288:0613/133903.960:VERBOSE2:chrome\updater\util\win_util.cc:1433] OemInstallTime not found
[12428:9288:0613/133903.960:VERBOSE1:chrome\updater\update_service_impl_impl.cc:820] RunPeriodicTasks
[12428:9288:0613/133903.960:VERBOSE1:chrome\updater\update_service_impl_impl.cc:825] last_started updated.
[7296:7300:0613/133904.710:VERBOSE1:chrome\updater\updater.cc:335] UpdaterMain (--windows-service) returned 0.
[7404:7408:0613/133904.725:VERBOSE1:chrome\updater\updater.cc:335] UpdaterMain (--crash-handler) returned 0.
[7132:7136:0613/133904.725:VERBOSE1:chrome\updater\updater.cc:335] UpdaterMain (--windows-service) returned 0.
[5260:4316:0613/133904.757:VERBOSE1:chrome\updater\updater.cc:335] UpdaterMain (--crash-handler) returned 0.
[12428:9288:0613/133904.897:VERBOSE2:chrome\updater\util\win_util.cc:1239] Cohort values: 1:gu:, Stable, 
[12428:6760:0613/133905.631:VERBOSE2:chrome\updater\update_usage_stats_task_win.cc:41] usage stats enabled by app {8a69d345-d564-463c-aff1-a69d9e530f96}
[12428:9288:0613/133906.522:VERBOSE1:chrome\updater\update_service_impl_impl.cc:713] FetchPolicies
[12428:6760:0613/133906.522:VERBOSE1:chrome\enterprise_companion\device_management_storage\dm_storage_win.cc:242] GetDmToken: token not found.
[12428:6760:0613/133906.522:VERBOSE1:chrome\enterprise_companion\device_management_storage\dm_storage_win.cc:40] ReadRegistryString: failed to read registry: Software\Policies\Google\CloudManagement\@EnrollmentToken
[12428:6760:0613/133906.522:VERBOSE1:chrome\enterprise_companion\device_management_storage\dm_storage_win.cc:40] ReadRegistryString: failed to read registry: Software\Policies\Google\Chrome\@CloudManagementEnrollmentToken
[12428:6760:0613/133906.522:VERBOSE1:chrome\enterprise_companion\device_management_storage\dm_storage_win.cc:40] ReadRegistryString: failed to read registry: Software\Google\Update\Clients\{44fc7fe2-65ce-487c-93f4-edee46eeaaab}@CloudManagementEnrollmentToken
[12428:6760:0613/133906.522:VERBOSE1:chrome\enterprise_companion\device_management_storage\dm_storage_win.cc:40] ReadRegistryString: failed to read registry: Software\Google\Update\Clients\{430fd4d0-b729-4f61-aa34-91526481799d}@CloudManagementEnrollmentToken
[12428:9288:0613/133906.522:VERBOSE2:chrome\updater\policy\service.cc:182] Device is not CBCM managed, skipped policy fetch.
[12428:9288:0613/133906.522:VERBOSE1:chrome\updater\policy\service.cc:207] FetchPoliciesDone: 0
[12428:9288:0613/133906.522:VERBOSE1:chrome\updater\policy\service.cc:212] Policies after refresh:
{
  LastCheckPeriod = 270 (Default)
}

[12428:9288:0613/133907.412:INFO:chrome\updater\check_for_updates_task.cc:49] Skipping UpdateAll: last update was 29 minutes ago. check_delay == 324
[12428:9288:0613/133908.224:VERBOSE1:chrome\updater\update_service_impl_impl.cc:928] ForceInstall
[12428:9288:0613/133908.224:INFO:chrome\updater\update_service_impl_impl.cc:884] ForceInstall task complete: 0
[12540:12636:0613/133909.661:VERBOSE2:chrome\updater\ipc\update_service_proxy_win.cc:255] Run
[12540:12628:0613/133909.661:VERBOSE1:chrome\updater\ipc\update_service_proxy_win.cc:1048] ~UpdateServiceProxyImpl
[12540:5948:0613/133909.661:VERBOSE2:chrome\updater\ipc\proxy_impl_base_win.h:62] ~ProxyImplBase
[7740:6688:0613/133909.661:VERBOSE2:chrome\updater\ipc\update_service_internal_proxy_win.cc:65] Run result 0.
[12540:12616:0613/133909.677:VERBOSE2:chrome\updater\app\server\win\com_classes.cc:891] UpdaterInternalImpl::Run. IUpdaterInternalCallback::Run returned 0
[7740:7744:0613/133909.677:VERBOSE1:chrome\updater\ipc\update_service_internal_proxy_win.cc:148] ~UpdateServiceInternalProxyImpl
[7740:12484:0613/133909.677:VERBOSE2:chrome\updater\ipc\proxy_impl_base_win.h:62] ~ProxyImplBase
[7740:7744:0613/133909.755:VERBOSE1:chrome\updater\updater.cc:335] UpdaterMain (--wake) returned 0.
[8600:8604:0613/133910.021:VERBOSE1:chrome\updater\updater.cc:335] UpdaterMain (--crash-handler) returned 0.
[12428:9288:0613/133919.676:VERBOSE2:chrome\updater\app\app_server_win.cc:252] Stop: COM server is shutting down.
[12428:9288:0613/133919.676:VERBOSE2:chrome\updater\app\app_server_win.cc:312] Completed task, Microsoft::WRL::Module count: 0
[12428:6760:0613/133919.676:VERBOSE1:chrome\updater\prefs.cc:235] Prefs committed.
[12428:9288:0613/133919.676:VERBOSE1:chrome\updater\prefs.cc:140] ~UpdaterPrefsImpl: C:\Program Files (x86)\Google\GoogleUpdater
[12540:12628:0613/133919.676:VERBOSE2:chrome\updater\app\app_server_win.cc:252] Stop: COM server is shutting down.
[12540:12628:0613/133919.676:VERBOSE2:chrome\updater\app\app_server_win.cc:312] Completed task, Microsoft::WRL::Module count: 0
[12540:12616:0613/133919.676:VERBOSE1:chrome\updater\prefs.cc:235] Prefs committed.
[12540:12628:0613/133919.676:VERBOSE1:chrome\updater\prefs.cc:140] ~UpdaterPrefsImpl: C:\Program Files (x86)\Google\GoogleUpdater\138.0.7194.0
[12540:12544:0613/133919.676:VERBOSE1:chrome\updater\updater.cc:335] UpdaterMain (--windows-service) returned 0.
[12428:12412:0613/133919.691:VERBOSE1:chrome\updater\updater.cc:335] UpdaterMain (--windows-service) returned 0.
[12560:12564:0613/133919.691:VERBOSE1:chrome\updater\updater.cc:335] UpdaterMain (--crash-handler) returned 0.
[5752:10532:0613/133919.707:VERBOSE1:chrome\updater\updater.cc:335] UpdaterMain (--crash-handler) returned 0.
[13696:4988:0613/134054.052:VERBOSE1:chrome\updater\updater.cc:328] Version: 138.0.7194.0, opt, 32 bit (x86), command line: "C:\Program Files (x86)\Google\GoogleUpdater\138.0.7194.0\updater.exe" --system --windows-service --service=update
[13696:4988:0613/134054.052:VERBOSE1:chrome\updater\updater.cc:330] OS version: 10.0.22631.5472, System uptime (seconds): 172, parent pid: 960
[6232:7304:0613/134054.242:VERBOSE1:chrome\updater\updater.cc:328] Version: 138.0.7194.0, opt, 32 bit (x86), command line: "C:\Program Files (x86)\Google\GoogleUpdater\138.0.7194.0\updater.exe" --crash-handler --system "--database=C:\Program Files (x86)\Google\GoogleUpdater\138.0.7194.0\Crashpad" --url=https://clients2.google.com/cr/report --annotation=prod=Update4 --annotation=ver=138.0.7194.0 "--attachment=C:\Program Files (x86)\Google\GoogleUpdater\updater.log" --initial-client-data=0x2c8,0x2cc,0x2d0,0x248,0x2d4,0x7629c0,0x7629cc,0x7629d8
[6232:7304:0613/134054.243:VERBOSE1:chrome\updater\updater.cc:330] OS version: 10.0.22631.5472, System uptime (seconds): 172, parent pid: 13696
[13696:4988:0613/134054.261:VERBOSE1:chrome\updater\crash_reporter.cc:120] Crash handler launched and ready.
[13696:4988:0613/134054.262:VERBOSE1:chrome\updater\crash_client.cc:106] Found 0 completed crash reports
[13696:4988:0613/134054.263:VERBOSE1:chrome\updater\crash_client.cc:124] Found 0 pending crash reports
[13696:4988:0613/134054.263:VERBOSE2:chrome\updater\update_usage_stats_task_win.cc:41] usage stats enabled by app {8a69d345-d564-463c-aff1-a69d9e530f96}
[13696:4988:0613/134054.265:VERBOSE1:chrome\updater\updater.cc:90] Crash reporting initialized.
[13696:4988:0613/134054.269:VERBOSE1:chrome\updater\updater.cc:145] IsUserAdmin: 1, IsUserNonElevatedAdmin: 0, IsUACOn: 1, IsElevatedWithUACOn: 1, LUA: 1
[13696:5792:0613/134054.394:VERBOSE2:chrome\updater\app\server\win\updater_service_delegate.cc:60] Running COM server within the Windows Service
[13696:5792:0613/134054.394:VERBOSE2:chrome\updater\app\app_server.cc:57] ModeCheck
[13696:5792:0613/134054.394:VERBOSE2:chrome\updater\prefs.cc:89] CreateGlobalPrefsInternal
[13696:5792:0613/134054.394:VERBOSE1:chrome\updater\prefs.cc:135] UpdaterPrefsImpl (global): C:\Program Files (x86)\Google\GoogleUpdater
[13696:5792:0613/134054.394:VERBOSE2:chrome\updater\app\app_server.cc:70] This version: 138.0.7194.0, active version: 138.0.7194.0
[13696:5792:0613/134054.394:VERBOSE1:chrome\updater\win\setup\setup_util.cc:263] AreComInterfacesPresent: scope: System: is_internal: 0
[13696:5792:0613/134054.503:VERBOSE2:chrome\updater\win\setup\setup_util.cc:284] AreComInterfacesPresent: all interfaces present
[13696:5792:0613/134054.503:VERBOSE2:chrome\updater\prefs.cc:208] CreateLocalPrefs
[13696:5792:0613/134054.503:VERBOSE1:chrome\updater\prefs.cc:135] UpdaterPrefsImpl (local): C:\Program Files (x86)\Google\GoogleUpdater\138.0.7194.0
[13696:5792:0613/134054.503:VERBOSE1:chrome\enterprise_companion\device_management_storage\dm_storage_win.cc:242] GetDmToken: token not found.
[13696:5792:0613/134054.503:VERBOSE1:chrome\enterprise_companion\device_management_storage\dm_storage.cc:218] No valid DM token.
[13696:5792:0613/134054.597:VERBOSE1:chrome\updater\policy\service.cc:146] Current effective policies:
{
  LastCheckPeriod = 270 (Default)
}

[13696:5792:0613/134054.597:VERBOSE1:chrome\updater\prefs.cc:140] ~UpdaterPrefsImpl: C:\Program Files (x86)\Google\GoogleUpdater\138.0.7194.0
[13696:5792:0613/134054.801:VERBOSE2:chrome\updater\app\app_server_win.cc:300] Starting task, Microsoft::WRL::Module count: 2
[13696:5792:0613/134054.802:VERBOSE2:chrome\updater\util\win_util.cc:1433] OemInstallTime not found
[13696:5792:0613/134054.802:VERBOSE1:chrome\updater\update_service_impl_impl.cc:820] RunPeriodicTasks
[13696:5792:0613/134054.802:VERBOSE1:chrome\updater\update_service_impl_impl.cc:825] last_started updated.
[13696:5792:0613/134055.477:VERBOSE2:chrome\updater\util\win_util.cc:1239] Cohort values: 1:gu:, Stable, 
[13696:4432:0613/134056.705:VERBOSE2:chrome\updater\update_usage_stats_task_win.cc:41] usage stats enabled by app {8a69d345-d564-463c-aff1-a69d9e530f96}
[13696:5792:0613/134057.618:VERBOSE1:chrome\updater\update_service_impl_impl.cc:713] FetchPolicies
[13696:4432:0613/134057.618:VERBOSE1:chrome\enterprise_companion\device_management_storage\dm_storage_win.cc:242] GetDmToken: token not found.
[13696:4432:0613/134057.618:VERBOSE1:chrome\enterprise_companion\device_management_storage\dm_storage_win.cc:40] ReadRegistryString: failed to read registry: Software\Policies\Google\CloudManagement\@EnrollmentToken
[13696:4432:0613/134057.618:VERBOSE1:chrome\enterprise_companion\device_management_storage\dm_storage_win.cc:40] ReadRegistryString: failed to read registry: Software\Policies\Google\Chrome\@CloudManagementEnrollmentToken
[13696:4432:0613/134057.618:VERBOSE1:chrome\enterprise_companion\device_management_storage\dm_storage_win.cc:40] ReadRegistryString: failed to read registry: Software\Google\Update\Clients\{44fc7fe2-65ce-487c-93f4-edee46eeaaab}@CloudManagementEnrollmentToken
[13696:4432:0613/134057.618:VERBOSE1:chrome\enterprise_companion\device_management_storage\dm_storage_win.cc:40] ReadRegistryString: failed to read registry: Software\Google\Update\Clients\{430fd4d0-b729-4f61-aa34-91526481799d}@CloudManagementEnrollmentToken
[13696:5792:0613/134057.618:VERBOSE2:chrome\updater\policy\service.cc:182] Device is not CBCM managed, skipped policy fetch.
[13696:5792:0613/134057.618:VERBOSE1:chrome\updater\policy\service.cc:207] FetchPoliciesDone: 0
[13696:5792:0613/134057.618:VERBOSE1:chrome\updater\policy\service.cc:212] Policies after refresh:
{
  LastCheckPeriod = 270 (Default)
}

[13696:5792:0613/134058.474:INFO:chrome\updater\check_for_updates_task.cc:49] Skipping UpdateAll: last update was 31 minutes ago. check_delay == 270
[13696:5792:0613/134058.568:VERBOSE1:chrome\updater\update_service_impl_impl.cc:928] ForceInstall
[13696:5792:0613/134058.568:INFO:chrome\updater\update_service_impl_impl.cc:884] ForceInstall task complete: 0
[13696:5792:0613/134109.516:VERBOSE2:chrome\updater\app\app_server_win.cc:252] Stop: COM server is shutting down.
[13696:5792:0613/134109.601:VERBOSE2:chrome\updater\app\app_server_win.cc:312] Completed task, Microsoft::WRL::Module count: 0
[13696:4432:0613/134109.601:VERBOSE1:chrome\updater\prefs.cc:235] Prefs committed.
[13696:5792:0613/134109.601:VERBOSE1:chrome\updater\prefs.cc:140] ~UpdaterPrefsImpl: C:\Program Files (x86)\Google\GoogleUpdater
[13696:4988:0613/134130.728:VERBOSE1:chrome\updater\updater.cc:335] UpdaterMain (--windows-service) returned 0.
[6232:7304:0613/134130.741:VERBOSE1:chrome\updater\updater.cc:335] UpdaterMain (--crash-handler) returned 0.
[6932:13336:0613/135713.612:VERBOSE1:chrome\updater\updater.cc:328] Version: 138.0.7194.0, opt, 32 bit (x86), command line: "C:\Program Files (x86)\Google\GoogleUpdater\138.0.7194.0\updater.exe" --system --windows-service --service=update
[6932:13336:0613/135713.613:VERBOSE1:chrome\updater\updater.cc:330] OS version: 10.0.22631.5472, System uptime (seconds): 1151, parent pid: 960
[15840:5776:0613/135713.823:VERBOSE1:chrome\updater\updater.cc:328] Version: 138.0.7194.0, opt, 32 bit (x86), command line: "C:\Program Files (x86)\Google\GoogleUpdater\138.0.7194.0\updater.exe" --crash-handler --system "--database=C:\Program Files (x86)\Google\GoogleUpdater\138.0.7194.0\Crashpad" --url=https://clients2.google.com/cr/report --annotation=prod=Update4 --annotation=ver=138.0.7194.0 "--attachment=C:\Program Files (x86)\Google\GoogleUpdater\updater.log" --initial-client-data=0x2c8,0x2cc,0x2d0,0x2a4,0x2d4,0x7629c0,0x7629cc,0x7629d8
[15840:5776:0613/135713.823:VERBOSE1:chrome\updater\updater.cc:330] OS version: 10.0.22631.5472, System uptime (seconds): 1152, parent pid: 6932
[6932:13336:0613/135713.830:VERBOSE1:chrome\updater\crash_reporter.cc:120] Crash handler launched and ready.
[6932:13336:0613/135713.831:VERBOSE1:chrome\updater\crash_client.cc:106] Found 0 completed crash reports
[6932:13336:0613/135713.832:VERBOSE1:chrome\updater\crash_client.cc:124] Found 0 pending crash reports
[6932:13336:0613/135713.832:VERBOSE2:chrome\updater\update_usage_stats_task_win.cc:41] usage stats enabled by app {8a69d345-d564-463c-aff1-a69d9e530f96}
[6932:13336:0613/135713.834:VERBOSE1:chrome\updater\updater.cc:90] Crash reporting initialized.
[6932:13336:0613/135713.845:VERBOSE1:chrome\updater\updater.cc:145] IsUserAdmin: 1, IsUserNonElevatedAdmin: 0, IsUACOn: 1, IsElevatedWithUACOn: 1, LUA: 1
[6932:2140:0613/135713.904:VERBOSE2:chrome\updater\app\server\win\updater_service_delegate.cc:60] Running COM server within the Windows Service
[6932:2140:0613/135713.904:VERBOSE2:chrome\updater\app\app_server.cc:57] ModeCheck
[6932:2140:0613/135713.904:VERBOSE2:chrome\updater\prefs.cc:89] CreateGlobalPrefsInternal
[6932:2140:0613/135713.904:VERBOSE1:chrome\updater\prefs.cc:135] UpdaterPrefsImpl (global): C:\Program Files (x86)\Google\GoogleUpdater
[6932:2140:0613/135713.904:VERBOSE2:chrome\updater\app\app_server.cc:70] This version: 138.0.7194.0, active version: 138.0.7194.0
[6932:2140:0613/135713.904:VERBOSE1:chrome\updater\win\setup\setup_util.cc:263] AreComInterfacesPresent: scope: System: is_internal: 0
[6932:2140:0613/135713.962:VERBOSE2:chrome\updater\win\setup\setup_util.cc:284] AreComInterfacesPresent: all interfaces present
[6932:2140:0613/135713.962:VERBOSE2:chrome\updater\prefs.cc:208] CreateLocalPrefs
[6932:2140:0613/135713.965:VERBOSE1:chrome\updater\prefs.cc:135] UpdaterPrefsImpl (local): C:\Program Files (x86)\Google\GoogleUpdater\138.0.7194.0
[6932:2140:0613/135713.966:VERBOSE1:chrome\enterprise_companion\device_management_storage\dm_storage_win.cc:242] GetDmToken: token not found.
[6932:2140:0613/135713.966:VERBOSE1:chrome\enterprise_companion\device_management_storage\dm_storage.cc:218] No valid DM token.
[6932:2140:0613/135714.009:VERBOSE1:chrome\updater\policy\service.cc:146] Current effective policies:
{
  LastCheckPeriod = 270 (Default)
}

[6932:2140:0613/135714.009:VERBOSE1:chrome\updater\prefs.cc:140] ~UpdaterPrefsImpl: C:\Program Files (x86)\Google\GoogleUpdater\138.0.7194.0
[6932:2140:0613/135714.088:VERBOSE2:chrome\updater\app\app_server_win.cc:300] Starting task, Microsoft::WRL::Module count: 2
[6932:2140:0613/135714.088:VERBOSE2:chrome\updater\util\win_util.cc:1433] OemInstallTime not found
[6932:2140:0613/135714.088:VERBOSE1:chrome\updater\update_service_impl_impl.cc:820] RunPeriodicTasks
[6932:2140:0613/135714.088:VERBOSE1:chrome\updater\update_service_impl_impl.cc:825] last_started updated.
[6932:2140:0613/135714.585:VERBOSE2:chrome\updater\util\win_util.cc:1239] Cohort values: 1:gu:, Stable, 
[6932:8156:0613/135715.154:VERBOSE2:chrome\updater\update_usage_stats_task_win.cc:41] usage stats enabled by app {8a69d345-d564-463c-aff1-a69d9e530f96}
[6932:2140:0613/135716.736:VERBOSE1:chrome\updater\update_service_impl_impl.cc:713] FetchPolicies
[6932:8156:0613/135716.736:VERBOSE1:chrome\enterprise_companion\device_management_storage\dm_storage_win.cc:242] GetDmToken: token not found.
[6932:8156:0613/135716.736:VERBOSE1:chrome\enterprise_companion\device_management_storage\dm_storage_win.cc:40] ReadRegistryString: failed to read registry: Software\Policies\Google\CloudManagement\@EnrollmentToken
[6932:8156:0613/135716.738:VERBOSE1:chrome\enterprise_companion\device_management_storage\dm_storage_win.cc:40] ReadRegistryString: failed to read registry: Software\Policies\Google\Chrome\@CloudManagementEnrollmentToken
[6932:8156:0613/135716.738:VERBOSE1:chrome\enterprise_companion\device_management_storage\dm_storage_win.cc:40] ReadRegistryString: failed to read registry: Software\Google\Update\Clients\{44fc7fe2-65ce-487c-93f4-edee46eeaaab}@CloudManagementEnrollmentToken
[6932:8156:0613/135716.739:VERBOSE1:chrome\enterprise_companion\device_management_storage\dm_storage_win.cc:40] ReadRegistryString: failed to read registry: Software\Google\Update\Clients\{430fd4d0-b729-4f61-aa34-91526481799d}@CloudManagementEnrollmentToken
[6932:2140:0613/135716.739:VERBOSE2:chrome\updater\policy\service.cc:182] Device is not CBCM managed, skipped policy fetch.
[6932:2140:0613/135716.739:VERBOSE1:chrome\updater\policy\service.cc:207] FetchPoliciesDone: 0
[6932:2140:0613/135716.739:VERBOSE1:chrome\updater\policy\service.cc:212] Policies after refresh:
{
  LastCheckPeriod = 270 (Default)
}

[6932:2140:0613/135717.623:INFO:chrome\updater\check_for_updates_task.cc:49] Skipping UpdateAll: last update was 47 minutes ago. check_delay == 270
[6932:2140:0613/135718.322:VERBOSE1:chrome\updater\update_service_impl_impl.cc:928] ForceInstall
[6932:2140:0613/135718.322:INFO:chrome\updater\update_service_impl_impl.cc:884] ForceInstall task complete: 0
[6932:2140:0613/135728.803:VERBOSE2:chrome\updater\app\app_server_win.cc:252] Stop: COM server is shutting down.
[6932:2140:0613/135728.805:VERBOSE2:chrome\updater\app\app_server_win.cc:312] Completed task, Microsoft::WRL::Module count: 0
[6932:8156:0613/135728.805:VERBOSE1:chrome\updater\prefs.cc:235] Prefs committed.
[6932:2140:0613/135728.805:VERBOSE1:chrome\updater\prefs.cc:140] ~UpdaterPrefsImpl: C:\Program Files (x86)\Google\GoogleUpdater
[6932:13336:0613/135728.872:VERBOSE1:chrome\updater\updater.cc:335] UpdaterMain (--windows-service) returned 0.
[15840:5776:0613/135728.893:VERBOSE1:chrome\updater\updater.cc:335] UpdaterMain (--crash-handler) returned 0.
[7672:2916:0613/140226.161:VERBOSE1:chrome\updater\updater.cc:328] Version: 138.0.7194.0, opt, 32 bit (x86), command line: "C:\Program Files (x86)\Google\GoogleUpdater\138.0.7194.0\updater.exe" --wake --system
[7672:2916:0613/140226.161:VERBOSE1:chrome\updater\updater.cc:330] OS version: 10.0.22631.5472, System uptime (seconds): 1464, parent pid: 2220
[7324:11044:0613/140228.432:VERBOSE1:chrome\updater\updater.cc:328] Version: 138.0.7194.0, opt, 32 bit (x86), command line: "C:\Program Files (x86)\Google\GoogleUpdater\138.0.7194.0\updater.exe" --crash-handler --system "--database=C:\Program Files (x86)\Google\GoogleUpdater\138.0.7194.0\Crashpad" --url=https://clients2.google.com/cr/report --annotation=prod=Update4 --annotation=ver=138.0.7194.0 "--attachment=C:\Program Files (x86)\Google\GoogleUpdater\updater.log" --initial-client-data=0x2d4,0x2d8,0x2dc,0x2b4,0x2e0,0x7629c0,0x7629cc,0x7629d8
[7324:11044:0613/140228.432:VERBOSE1:chrome\updater\updater.cc:330] OS version: 10.0.22631.5472, System uptime (seconds): 1466, parent pid: 7672
[7672:2916:0613/140229.104:VERBOSE1:chrome\updater\crash_reporter.cc:120] Crash handler launched and ready.
[7672:2916:0613/140229.114:VERBOSE1:chrome\updater\crash_client.cc:106] Found 0 completed crash reports
[7672:2916:0613/140229.114:VERBOSE1:chrome\updater\crash_client.cc:124] Found 0 pending crash reports
[7672:2916:0613/140229.115:VERBOSE2:chrome\updater\update_usage_stats_task_win.cc:41] usage stats enabled by app {8a69d345-d564-463c-aff1-a69d9e530f96}
[7672:2916:0613/140229.117:VERBOSE1:chrome\updater\updater.cc:90] Crash reporting initialized.
[7672:2916:0613/140229.125:VERBOSE1:chrome\updater\updater.cc:145] IsUserAdmin: 1, IsUserNonElevatedAdmin: 0, IsUACOn: 1, IsElevatedWithUACOn: 1, LUA: 1
[7672:2916:0613/140229.182:VERBOSE1:chrome\updater\ipc\update_service_internal_proxy_win.cc:156] Run
[2612:1152:0613/140229.443:VERBOSE1:chrome\updater\updater.cc:328] Version: 138.0.7194.0, opt, 32 bit (x86), command line: "C:\Program Files (x86)\Google\GoogleUpdater\138.0.7194.0\updater.exe" --system --windows-service --service=update-internal
[2612:1152:0613/140229.443:VERBOSE1:chrome\updater\updater.cc:330] OS version: 10.0.22631.5472, System uptime (seconds): 1467, parent pid: 960
[9480:15272:0613/140229.650:VERBOSE1:chrome\updater\updater.cc:328] Version: 138.0.7194.0, opt, 32 bit (x86), command line: "C:\Program Files (x86)\Google\GoogleUpdater\138.0.7194.0\updater.exe" --crash-handler --system "--database=C:\Program Files (x86)\Google\GoogleUpdater\138.0.7194.0\Crashpad" --url=https://clients2.google.com/cr/report --annotation=prod=Update4 --annotation=ver=138.0.7194.0 "--attachment=C:\Program Files (x86)\Google\GoogleUpdater\updater.log" --initial-client-data=0x2cc,0x2d0,0x2d4,0x2a8,0x2d8,0x7629c0,0x7629cc,0x7629d8
[9480:15272:0613/140229.651:VERBOSE1:chrome\updater\updater.cc:330] OS version: 10.0.22631.5472, System uptime (seconds): 1467, parent pid: 2612
[2612:1152:0613/140229.666:VERBOSE1:chrome\updater\crash_reporter.cc:120] Crash handler launched and ready.
[2612:1152:0613/140229.667:VERBOSE1:chrome\updater\crash_client.cc:106] Found 0 completed crash reports
[2612:1152:0613/140229.667:VERBOSE1:chrome\updater\crash_client.cc:124] Found 0 pending crash reports
[2612:1152:0613/140229.668:VERBOSE2:chrome\updater\update_usage_stats_task_win.cc:41] usage stats enabled by app {8a69d345-d564-463c-aff1-a69d9e530f96}
[2612:1152:0613/140229.669:VERBOSE1:chrome\updater\updater.cc:90] Crash reporting initialized.
[2612:1152:0613/140229.674:VERBOSE1:chrome\updater\updater.cc:145] IsUserAdmin: 1, IsUserNonElevatedAdmin: 0, IsUACOn: 1, IsElevatedWithUACOn: 1, LUA: 1
[2612:2852:0613/140229.812:VERBOSE2:chrome\updater\app\server\win\updater_service_delegate.cc:60] Running COM server within the Windows Service
[2612:2852:0613/140229.812:VERBOSE2:chrome\updater\app\app_server.cc:57] ModeCheck
[2612:2852:0613/140229.812:VERBOSE2:chrome\updater\prefs.cc:89] CreateGlobalPrefsInternal
[2612:2852:0613/140229.814:VERBOSE1:chrome\updater\prefs.cc:135] UpdaterPrefsImpl (global): C:\Program Files (x86)\Google\GoogleUpdater
[2612:2852:0613/140229.814:VERBOSE2:chrome\updater\app\app_server.cc:70] This version: 138.0.7194.0, active version: 138.0.7194.0
[2612:2852:0613/140229.814:VERBOSE1:chrome\updater\win\setup\setup_util.cc:263] AreComInterfacesPresent: scope: System: is_internal: 1
[2612:2852:0613/140229.816:VERBOSE2:chrome\updater\win\setup\setup_util.cc:284] AreComInterfacesPresent: all interfaces present
[2612:2852:0613/140229.816:VERBOSE2:chrome\updater\prefs.cc:208] CreateLocalPrefs
[2612:2852:0613/140229.817:VERBOSE1:chrome\updater\prefs.cc:135] UpdaterPrefsImpl (local): C:\Program Files (x86)\Google\GoogleUpdater\138.0.7194.0
[2612:2852:0613/140229.817:VERBOSE1:chrome\updater\prefs.cc:140] ~UpdaterPrefsImpl: C:\Program Files (x86)\Google\GoogleUpdater
[2612:2852:0613/140229.922:VERBOSE2:chrome\updater\app\app_server_win.cc:300] Starting task, Microsoft::WRL::Module count: 2
[2612:2852:0613/140229.922:VERBOSE1:chrome\updater\update_service_internal_impl.cc:25] Run
[2612:2852:0613/140229.922:VERBOSE1:chrome\updater\ipc\update_service_proxy_win.cc:1090] RunPeriodicTasks
[9496:15308:0613/140230.041:VERBOSE1:chrome\updater\updater.cc:328] Version: 138.0.7194.0, opt, 32 bit (x86), command line: "C:\Program Files (x86)\Google\GoogleUpdater\138.0.7194.0\updater.exe" --system --windows-service --service=update
[9496:15308:0613/140230.041:VERBOSE1:chrome\updater\updater.cc:330] OS version: 10.0.22631.5472, System uptime (seconds): 1468, parent pid: 960
[6880:2576:0613/140230.157:VERBOSE1:chrome\updater\updater.cc:328] Version: 138.0.7194.0, opt, 32 bit (x86), command line: "C:\Program Files (x86)\Google\GoogleUpdater\138.0.7194.0\updater.exe" --crash-handler --system "--database=C:\Program Files (x86)\Google\GoogleUpdater\138.0.7194.0\Crashpad" --url=https://clients2.google.com/cr/report --annotation=prod=Update4 --annotation=ver=138.0.7194.0 "--attachment=C:\Program Files (x86)\Google\GoogleUpdater\updater.log" --initial-client-data=0x2c8,0x2cc,0x2d0,0x2a4,0x2d4,0x7629c0,0x7629cc,0x7629d8
[6880:2576:0613/140230.158:VERBOSE1:chrome\updater\updater.cc:330] OS version: 10.0.22631.5472, System uptime (seconds): 1468, parent pid: 9496
[9496:15308:0613/140230.160:VERBOSE1:chrome\updater\crash_reporter.cc:120] Crash handler launched and ready.
[9496:15308:0613/140230.162:VERBOSE1:chrome\updater\crash_client.cc:106] Found 0 completed crash reports
[9496:15308:0613/140230.162:VERBOSE1:chrome\updater\crash_client.cc:124] Found 0 pending crash reports
[9496:15308:0613/140230.163:VERBOSE2:chrome\updater\update_usage_stats_task_win.cc:41] usage stats enabled by app {8a69d345-d564-463c-aff1-a69d9e530f96}
[9496:15308:0613/140230.165:VERBOSE1:chrome\updater\updater.cc:90] Crash reporting initialized.
[9496:15308:0613/140230.168:VERBOSE1:chrome\updater\updater.cc:145] IsUserAdmin: 1, IsUserNonElevatedAdmin: 0, IsUACOn: 1, IsElevatedWithUACOn: 1, LUA: 1
[9496:12648:0613/140230.230:VERBOSE2:chrome\updater\app\server\win\updater_service_delegate.cc:60] Running COM server within the Windows Service
[9496:12648:0613/140230.230:VERBOSE2:chrome\updater\app\app_server.cc:57] ModeCheck
[9496:12648:0613/140230.230:VERBOSE2:chrome\updater\prefs.cc:89] CreateGlobalPrefsInternal
[9496:12648:0613/140230.232:VERBOSE1:chrome\updater\prefs.cc:135] UpdaterPrefsImpl (global): C:\Program Files (x86)\Google\GoogleUpdater
[9496:12648:0613/140230.232:VERBOSE2:chrome\updater\app\app_server.cc:70] This version: 138.0.7194.0, active version: 138.0.7194.0
[9496:12648:0613/140230.232:VERBOSE1:chrome\updater\win\setup\setup_util.cc:263] AreComInterfacesPresent: scope: System: is_internal: 0
[9496:12648:0613/140230.291:VERBOSE2:chrome\updater\win\setup\setup_util.cc:284] AreComInterfacesPresent: all interfaces present
[9496:12648:0613/140230.291:VERBOSE2:chrome\updater\prefs.cc:208] CreateLocalPrefs
[9496:12648:0613/140230.292:VERBOSE1:chrome\updater\prefs.cc:135] UpdaterPrefsImpl (local): C:\Program Files (x86)\Google\GoogleUpdater\138.0.7194.0
[9496:12648:0613/140230.292:VERBOSE1:chrome\enterprise_companion\device_management_storage\dm_storage_win.cc:242] GetDmToken: token not found.
[9496:12648:0613/140230.292:VERBOSE1:chrome\enterprise_companion\device_management_storage\dm_storage.cc:218] No valid DM token.
[9496:12648:0613/140230.335:VERBOSE1:chrome\updater\policy\service.cc:146] Current effective policies:
{
  LastCheckPeriod = 270 (Default)
}

[9496:12648:0613/140230.335:VERBOSE1:chrome\updater\prefs.cc:140] ~UpdaterPrefsImpl: C:\Program Files (x86)\Google\GoogleUpdater\138.0.7194.0
[9496:12648:0613/140230.398:VERBOSE2:chrome\updater\app\app_server_win.cc:300] Starting task, Microsoft::WRL::Module count: 2
[9496:12648:0613/140230.398:VERBOSE2:chrome\updater\util\win_util.cc:1433] OemInstallTime not found
[9496:12648:0613/140230.398:VERBOSE1:chrome\updater\update_service_impl_impl.cc:820] RunPeriodicTasks
[9496:12648:0613/140230.399:VERBOSE1:chrome\updater\update_service_impl_impl.cc:825] last_started updated.
[9496:12648:0613/140231.295:VERBOSE2:chrome\updater\util\win_util.cc:1239] Cohort values: 1:gu:, Stable, 
[9496:13664:0613/140232.120:VERBOSE2:chrome\updater\update_usage_stats_task_win.cc:41] usage stats enabled by app {8a69d345-d564-463c-aff1-a69d9e530f96}
[9496:12648:0613/140232.689:VERBOSE1:chrome\updater\update_service_impl_impl.cc:713] FetchPolicies
[9496:13664:0613/140232.689:VERBOSE1:chrome\enterprise_companion\device_management_storage\dm_storage_win.cc:242] GetDmToken: token not found.
[9496:13664:0613/140232.690:VERBOSE1:chrome\enterprise_companion\device_management_storage\dm_storage_win.cc:40] ReadRegistryString: failed to read registry: Software\Policies\Google\CloudManagement\@EnrollmentToken
[9496:13664:0613/140232.690:VERBOSE1:chrome\enterprise_companion\device_management_storage\dm_storage_win.cc:40] ReadRegistryString: failed to read registry: Software\Policies\Google\Chrome\@CloudManagementEnrollmentToken
[9496:13664:0613/140232.690:VERBOSE1:chrome\enterprise_companion\device_management_storage\dm_storage_win.cc:40] ReadRegistryString: failed to read registry: Software\Google\Update\Clients\{44fc7fe2-65ce-487c-93f4-edee46eeaaab}@CloudManagementEnrollmentToken
[9496:13664:0613/140232.690:VERBOSE1:chrome\enterprise_companion\device_management_storage\dm_storage_win.cc:40] ReadRegistryString: failed to read registry: Software\Google\Update\Clients\{430fd4d0-b729-4f61-aa34-91526481799d}@CloudManagementEnrollmentToken
[9496:12648:0613/140232.691:VERBOSE2:chrome\updater\policy\service.cc:182] Device is not CBCM managed, skipped policy fetch.
[9496:12648:0613/140232.691:VERBOSE1:chrome\updater\policy\service.cc:207] FetchPoliciesDone: 0
[9496:12648:0613/140232.691:VERBOSE1:chrome\updater\policy\service.cc:212] Policies after refresh:
{
  LastCheckPeriod = 270 (Default)
}

[9496:12648:0613/140233.124:INFO:chrome\updater\check_for_updates_task.cc:49] Skipping UpdateAll: last update was 53 minutes ago. check_delay == 270
[9496:12648:0613/140233.920:VERBOSE1:chrome\updater\update_service_impl_impl.cc:928] ForceInstall
[9496:12648:0613/140233.920:INFO:chrome\updater\update_service_impl_impl.cc:884] ForceInstall task complete: 0
[2612:12420:0613/140234.894:VERBOSE2:chrome\updater\ipc\update_service_proxy_win.cc:255] Run
[2612:2852:0613/140234.897:VERBOSE1:chrome\updater\ipc\update_service_proxy_win.cc:1048] ~UpdateServiceProxyImpl
[2612:4748:0613/140234.898:VERBOSE2:chrome\updater\ipc\proxy_impl_base_win.h:62] ~ProxyImplBase
[7672:6892:0613/140234.907:VERBOSE2:chrome\updater\ipc\update_service_internal_proxy_win.cc:65] Run result 0.
[2612:4352:0613/140234.908:VERBOSE2:chrome\updater\app\server\win\com_classes.cc:891] UpdaterInternalImpl::Run. IUpdaterInternalCallback::Run returned 0
[7672:2916:0613/140235.082:VERBOSE1:chrome\updater\ipc\update_service_internal_proxy_win.cc:148] ~UpdateServiceInternalProxyImpl
[7672:6980:0613/140235.144:VERBOSE2:chrome\updater\ipc\proxy_impl_base_win.h:62] ~ProxyImplBase
[7672:2916:0613/140235.184:VERBOSE1:chrome\updater\updater.cc:335] UpdaterMain (--wake) returned 0.
[7324:11044:0613/140235.925:VERBOSE1:chrome\updater\updater.cc:335] UpdaterMain (--crash-handler) returned 0.
[9496:12648:0613/140244.988:VERBOSE2:chrome\updater\app\app_server_win.cc:252] Stop: COM server is shutting down.
[9496:12648:0613/140244.990:VERBOSE2:chrome\updater\app\app_server_win.cc:312] Completed task, Microsoft::WRL::Module count: 0
[9496:13664:0613/140244.990:VERBOSE1:chrome\updater\prefs.cc:235] Prefs committed.
[9496:12648:0613/140244.991:VERBOSE1:chrome\updater\prefs.cc:140] ~UpdaterPrefsImpl: C:\Program Files (x86)\Google\GoogleUpdater
[2612:2852:0613/140245.078:VERBOSE2:chrome\updater\app\app_server_win.cc:252] Stop: COM server is shutting down.
[2612:2852:0613/140245.078:VERBOSE2:chrome\updater\app\app_server_win.cc:312] Completed task, Microsoft::WRL::Module count: 0
[2612:4352:0613/140245.082:VERBOSE1:chrome\updater\prefs.cc:235] Prefs committed.
[2612:2852:0613/140245.082:VERBOSE1:chrome\updater\prefs.cc:140] ~UpdaterPrefsImpl: C:\Program Files (x86)\Google\GoogleUpdater\138.0.7194.0
[9496:15308:0613/140257.387:VERBOSE1:chrome\updater\updater.cc:335] UpdaterMain (--windows-service) returned 0.
[6880:2576:0613/140257.572:VERBOSE1:chrome\updater\updater.cc:335] UpdaterMain (--crash-handler) returned 0.
[2612:1152:0613/140257.978:VERBOSE1:chrome\updater\updater.cc:335] UpdaterMain (--windows-service) returned 0.
[9480:15272:0613/140258.002:VERBOSE1:chrome\updater\updater.cc:335] UpdaterMain (--crash-handler) returned 0.
[15168:8608:0613/150208.628:VERBOSE1:chrome\updater\updater.cc:328] Version: 138.0.7194.0, opt, 32 bit (x86), command line: "C:\Program Files (x86)\Google\GoogleUpdater\138.0.7194.0\updater.exe" --wake --system
[15168:8608:0613/150208.629:VERBOSE1:chrome\updater\updater.cc:330] OS version: 10.0.22631.5472, System uptime (seconds): 5046, parent pid: 2220
[11828:15660:0613/150208.718:VERBOSE1:chrome\updater\updater.cc:328] Version: 138.0.7194.0, opt, 32 bit (x86), command line: "C:\Program Files (x86)\Google\GoogleUpdater\138.0.7194.0\updater.exe" --crash-handler --system "--database=C:\Program Files (x86)\Google\GoogleUpdater\138.0.7194.0\Crashpad" --url=https://clients2.google.com/cr/report --annotation=prod=Update4 --annotation=ver=138.0.7194.0 "--attachment=C:\Program Files (x86)\Google\GoogleUpdater\updater.log" --initial-client-data=0x2cc,0x2d0,0x2d4,0x2c8,0x2d8,0x7629c0,0x7629cc,0x7629d8
[11828:15660:0613/150208.719:VERBOSE1:chrome\updater\updater.cc:330] OS version: 10.0.22631.5472, System uptime (seconds): 5047, parent pid: 15168
[15168:8608:0613/150208.719:VERBOSE1:chrome\updater\crash_reporter.cc:120] Crash handler launched and ready.
[15168:8608:0613/150208.719:VERBOSE1:chrome\updater\crash_client.cc:106] Found 0 completed crash reports
[15168:8608:0613/150208.719:VERBOSE1:chrome\updater\crash_client.cc:124] Found 0 pending crash reports
[15168:8608:0613/150208.719:VERBOSE2:chrome\updater\update_usage_stats_task_win.cc:41] usage stats enabled by app {8a69d345-d564-463c-aff1-a69d9e530f96}
[15168:8608:0613/150208.719:VERBOSE1:chrome\updater\updater.cc:90] Crash reporting initialized.
[15168:8608:0613/150208.719:VERBOSE1:chrome\updater\updater.cc:145] IsUserAdmin: 1, IsUserNonElevatedAdmin: 0, IsUACOn: 1, IsElevatedWithUACOn: 1, LUA: 1
[15168:8608:0613/150208.756:VERBOSE1:chrome\updater\ipc\update_service_internal_proxy_win.cc:156] Run
[13248:1040:0613/150208.852:VERBOSE1:chrome\updater\updater.cc:328] Version: 138.0.7194.0, opt, 32 bit (x86), command line: "C:\Program Files (x86)\Google\GoogleUpdater\138.0.7194.0\updater.exe" --system --windows-service --service=update-internal
[13248:1040:0613/150208.852:VERBOSE1:chrome\updater\updater.cc:330] OS version: 10.0.22631.5472, System uptime (seconds): 5047, parent pid: 960
[15588:11088:0613/150208.937:VERBOSE1:chrome\updater\updater.cc:328] Version: 138.0.7194.0, opt, 32 bit (x86), command line: "C:\Program Files (x86)\Google\GoogleUpdater\138.0.7194.0\updater.exe" --crash-handler --system "--database=C:\Program Files (x86)\Google\GoogleUpdater\138.0.7194.0\Crashpad" --url=https://clients2.google.com/cr/report --annotation=prod=Update4 --annotation=ver=138.0.7194.0 "--attachment=C:\Program Files (x86)\Google\GoogleUpdater\updater.log" --initial-client-data=0x2cc,0x2d0,0x2d4,0x2a4,0x2d8,0x7629c0,0x7629cc,0x7629d8
[15588:11088:0613/150208.937:VERBOSE1:chrome\updater\updater.cc:330] OS version: 10.0.22631.5472, System uptime (seconds): 5047, parent pid: 13248
[13248:1040:0613/150208.937:VERBOSE1:chrome\updater\crash_reporter.cc:120] Crash handler launched and ready.
[13248:1040:0613/150208.937:VERBOSE1:chrome\updater\crash_client.cc:106] Found 0 completed crash reports
[13248:1040:0613/150208.937:VERBOSE1:chrome\updater\crash_client.cc:124] Found 0 pending crash reports
[13248:1040:0613/150208.937:VERBOSE2:chrome\updater\update_usage_stats_task_win.cc:41] usage stats enabled by app {8a69d345-d564-463c-aff1-a69d9e530f96}
[13248:1040:0613/150208.937:VERBOSE1:chrome\updater\updater.cc:90] Crash reporting initialized.
[13248:1040:0613/150208.955:VERBOSE1:chrome\updater\updater.cc:145] IsUserAdmin: 1, IsUserNonElevatedAdmin: 0, IsUACOn: 1, IsElevatedWithUACOn: 1, LUA: 1
[13248:9604:0613/150208.985:VERBOSE2:chrome\updater\app\server\win\updater_service_delegate.cc:60] Running COM server within the Windows Service
[13248:9604:0613/150208.985:VERBOSE2:chrome\updater\app\app_server.cc:57] ModeCheck
[13248:9604:0613/150208.985:VERBOSE2:chrome\updater\prefs.cc:89] CreateGlobalPrefsInternal
[13248:9604:0613/150208.985:VERBOSE1:chrome\updater\prefs.cc:135] UpdaterPrefsImpl (global): C:\Program Files (x86)\Google\GoogleUpdater
[13248:9604:0613/150208.985:VERBOSE2:chrome\updater\app\app_server.cc:70] This version: 138.0.7194.0, active version: 138.0.7194.0
[13248:9604:0613/150208.985:VERBOSE1:chrome\updater\win\setup\setup_util.cc:263] AreComInterfacesPresent: scope: System: is_internal: 1
[13248:9604:0613/150208.985:VERBOSE2:chrome\updater\win\setup\setup_util.cc:284] AreComInterfacesPresent: all interfaces present
[13248:9604:0613/150208.985:VERBOSE2:chrome\updater\prefs.cc:208] CreateLocalPrefs
[13248:9604:0613/150208.985:VERBOSE1:chrome\updater\prefs.cc:135] UpdaterPrefsImpl (local): C:\Program Files (x86)\Google\GoogleUpdater\138.0.7194.0
[13248:9604:0613/150208.985:VERBOSE1:chrome\updater\prefs.cc:140] ~UpdaterPrefsImpl: C:\Program Files (x86)\Google\GoogleUpdater
[13248:9604:0613/150209.035:VERBOSE2:chrome\updater\app\app_server_win.cc:300] Starting task, Microsoft::WRL::Module count: 2
[13248:9604:0613/150209.035:VERBOSE1:chrome\updater\update_service_internal_impl.cc:25] Run
[13248:9604:0613/150209.035:VERBOSE1:chrome\updater\ipc\update_service_proxy_win.cc:1090] RunPeriodicTasks
[1556:14276:0613/150209.119:VERBOSE1:chrome\updater\updater.cc:328] Version: 138.0.7194.0, opt, 32 bit (x86), command line: "C:\Program Files (x86)\Google\GoogleUpdater\138.0.7194.0\updater.exe" --system --windows-service --service=update
[1556:14276:0613/150209.119:VERBOSE1:chrome\updater\updater.cc:330] OS version: 10.0.22631.5472, System uptime (seconds): 5047, parent pid: 960
[2584:5820:0613/150209.204:VERBOSE1:chrome\updater\updater.cc:328] Version: 138.0.7194.0, opt, 32 bit (x86), command line: "C:\Program Files (x86)\Google\GoogleUpdater\138.0.7194.0\updater.exe" --crash-handler --system "--database=C:\Program Files (x86)\Google\GoogleUpdater\138.0.7194.0\Crashpad" --url=https://clients2.google.com/cr/report --annotation=prod=Update4 --annotation=ver=138.0.7194.0 "--attachment=C:\Program Files (x86)\Google\GoogleUpdater\updater.log" --initial-client-data=0x2cc,0x2d0,0x2d4,0x2a8,0x2d8,0x7629c0,0x7629cc,0x7629d8
[2584:5820:0613/150209.204:VERBOSE1:chrome\updater\updater.cc:330] OS version: 10.0.22631.5472, System uptime (seconds): 5047, parent pid: 1556
[1556:14276:0613/150209.204:VERBOSE1:chrome\updater\crash_reporter.cc:120] Crash handler launched and ready.
[1556:14276:0613/150209.219:VERBOSE1:chrome\updater\crash_client.cc:106] Found 0 completed crash reports
[1556:14276:0613/150209.220:VERBOSE1:chrome\updater\crash_client.cc:124] Found 0 pending crash reports
[1556:14276:0613/150209.220:VERBOSE2:chrome\updater\update_usage_stats_task_win.cc:41] usage stats enabled by app {8a69d345-d564-463c-aff1-a69d9e530f96}
[1556:14276:0613/150209.222:VERBOSE1:chrome\updater\updater.cc:90] Crash reporting initialized.
[1556:14276:0613/150209.225:VERBOSE1:chrome\updater\updater.cc:145] IsUserAdmin: 1, IsUserNonElevatedAdmin: 0, IsUACOn: 1, IsElevatedWithUACOn: 1, LUA: 1
[1556:11776:0613/150209.252:VERBOSE2:chrome\updater\app\server\win\updater_service_delegate.cc:60] Running COM server within the Windows Service
[1556:11776:0613/150209.252:VERBOSE2:chrome\updater\app\app_server.cc:57] ModeCheck
[1556:11776:0613/150209.252:VERBOSE2:chrome\updater\prefs.cc:89] CreateGlobalPrefsInternal
[1556:11776:0613/150209.252:VERBOSE1:chrome\updater\prefs.cc:135] UpdaterPrefsImpl (global): C:\Program Files (x86)\Google\GoogleUpdater
[1556:11776:0613/150209.252:VERBOSE2:chrome\updater\app\app_server.cc:70] This version: 138.0.7194.0, active version: 138.0.7194.0
[1556:11776:0613/150209.252:VERBOSE1:chrome\updater\win\setup\setup_util.cc:263] AreComInterfacesPresent: scope: System: is_internal: 0
[1556:11776:0613/150209.305:VERBOSE2:chrome\updater\win\setup\setup_util.cc:284] AreComInterfacesPresent: all interfaces present
[1556:11776:0613/150209.305:VERBOSE2:chrome\updater\prefs.cc:208] CreateLocalPrefs
[1556:11776:0613/150209.306:VERBOSE1:chrome\updater\prefs.cc:135] UpdaterPrefsImpl (local): C:\Program Files (x86)\Google\GoogleUpdater\138.0.7194.0
[1556:11776:0613/150209.306:VERBOSE1:chrome\enterprise_companion\device_management_storage\dm_storage_win.cc:242] GetDmToken: token not found.
[1556:11776:0613/150209.306:VERBOSE1:chrome\enterprise_companion\device_management_storage\dm_storage.cc:218] No valid DM token.
[1556:11776:0613/150209.338:VERBOSE1:chrome\updater\policy\service.cc:146] Current effective policies:
{
  LastCheckPeriod = 270 (Default)
}

[1556:11776:0613/150209.338:VERBOSE1:chrome\updater\prefs.cc:140] ~UpdaterPrefsImpl: C:\Program Files (x86)\Google\GoogleUpdater\138.0.7194.0
[1556:11776:0613/150209.385:VERBOSE2:chrome\updater\app\app_server_win.cc:300] Starting task, Microsoft::WRL::Module count: 2
[1556:11776:0613/150209.385:VERBOSE2:chrome\updater\util\win_util.cc:1433] OemInstallTime not found
[1556:11776:0613/150209.385:VERBOSE1:chrome\updater\update_service_impl_impl.cc:820] RunPeriodicTasks
[1556:11776:0613/150209.385:VERBOSE1:chrome\updater\update_service_impl_impl.cc:825] last_started updated.
[1556:11776:0613/150209.553:VERBOSE2:chrome\updater\util\win_util.cc:1239] Cohort values: 1:gu:, Stable, 
[1556:1960:0613/150210.019:VERBOSE2:chrome\updater\update_usage_stats_task_win.cc:41] usage stats enabled by app {8a69d345-d564-463c-aff1-a69d9e530f96}
[1556:11776:0613/150210.452:VERBOSE1:chrome\updater\update_service_impl_impl.cc:713] FetchPolicies
[1556:1960:0613/150210.452:VERBOSE1:chrome\enterprise_companion\device_management_storage\dm_storage_win.cc:242] GetDmToken: token not found.
[1556:1960:0613/150210.452:VERBOSE1:chrome\enterprise_companion\device_management_storage\dm_storage_win.cc:40] ReadRegistryString: failed to read registry: Software\Policies\Google\CloudManagement\@EnrollmentToken
[1556:1960:0613/150210.452:VERBOSE1:chrome\enterprise_companion\device_management_storage\dm_storage_win.cc:40] ReadRegistryString: failed to read registry: Software\Policies\Google\Chrome\@CloudManagementEnrollmentToken
[1556:1960:0613/150210.452:VERBOSE1:chrome\enterprise_companion\device_management_storage\dm_storage_win.cc:40] ReadRegistryString: failed to read registry: Software\Google\Update\Clients\{44fc7fe2-65ce-487c-93f4-edee46eeaaab}@CloudManagementEnrollmentToken
[1556:1960:0613/150210.452:VERBOSE1:chrome\enterprise_companion\device_management_storage\dm_storage_win.cc:40] ReadRegistryString: failed to read registry: Software\Google\Update\Clients\{430fd4d0-b729-4f61-aa34-91526481799d}@CloudManagementEnrollmentToken
[1556:11776:0613/150210.452:VERBOSE2:chrome\updater\policy\service.cc:182] Device is not CBCM managed, skipped policy fetch.
[1556:11776:0613/150210.452:VERBOSE1:chrome\updater\policy\service.cc:207] FetchPoliciesDone: 0
[1556:11776:0613/150210.452:VERBOSE1:chrome\updater\policy\service.cc:212] Policies after refresh:
{
  LastCheckPeriod = 270 (Default)
}

[1556:11776:0613/150211.468:INFO:chrome\updater\check_for_updates_task.cc:49] Skipping UpdateAll: last update was 112 minutes ago. check_delay == 270
[1556:11776:0613/150211.518:VERBOSE1:chrome\updater\update_service_impl_impl.cc:928] ForceInstall
[1556:11776:0613/150211.518:INFO:chrome\updater\update_service_impl_impl.cc:884] ForceInstall task complete: 0
[13248:8832:0613/150212.604:VERBOSE2:chrome\updater\ipc\update_service_proxy_win.cc:255] Run
[13248:9604:0613/150212.604:VERBOSE1:chrome\updater\ipc\update_service_proxy_win.cc:1048] ~UpdateServiceProxyImpl
[13248:10276:0613/150212.604:VERBOSE2:chrome\updater\ipc\proxy_impl_base_win.h:62] ~ProxyImplBase
[15168:16376:0613/150212.604:VERBOSE2:chrome\updater\ipc\update_service_internal_proxy_win.cc:65] Run result 0.
[13248:11692:0613/150212.604:VERBOSE2:chrome\updater\app\server\win\com_classes.cc:891] UpdaterInternalImpl::Run. IUpdaterInternalCallback::Run returned 0
[15168:8608:0613/150212.604:VERBOSE1:chrome\updater\ipc\update_service_internal_proxy_win.cc:148] ~UpdateServiceInternalProxyImpl
[15168:6192:0613/150212.604:VERBOSE2:chrome\updater\ipc\proxy_impl_base_win.h:62] ~ProxyImplBase
[15168:8608:0613/150212.604:VERBOSE1:chrome\updater\updater.cc:335] UpdaterMain (--wake) returned 0.
[11828:15660:0613/150212.620:VERBOSE1:chrome\updater\updater.cc:335] UpdaterMain (--crash-handler) returned 0.
[1556:11776:0613/150222.618:VERBOSE2:chrome\updater\app\app_server_win.cc:252] Stop: COM server is shutting down.
[13248:9604:0613/150222.618:VERBOSE2:chrome\updater\app\app_server_win.cc:252] Stop: COM server is shutting down.
[13248:9604:0613/150222.618:VERBOSE2:chrome\updater\app\app_server_win.cc:312] Completed task, Microsoft::WRL::Module count: 0
[13248:11692:0613/150222.618:VERBOSE1:chrome\updater\prefs.cc:235] Prefs committed.
[13248:9604:0613/150222.618:VERBOSE1:chrome\updater\prefs.cc:140] ~UpdaterPrefsImpl: C:\Program Files (x86)\Google\GoogleUpdater\138.0.7194.0
[1556:11776:0613/150222.618:VERBOSE2:chrome\updater\app\app_server_win.cc:312] Completed task, Microsoft::WRL::Module count: 0
[1556:1960:0613/150222.619:VERBOSE1:chrome\updater\prefs.cc:235] Prefs committed.
[1556:11776:0613/150222.619:VERBOSE1:chrome\updater\prefs.cc:140] ~UpdaterPrefsImpl: C:\Program Files (x86)\Google\GoogleUpdater
[1556:14276:0613/150222.621:VERBOSE1:chrome\updater\updater.cc:335] UpdaterMain (--windows-service) returned 0.
[13248:1040:0613/150222.621:VERBOSE1:chrome\updater\updater.cc:335] UpdaterMain (--windows-service) returned 0.
[15588:11088:0613/150222.621:VERBOSE1:chrome\updater\updater.cc:335] UpdaterMain (--crash-handler) returned 0.
[2584:5820:0613/150222.621:VERBOSE1:chrome\updater\updater.cc:335] UpdaterMain (--crash-handler) returned 0.
[8596:14488:0613/164332.222:VERBOSE1:chrome\updater\updater.cc:328] Version: 138.0.7194.0, opt, 32 bit (x86), command line: "C:\Program Files (x86)\Google\GoogleUpdater\138.0.7194.0\updater.exe" --wake --system
[8596:14488:0613/164332.222:VERBOSE1:chrome\updater\updater.cc:330] OS version: 10.0.22631.5472, System uptime (seconds): 11130, parent pid: 2220
[17580:17584:0613/164332.317:VERBOSE1:chrome\updater\updater.cc:328] Version: 138.0.7194.0, opt, 32 bit (x86), command line: "C:\Program Files (x86)\Google\GoogleUpdater\138.0.7194.0\updater.exe" --crash-handler --system "--database=C:\Program Files (x86)\Google\GoogleUpdater\138.0.7194.0\Crashpad" --url=https://clients2.google.com/cr/report --annotation=prod=Update4 --annotation=ver=138.0.7194.0 "--attachment=C:\Program Files (x86)\Google\GoogleUpdater\updater.log" --initial-client-data=0x2d0,0x2d4,0x2d8,0x2ac,0x2dc,0x7629c0,0x7629cc,0x7629d8
[17580:17584:0613/164332.317:VERBOSE1:chrome\updater\updater.cc:330] OS version: 10.0.22631.5472, System uptime (seconds): 11130, parent pid: 8596
[8596:14488:0613/164332.332:VERBOSE1:chrome\updater\crash_reporter.cc:120] Crash handler launched and ready.
[8596:14488:0613/164332.332:VERBOSE1:chrome\updater\crash_client.cc:106] Found 0 completed crash reports
[8596:14488:0613/164332.332:VERBOSE1:chrome\updater\crash_client.cc:124] Found 0 pending crash reports
[8596:14488:0613/164332.332:VERBOSE2:chrome\updater\update_usage_stats_task_win.cc:41] usage stats enabled by app {8a69d345-d564-463c-aff1-a69d9e530f96}
[8596:14488:0613/164332.332:VERBOSE1:chrome\updater\updater.cc:90] Crash reporting initialized.
[8596:14488:0613/164332.332:VERBOSE1:chrome\updater\updater.cc:145] IsUserAdmin: 1, IsUserNonElevatedAdmin: 0, IsUACOn: 1, IsElevatedWithUACOn: 1, LUA: 1
[8596:14488:0613/164332.378:VERBOSE1:chrome\updater\ipc\update_service_internal_proxy_win.cc:156] Run
[17660:17664:0613/164332.473:VERBOSE1:chrome\updater\updater.cc:328] Version: 138.0.7194.0, opt, 32 bit (x86), command line: "C:\Program Files (x86)\Google\GoogleUpdater\138.0.7194.0\updater.exe" --system --windows-service --service=update-internal
[17660:17664:0613/164332.473:VERBOSE1:chrome\updater\updater.cc:330] OS version: 10.0.22631.5472, System uptime (seconds): 11130, parent pid: 960
[17680:17684:0613/164332.630:VERBOSE1:chrome\updater\updater.cc:328] Version: 138.0.7194.0, opt, 32 bit (x86), command line: "C:\Program Files (x86)\Google\GoogleUpdater\138.0.7194.0\updater.exe" --crash-handler --system "--database=C:\Program Files (x86)\Google\GoogleUpdater\138.0.7194.0\Crashpad" --url=https://clients2.google.com/cr/report --annotation=prod=Update4 --annotation=ver=138.0.7194.0 "--attachment=C:\Program Files (x86)\Google\GoogleUpdater\updater.log" --initial-client-data=0x2c8,0x2cc,0x2d0,0x2a4,0x2d4,0x7629c0,0x7629cc,0x7629d8
[17680:17684:0613/164332.630:VERBOSE1:chrome\updater\updater.cc:330] OS version: 10.0.22631.5472, System uptime (seconds): 11130, parent pid: 17660
[17660:17664:0613/164332.630:VERBOSE1:chrome\updater\crash_reporter.cc:120] Crash handler launched and ready.
[17660:17664:0613/164332.645:VERBOSE1:chrome\updater\crash_client.cc:106] Found 0 completed crash reports
[17660:17664:0613/164332.645:VERBOSE1:chrome\updater\crash_client.cc:124] Found 0 pending crash reports
[17660:17664:0613/164332.645:VERBOSE2:chrome\updater\update_usage_stats_task_win.cc:41] usage stats enabled by app {8a69d345-d564-463c-aff1-a69d9e530f96}
[17660:17664:0613/164332.645:VERBOSE1:chrome\updater\updater.cc:90] Crash reporting initialized.
[17660:17664:0613/164332.645:VERBOSE1:chrome\updater\updater.cc:145] IsUserAdmin: 1, IsUserNonElevatedAdmin: 0, IsUACOn: 1, IsElevatedWithUACOn: 1, LUA: 1
[17660:17736:0613/164332.676:VERBOSE2:chrome\updater\app\server\win\updater_service_delegate.cc:60] Running COM server within the Windows Service
[17660:17736:0613/164332.676:VERBOSE2:chrome\updater\app\app_server.cc:57] ModeCheck
[17660:17736:0613/164332.676:VERBOSE2:chrome\updater\prefs.cc:89] CreateGlobalPrefsInternal
[17660:17736:0613/164332.676:VERBOSE1:chrome\updater\prefs.cc:135] UpdaterPrefsImpl (global): C:\Program Files (x86)\Google\GoogleUpdater
[17660:17736:0613/164332.676:VERBOSE2:chrome\updater\app\app_server.cc:70] This version: 138.0.7194.0, active version: 138.0.7194.0
[17660:17736:0613/164332.676:VERBOSE1:chrome\updater\win\setup\setup_util.cc:263] AreComInterfacesPresent: scope: System: is_internal: 1
[17660:17736:0613/164332.676:VERBOSE2:chrome\updater\win\setup\setup_util.cc:284] AreComInterfacesPresent: all interfaces present
[17660:17736:0613/164332.676:VERBOSE2:chrome\updater\prefs.cc:208] CreateLocalPrefs
[17660:17736:0613/164332.676:VERBOSE1:chrome\updater\prefs.cc:135] UpdaterPrefsImpl (local): C:\Program Files (x86)\Google\GoogleUpdater\138.0.7194.0
[17660:17736:0613/164332.676:VERBOSE1:chrome\updater\prefs.cc:140] ~UpdaterPrefsImpl: C:\Program Files (x86)\Google\GoogleUpdater
[17660:17736:0613/164332.718:VERBOSE2:chrome\updater\app\app_server_win.cc:300] Starting task, Microsoft::WRL::Module count: 2
[17660:17736:0613/164332.718:VERBOSE1:chrome\updater\update_service_internal_impl.cc:25] Run
[17660:17736:0613/164332.718:VERBOSE1:chrome\updater\ipc\update_service_proxy_win.cc:1090] RunPeriodicTasks
[17764:17768:0613/164332.764:VERBOSE1:chrome\updater\updater.cc:328] Version: 138.0.7194.0, opt, 32 bit (x86), command line: "C:\Program Files (x86)\Google\GoogleUpdater\138.0.7194.0\updater.exe" --system --windows-service --service=update
[17764:17768:0613/164332.764:VERBOSE1:chrome\updater\updater.cc:330] OS version: 10.0.22631.5472, System uptime (seconds): 11131, parent pid: 960
[17784:17788:0613/164332.826:VERBOSE1:chrome\updater\updater.cc:328] Version: 138.0.7194.0, opt, 32 bit (x86), command line: "C:\Program Files (x86)\Google\GoogleUpdater\138.0.7194.0\updater.exe" --crash-handler --system "--database=C:\Program Files (x86)\Google\GoogleUpdater\138.0.7194.0\Crashpad" --url=https://clients2.google.com/cr/report --annotation=prod=Update4 --annotation=ver=138.0.7194.0 "--attachment=C:\Program Files (x86)\Google\GoogleUpdater\updater.log" --initial-client-data=0x2c8,0x2cc,0x2d0,0x2a4,0x2d4,0x7629c0,0x7629cc,0x7629d8
[17784:17788:0613/164332.826:VERBOSE1:chrome\updater\updater.cc:330] OS version: 10.0.22631.5472, System uptime (seconds): 11131, parent pid: 17764
[17764:17768:0613/164332.826:VERBOSE1:chrome\updater\crash_reporter.cc:120] Crash handler launched and ready.
[17764:17768:0613/164332.826:VERBOSE1:chrome\updater\crash_client.cc:106] Found 0 completed crash reports
[17764:17768:0613/164332.826:VERBOSE1:chrome\updater\crash_client.cc:124] Found 0 pending crash reports
[17764:17768:0613/164332.826:VERBOSE2:chrome\updater\update_usage_stats_task_win.cc:41] usage stats enabled by app {8a69d345-d564-463c-aff1-a69d9e530f96}
[17764:17768:0613/164332.826:VERBOSE1:chrome\updater\updater.cc:90] Crash reporting initialized.
[17764:17768:0613/164332.842:VERBOSE1:chrome\updater\updater.cc:145] IsUserAdmin: 1, IsUserNonElevatedAdmin: 0, IsUACOn: 1, IsElevatedWithUACOn: 1, LUA: 1
[17764:17844:0613/164332.858:VERBOSE2:chrome\updater\app\server\win\updater_service_delegate.cc:60] Running COM server within the Windows Service
[17764:17844:0613/164332.858:VERBOSE2:chrome\updater\app\app_server.cc:57] ModeCheck
[17764:17844:0613/164332.858:VERBOSE2:chrome\updater\prefs.cc:89] CreateGlobalPrefsInternal
[17764:17844:0613/164332.858:VERBOSE1:chrome\updater\prefs.cc:135] UpdaterPrefsImpl (global): C:\Program Files (x86)\Google\GoogleUpdater
[17764:17844:0613/164332.858:VERBOSE2:chrome\updater\app\app_server.cc:70] This version: 138.0.7194.0, active version: 138.0.7194.0
[17764:17844:0613/164332.858:VERBOSE1:chrome\updater\win\setup\setup_util.cc:263] AreComInterfacesPresent: scope: System: is_internal: 0
[17764:17844:0613/164332.889:VERBOSE2:chrome\updater\win\setup\setup_util.cc:284] AreComInterfacesPresent: all interfaces present
[17764:17844:0613/164332.889:VERBOSE2:chrome\updater\prefs.cc:208] CreateLocalPrefs
[17764:17844:0613/164332.889:VERBOSE1:chrome\updater\prefs.cc:135] UpdaterPrefsImpl (local): C:\Program Files (x86)\Google\GoogleUpdater\138.0.7194.0
[17764:17844:0613/164332.889:VERBOSE1:chrome\enterprise_companion\device_management_storage\dm_storage_win.cc:242] GetDmToken: token not found.
[17764:17844:0613/164332.889:VERBOSE1:chrome\enterprise_companion\device_management_storage\dm_storage.cc:218] No valid DM token.
[17764:17844:0613/164332.905:VERBOSE1:chrome\updater\policy\service.cc:146] Current effective policies:
{
  LastCheckPeriod = 270 (Default)
}

[17764:17844:0613/164332.905:VERBOSE1:chrome\updater\prefs.cc:140] ~UpdaterPrefsImpl: C:\Program Files (x86)\Google\GoogleUpdater\138.0.7194.0
[17764:17844:0613/164332.936:VERBOSE2:chrome\updater\app\app_server_win.cc:300] Starting task, Microsoft::WRL::Module count: 2
[17764:17844:0613/164332.936:VERBOSE2:chrome\updater\util\win_util.cc:1433] OemInstallTime not found
[17764:17844:0613/164332.936:VERBOSE1:chrome\updater\update_service_impl_impl.cc:820] RunPeriodicTasks
[17764:17844:0613/164332.936:VERBOSE1:chrome\updater\update_service_impl_impl.cc:825] last_started updated.
[17764:17844:0613/164333.673:VERBOSE2:chrome\updater\util\win_util.cc:1239] Cohort values: 1:gu:, Stable, 
[17764:17832:0613/164334.690:VERBOSE2:chrome\updater\update_usage_stats_task_win.cc:41] usage stats enabled by app {8a69d345-d564-463c-aff1-a69d9e530f96}
[17764:17844:0613/164335.392:VERBOSE1:chrome\updater\update_service_impl_impl.cc:713] FetchPolicies
[17764:17832:0613/164335.392:VERBOSE1:chrome\enterprise_companion\device_management_storage\dm_storage_win.cc:242] GetDmToken: token not found.
[17764:17832:0613/164335.392:VERBOSE1:chrome\enterprise_companion\device_management_storage\dm_storage_win.cc:40] ReadRegistryString: failed to read registry: Software\Policies\Google\CloudManagement\@EnrollmentToken
[17764:17832:0613/164335.392:VERBOSE1:chrome\enterprise_companion\device_management_storage\dm_storage_win.cc:40] ReadRegistryString: failed to read registry: Software\Policies\Google\Chrome\@CloudManagementEnrollmentToken
[17764:17832:0613/164335.392:VERBOSE1:chrome\enterprise_companion\device_management_storage\dm_storage_win.cc:40] ReadRegistryString: failed to read registry: Software\Google\Update\Clients\{44fc7fe2-65ce-487c-93f4-edee46eeaaab}@CloudManagementEnrollmentToken
[17764:17832:0613/164335.392:VERBOSE1:chrome\enterprise_companion\device_management_storage\dm_storage_win.cc:40] ReadRegistryString: failed to read registry: Software\Google\Update\Clients\{430fd4d0-b729-4f61-aa34-91526481799d}@CloudManagementEnrollmentToken
[17764:17844:0613/164335.392:VERBOSE2:chrome\updater\policy\service.cc:182] Device is not CBCM managed, skipped policy fetch.
[17764:17844:0613/164335.392:VERBOSE1:chrome\updater\policy\service.cc:207] FetchPoliciesDone: 0
[17764:17844:0613/164335.392:VERBOSE1:chrome\updater\policy\service.cc:212] Policies after refresh:
{
  LastCheckPeriod = 270 (Default)
}

[17764:17844:0613/164336.002:INFO:chrome\updater\check_for_updates_task.cc:49] Skipping UpdateAll: last update was 214 minutes ago. check_delay == 270
[17764:17844:0613/164336.766:VERBOSE1:chrome\updater\update_service_impl_impl.cc:928] ForceInstall
[17764:17844:0613/164336.766:INFO:chrome\updater\update_service_impl_impl.cc:884] ForceInstall task complete: 0
[17660:17748:0613/164337.798:VERBOSE2:chrome\updater\ipc\update_service_proxy_win.cc:255] Run
[17660:17736:0613/164337.798:VERBOSE1:chrome\updater\ipc\update_service_proxy_win.cc:1048] ~UpdateServiceProxyImpl
[17660:17760:0613/164337.798:VERBOSE2:chrome\updater\ipc\proxy_impl_base_win.h:62] ~ProxyImplBase
[8596:17756:0613/164337.798:VERBOSE2:chrome\updater\ipc\update_service_internal_proxy_win.cc:65] Run result 0.
[17660:17724:0613/164337.798:VERBOSE2:chrome\updater\app\server\win\com_classes.cc:891] UpdaterInternalImpl::Run. IUpdaterInternalCallback::Run returned 0
[8596:14488:0613/164337.798:VERBOSE1:chrome\updater\ipc\update_service_internal_proxy_win.cc:148] ~UpdateServiceInternalProxyImpl
[8596:17632:0613/164337.798:VERBOSE2:chrome\updater\ipc\proxy_impl_base_win.h:62] ~ProxyImplBase
[8596:14488:0613/164337.798:VERBOSE1:chrome\updater\updater.cc:335] UpdaterMain (--wake) returned 0.
[17580:17584:0613/164337.798:VERBOSE1:chrome\updater\updater.cc:335] UpdaterMain (--crash-handler) returned 0.
[17764:17844:0613/164347.813:VERBOSE2:chrome\updater\app\app_server_win.cc:252] Stop: COM server is shutting down.
[17660:17736:0613/164347.813:VERBOSE2:chrome\updater\app\app_server_win.cc:252] Stop: COM server is shutting down.
[17660:17736:0613/164347.813:VERBOSE2:chrome\updater\app\app_server_win.cc:312] Completed task, Microsoft::WRL::Module count: 0
[17660:17724:0613/164347.813:VERBOSE1:chrome\updater\prefs.cc:235] Prefs committed.
[17764:17844:0613/164347.813:VERBOSE2:chrome\updater\app\app_server_win.cc:312] Completed task, Microsoft::WRL::Module count: 0
[17660:17736:0613/164347.813:VERBOSE1:chrome\updater\prefs.cc:140] ~UpdaterPrefsImpl: C:\Program Files (x86)\Google\GoogleUpdater\138.0.7194.0
[17764:17832:0613/164347.813:VERBOSE1:chrome\updater\prefs.cc:235] Prefs committed.
[17764:17844:0613/164347.813:VERBOSE1:chrome\updater\prefs.cc:140] ~UpdaterPrefsImpl: C:\Program Files (x86)\Google\GoogleUpdater
[17660:17664:0613/164347.813:VERBOSE1:chrome\updater\updater.cc:335] UpdaterMain (--windows-service) returned 0.
[17764:17768:0613/164347.813:VERBOSE1:chrome\updater\updater.cc:335] UpdaterMain (--windows-service) returned 0.
[17680:17684:0613/164347.813:VERBOSE1:chrome\updater\updater.cc:335] UpdaterMain (--crash-handler) returned 0.
[17784:17788:0613/164347.813:VERBOSE1:chrome\updater\updater.cc:335] UpdaterMain (--crash-handler) returned 0.
[16144:18092:0613/170209.592:VERBOSE1:chrome\updater\updater.cc:328] Version: 138.0.7194.0, opt, 32 bit (x86), command line: "C:\Program Files (x86)\Google\GoogleUpdater\138.0.7194.0\updater.exe" --wake --system
[16144:18092:0613/170209.593:VERBOSE1:chrome\updater\updater.cc:330] OS version: 10.0.22631.5472, System uptime (seconds): 12247, parent pid: 2220
[17840:18220:0613/170209.689:VERBOSE1:chrome\updater\updater.cc:328] Version: 138.0.7194.0, opt, 32 bit (x86), command line: "C:\Program Files (x86)\Google\GoogleUpdater\138.0.7194.0\updater.exe" --crash-handler --system "--database=C:\Program Files (x86)\Google\GoogleUpdater\138.0.7194.0\Crashpad" --url=https://clients2.google.com/cr/report --annotation=prod=Update4 --annotation=ver=138.0.7194.0 "--attachment=C:\Program Files (x86)\Google\GoogleUpdater\updater.log" --initial-client-data=0x2c8,0x2cc,0x2d0,0x2a4,0x2d4,0x7629c0,0x7629cc,0x7629d8
[17840:18220:0613/170209.689:VERBOSE1:chrome\updater\updater.cc:330] OS version: 10.0.22631.5472, System uptime (seconds): 12247, parent pid: 16144
[16144:18092:0613/170209.692:VERBOSE1:chrome\updater\crash_reporter.cc:120] Crash handler launched and ready.
[16144:18092:0613/170209.693:VERBOSE1:chrome\updater\crash_client.cc:106] Found 0 completed crash reports
[16144:18092:0613/170209.694:VERBOSE1:chrome\updater\crash_client.cc:124] Found 0 pending crash reports
[16144:18092:0613/170209.694:VERBOSE2:chrome\updater\update_usage_stats_task_win.cc:41] usage stats enabled by app {8a69d345-d564-463c-aff1-a69d9e530f96}
[16144:18092:0613/170209.696:VERBOSE1:chrome\updater\updater.cc:90] Crash reporting initialized.
[16144:18092:0613/170209.699:VERBOSE1:chrome\updater\updater.cc:145] IsUserAdmin: 1, IsUserNonElevatedAdmin: 0, IsUACOn: 1, IsElevatedWithUACOn: 1, LUA: 1
[16144:18092:0613/170209.726:VERBOSE1:chrome\updater\ipc\update_service_internal_proxy_win.cc:156] Run
[17456:17312:0613/170209.879:VERBOSE1:chrome\updater\updater.cc:328] Version: 138.0.7194.0, opt, 32 bit (x86), command line: "C:\Program Files (x86)\Google\GoogleUpdater\138.0.7194.0\updater.exe" --system --windows-service --service=update-internal
[17456:17312:0613/170209.879:VERBOSE1:chrome\updater\updater.cc:330] OS version: 10.0.22631.5472, System uptime (seconds): 12248, parent pid: 960
[1256:16292:0613/170210.018:VERBOSE1:chrome\updater\updater.cc:328] Version: 138.0.7194.0, opt, 32 bit (x86), command line: "C:\Program Files (x86)\Google\GoogleUpdater\138.0.7194.0\updater.exe" --crash-handler --system "--database=C:\Program Files (x86)\Google\GoogleUpdater\138.0.7194.0\Crashpad" --url=https://clients2.google.com/cr/report --annotation=prod=Update4 --annotation=ver=138.0.7194.0 "--attachment=C:\Program Files (x86)\Google\GoogleUpdater\updater.log" --initial-client-data=0x2b4,0x2b8,0x2dc,0x2b0,0x2e0,0x7629c0,0x7629cc,0x7629d8
[1256:16292:0613/170210.018:VERBOSE1:chrome\updater\updater.cc:330] OS version: 10.0.22631.5472, System uptime (seconds): 12248, parent pid: 17456
[17456:17312:0613/170210.026:VERBOSE1:chrome\updater\crash_reporter.cc:120] Crash handler launched and ready.
[17456:17312:0613/170210.028:VERBOSE1:chrome\updater\crash_client.cc:106] Found 0 completed crash reports
[17456:17312:0613/170210.028:VERBOSE1:chrome\updater\crash_client.cc:124] Found 0 pending crash reports
[17456:17312:0613/170210.029:VERBOSE2:chrome\updater\update_usage_stats_task_win.cc:41] usage stats enabled by app {8a69d345-d564-463c-aff1-a69d9e530f96}
[17456:17312:0613/170210.031:VERBOSE1:chrome\updater\updater.cc:90] Crash reporting initialized.
[17456:17312:0613/170210.035:VERBOSE1:chrome\updater\updater.cc:145] IsUserAdmin: 1, IsUserNonElevatedAdmin: 0, IsUACOn: 1, IsElevatedWithUACOn: 1, LUA: 1
[17456:13220:0613/170210.076:VERBOSE2:chrome\updater\app\server\win\updater_service_delegate.cc:60] Running COM server within the Windows Service
[17456:13220:0613/170210.076:VERBOSE2:chrome\updater\app\app_server.cc:57] ModeCheck
[17456:13220:0613/170210.077:VERBOSE2:chrome\updater\prefs.cc:89] CreateGlobalPrefsInternal
[17456:13220:0613/170210.078:VERBOSE1:chrome\updater\prefs.cc:135] UpdaterPrefsImpl (global): C:\Program Files (x86)\Google\GoogleUpdater
[17456:13220:0613/170210.078:VERBOSE2:chrome\updater\app\app_server.cc:70] This version: 138.0.7194.0, active version: 138.0.7194.0
[17456:13220:0613/170210.078:VERBOSE1:chrome\updater\win\setup\setup_util.cc:263] AreComInterfacesPresent: scope: System: is_internal: 1
[17456:13220:0613/170210.080:VERBOSE2:chrome\updater\win\setup\setup_util.cc:284] AreComInterfacesPresent: all interfaces present
[17456:13220:0613/170210.080:VERBOSE2:chrome\updater\prefs.cc:208] CreateLocalPrefs
[17456:13220:0613/170210.082:VERBOSE1:chrome\updater\prefs.cc:135] UpdaterPrefsImpl (local): C:\Program Files (x86)\Google\GoogleUpdater\138.0.7194.0
[17456:13220:0613/170210.082:VERBOSE1:chrome\updater\prefs.cc:140] ~UpdaterPrefsImpl: C:\Program Files (x86)\Google\GoogleUpdater
[17456:13220:0613/170210.162:VERBOSE2:chrome\updater\app\app_server_win.cc:300] Starting task, Microsoft::WRL::Module count: 2
[17456:13220:0613/170210.163:VERBOSE1:chrome\updater\update_service_internal_impl.cc:25] Run
[17456:13220:0613/170210.163:VERBOSE1:chrome\updater\ipc\update_service_proxy_win.cc:1090] RunPeriodicTasks
[6156:18064:0613/170210.300:VERBOSE1:chrome\updater\updater.cc:328] Version: 138.0.7194.0, opt, 32 bit (x86), command line: "C:\Program Files (x86)\Google\GoogleUpdater\138.0.7194.0\updater.exe" --system --windows-service --service=update
[6156:18064:0613/170210.300:VERBOSE1:chrome\updater\updater.cc:330] OS version: 10.0.22631.5472, System uptime (seconds): 12248, parent pid: 960
[3924:3872:0613/170210.477:VERBOSE1:chrome\updater\updater.cc:328] Version: 138.0.7194.0, opt, 32 bit (x86), command line: "C:\Program Files (x86)\Google\GoogleUpdater\138.0.7194.0\updater.exe" --crash-handler --system "--database=C:\Program Files (x86)\Google\GoogleUpdater\138.0.7194.0\Crashpad" --url=https://clients2.google.com/cr/report --annotation=prod=Update4 --annotation=ver=138.0.7194.0 "--attachment=C:\Program Files (x86)\Google\GoogleUpdater\updater.log" --initial-client-data=0x2c8,0x2cc,0x2d0,0x2a4,0x2d4,0x7629c0,0x7629cc,0x7629d8
[3924:3872:0613/170210.477:VERBOSE1:chrome\updater\updater.cc:330] OS version: 10.0.22631.5472, System uptime (seconds): 12248, parent pid: 6156
[6156:18064:0613/170210.482:VERBOSE1:chrome\updater\crash_reporter.cc:120] Crash handler launched and ready.
[6156:18064:0613/170210.484:VERBOSE1:chrome\updater\crash_client.cc:106] Found 0 completed crash reports
[6156:18064:0613/170210.485:VERBOSE1:chrome\updater\crash_client.cc:124] Found 0 pending crash reports
[6156:18064:0613/170210.486:VERBOSE2:chrome\updater\update_usage_stats_task_win.cc:41] usage stats enabled by app {8a69d345-d564-463c-aff1-a69d9e530f96}
[6156:18064:0613/170210.489:VERBOSE1:chrome\updater\updater.cc:90] Crash reporting initialized.
[6156:18064:0613/170210.494:VERBOSE1:chrome\updater\updater.cc:145] IsUserAdmin: 1, IsUserNonElevatedAdmin: 0, IsUACOn: 1, IsElevatedWithUACOn: 1, LUA: 1
[6156:248:0613/170210.550:VERBOSE2:chrome\updater\app\server\win\updater_service_delegate.cc:60] Running COM server within the Windows Service
[6156:248:0613/170210.550:VERBOSE2:chrome\updater\app\app_server.cc:57] ModeCheck
[6156:248:0613/170210.550:VERBOSE2:chrome\updater\prefs.cc:89] CreateGlobalPrefsInternal
[6156:248:0613/170210.552:VERBOSE1:chrome\updater\prefs.cc:135] UpdaterPrefsImpl (global): C:\Program Files (x86)\Google\GoogleUpdater
[6156:248:0613/170210.552:VERBOSE2:chrome\updater\app\app_server.cc:70] This version: 138.0.7194.0, active version: 138.0.7194.0
[6156:248:0613/170210.552:VERBOSE1:chrome\updater\win\setup\setup_util.cc:263] AreComInterfacesPresent: scope: System: is_internal: 0
[6156:248:0613/170210.619:VERBOSE2:chrome\updater\win\setup\setup_util.cc:284] AreComInterfacesPresent: all interfaces present
[6156:248:0613/170210.619:VERBOSE2:chrome\updater\prefs.cc:208] CreateLocalPrefs
[6156:248:0613/170210.624:VERBOSE1:chrome\updater\prefs.cc:135] UpdaterPrefsImpl (local): C:\Program Files (x86)\Google\GoogleUpdater\138.0.7194.0
[6156:248:0613/170210.625:VERBOSE1:chrome\enterprise_companion\device_management_storage\dm_storage_win.cc:242] GetDmToken: token not found.
[6156:248:0613/170210.625:VERBOSE1:chrome\enterprise_companion\device_management_storage\dm_storage.cc:218] No valid DM token.
[6156:248:0613/170210.670:VERBOSE1:chrome\updater\policy\service.cc:146] Current effective policies:
{
  LastCheckPeriod = 270 (Default)
}

[6156:248:0613/170210.670:VERBOSE1:chrome\updater\prefs.cc:140] ~UpdaterPrefsImpl: C:\Program Files (x86)\Google\GoogleUpdater\138.0.7194.0
[6156:248:0613/170210.819:VERBOSE2:chrome\updater\app\app_server_win.cc:300] Starting task, Microsoft::WRL::Module count: 2
[6156:248:0613/170210.819:VERBOSE2:chrome\updater\util\win_util.cc:1433] OemInstallTime not found
[6156:248:0613/170210.820:VERBOSE1:chrome\updater\update_service_impl_impl.cc:820] RunPeriodicTasks
[6156:248:0613/170210.820:VERBOSE1:chrome\updater\update_service_impl_impl.cc:825] last_started updated.
[6156:248:0613/170211.017:VERBOSE2:chrome\updater\util\win_util.cc:1239] Cohort values: 1:gu:, Stable, 
[6156:4072:0613/170212.068:VERBOSE2:chrome\updater\update_usage_stats_task_win.cc:41] usage stats enabled by app {8a69d345-d564-463c-aff1-a69d9e530f96}
[6156:248:0613/170213.047:VERBOSE1:chrome\updater\update_service_impl_impl.cc:713] FetchPolicies
[6156:4072:0613/170213.048:VERBOSE1:chrome\enterprise_companion\device_management_storage\dm_storage_win.cc:242] GetDmToken: token not found.
[6156:4072:0613/170213.049:VERBOSE1:chrome\enterprise_companion\device_management_storage\dm_storage_win.cc:40] ReadRegistryString: failed to read registry: Software\Policies\Google\CloudManagement\@EnrollmentToken
[6156:4072:0613/170213.049:VERBOSE1:chrome\enterprise_companion\device_management_storage\dm_storage_win.cc:40] ReadRegistryString: failed to read registry: Software\Policies\Google\Chrome\@CloudManagementEnrollmentToken
[6156:4072:0613/170213.050:VERBOSE1:chrome\enterprise_companion\device_management_storage\dm_storage_win.cc:40] ReadRegistryString: failed to read registry: Software\Google\Update\Clients\{44fc7fe2-65ce-487c-93f4-edee46eeaaab}@CloudManagementEnrollmentToken
[6156:4072:0613/170213.050:VERBOSE1:chrome\enterprise_companion\device_management_storage\dm_storage_win.cc:40] ReadRegistryString: failed to read registry: Software\Google\Update\Clients\{430fd4d0-b729-4f61-aa34-91526481799d}@CloudManagementEnrollmentToken
[6156:248:0613/170213.050:VERBOSE2:chrome\updater\policy\service.cc:182] Device is not CBCM managed, skipped policy fetch.
[6156:248:0613/170213.050:VERBOSE1:chrome\updater\policy\service.cc:207] FetchPoliciesDone: 0
[6156:248:0613/170213.050:VERBOSE1:chrome\updater\policy\service.cc:212] Policies after refresh:
{
  LastCheckPeriod = 270 (Default)
}

[6156:248:0613/170213.852:INFO:chrome\updater\check_for_updates_task.cc:49] Skipping UpdateAll: last update was 232 minutes ago. check_delay == 270
[6156:248:0613/170214.762:VERBOSE1:chrome\updater\update_service_impl_impl.cc:928] ForceInstall
[6156:248:0613/170214.763:INFO:chrome\updater\update_service_impl_impl.cc:884] ForceInstall task complete: 0
[17456:580:0613/170216.191:VERBOSE2:chrome\updater\ipc\update_service_proxy_win.cc:255] Run
[17456:13220:0613/170216.192:VERBOSE1:chrome\updater\ipc\update_service_proxy_win.cc:1048] ~UpdateServiceProxyImpl
[17456:4132:0613/170216.192:VERBOSE2:chrome\updater\ipc\proxy_impl_base_win.h:62] ~ProxyImplBase
[16144:1252:0613/170216.195:VERBOSE2:chrome\updater\ipc\update_service_internal_proxy_win.cc:65] Run result 0.
[17456:14324:0613/170216.196:VERBOSE2:chrome\updater\app\server\win\com_classes.cc:891] UpdaterInternalImpl::Run. IUpdaterInternalCallback::Run returned 0
[16144:18092:0613/170216.196:VERBOSE1:chrome\updater\ipc\update_service_internal_proxy_win.cc:148] ~UpdateServiceInternalProxyImpl
[16144:16588:0613/170216.196:VERBOSE2:chrome\updater\ipc\proxy_impl_base_win.h:62] ~ProxyImplBase
[16144:18092:0613/170216.199:VERBOSE1:chrome\updater\updater.cc:335] UpdaterMain (--wake) returned 0.
[17840:18220:0613/170216.203:VERBOSE1:chrome\updater\updater.cc:335] UpdaterMain (--crash-handler) returned 0.
[17456:13220:0613/170226.202:VERBOSE2:chrome\updater\app\app_server_win.cc:252] Stop: COM server is shutting down.
[6156:248:0613/170226.202:VERBOSE2:chrome\updater\app\app_server_win.cc:252] Stop: COM server is shutting down.
[17456:13220:0613/170226.202:VERBOSE2:chrome\updater\app\app_server_win.cc:312] Completed task, Microsoft::WRL::Module count: 0
[17456:14324:0613/170226.202:VERBOSE1:chrome\updater\prefs.cc:235] Prefs committed.
[6156:248:0613/170226.202:VERBOSE2:chrome\updater\app\app_server_win.cc:312] Completed task, Microsoft::WRL::Module count: 0
[17456:13220:0613/170226.202:VERBOSE1:chrome\updater\prefs.cc:140] ~UpdaterPrefsImpl: C:\Program Files (x86)\Google\GoogleUpdater\138.0.7194.0
[6156:4072:0613/170226.202:VERBOSE1:chrome\updater\prefs.cc:235] Prefs committed.
[6156:248:0613/170226.202:VERBOSE1:chrome\updater\prefs.cc:140] ~UpdaterPrefsImpl: C:\Program Files (x86)\Google\GoogleUpdater
[17456:17312:0613/170226.204:VERBOSE1:chrome\updater\updater.cc:335] UpdaterMain (--windows-service) returned 0.
[6156:18064:0613/170226.204:VERBOSE1:chrome\updater\updater.cc:335] UpdaterMain (--windows-service) returned 0.
[1256:16292:0613/170226.204:VERBOSE1:chrome\updater\updater.cc:335] UpdaterMain (--crash-handler) returned 0.
[3924:3872:0613/170226.204:VERBOSE1:chrome\updater\updater.cc:335] UpdaterMain (--crash-handler) returned 0.
[8860:13056:0613/180210.661:VERBOSE1:chrome\updater\updater.cc:328] Version: 138.0.7194.0, opt, 32 bit (x86), command line: "C:\Program Files (x86)\Google\GoogleUpdater\138.0.7194.0\updater.exe" --wake --system
[8860:13056:0613/180210.661:VERBOSE1:chrome\updater\updater.cc:330] OS version: 10.0.22631.5472, System uptime (seconds): 15848, parent pid: 2220
[17888:2032:0613/180210.731:VERBOSE1:chrome\updater\updater.cc:328] Version: 138.0.7194.0, opt, 32 bit (x86), command line: "C:\Program Files (x86)\Google\GoogleUpdater\138.0.7194.0\updater.exe" --crash-handler --system "--database=C:\Program Files (x86)\Google\GoogleUpdater\138.0.7194.0\Crashpad" --url=https://clients2.google.com/cr/report --annotation=prod=Update4 --annotation=ver=138.0.7194.0 "--attachment=C:\Program Files (x86)\Google\GoogleUpdater\updater.log" --initial-client-data=0x2c8,0x2cc,0x2d0,0x2a4,0x2d4,0x7629c0,0x7629cc,0x7629d8
[17888:2032:0613/180210.732:VERBOSE1:chrome\updater\updater.cc:330] OS version: 10.0.22631.5472, System uptime (seconds): 15849, parent pid: 8860
[8860:13056:0613/180210.734:VERBOSE1:chrome\updater\crash_reporter.cc:120] Crash handler launched and ready.
[8860:13056:0613/180210.735:VERBOSE1:chrome\updater\crash_client.cc:106] Found 0 completed crash reports
[8860:13056:0613/180210.735:VERBOSE1:chrome\updater\crash_client.cc:124] Found 0 pending crash reports
[8860:13056:0613/180210.736:VERBOSE2:chrome\updater\update_usage_stats_task_win.cc:41] usage stats enabled by app {8a69d345-d564-463c-aff1-a69d9e530f96}
[8860:13056:0613/180210.737:VERBOSE1:chrome\updater\updater.cc:90] Crash reporting initialized.
[8860:13056:0613/180210.739:VERBOSE1:chrome\updater\updater.cc:145] IsUserAdmin: 1, IsUserNonElevatedAdmin: 0, IsUACOn: 1, IsElevatedWithUACOn: 1, LUA: 1
[8860:13056:0613/180210.764:VERBOSE1:chrome\updater\ipc\update_service_internal_proxy_win.cc:156] Run
[16916:16400:0613/180210.850:VERBOSE1:chrome\updater\updater.cc:328] Version: 138.0.7194.0, opt, 32 bit (x86), command line: "C:\Program Files (x86)\Google\GoogleUpdater\138.0.7194.0\updater.exe" --system --windows-service --service=update-internal
[16916:16400:0613/180210.850:VERBOSE1:chrome\updater\updater.cc:330] OS version: 10.0.22631.5472, System uptime (seconds): 15849, parent pid: 960
[12772:3724:0613/180210.929:VERBOSE1:chrome\updater\updater.cc:328] Version: 138.0.7194.0, opt, 32 bit (x86), command line: "C:\Program Files (x86)\Google\GoogleUpdater\138.0.7194.0\updater.exe" --crash-handler --system "--database=C:\Program Files (x86)\Google\GoogleUpdater\138.0.7194.0\Crashpad" --url=https://clients2.google.com/cr/report --annotation=prod=Update4 --annotation=ver=138.0.7194.0 "--attachment=C:\Program Files (x86)\Google\GoogleUpdater\updater.log" --initial-client-data=0x2c8,0x2cc,0x2d0,0x280,0x2d4,0x7629c0,0x7629cc,0x7629d8
[12772:3724:0613/180210.929:VERBOSE1:chrome\updater\updater.cc:330] OS version: 10.0.22631.5472, System uptime (seconds): 15849, parent pid: 16916
[16916:16400:0613/180210.932:VERBOSE1:chrome\updater\crash_reporter.cc:120] Crash handler launched and ready.
[16916:16400:0613/180210.933:VERBOSE1:chrome\updater\crash_client.cc:106] Found 0 completed crash reports
[16916:16400:0613/180210.933:VERBOSE1:chrome\updater\crash_client.cc:124] Found 0 pending crash reports
[16916:16400:0613/180210.934:VERBOSE2:chrome\updater\update_usage_stats_task_win.cc:41] usage stats enabled by app {8a69d345-d564-463c-aff1-a69d9e530f96}
[16916:16400:0613/180210.935:VERBOSE1:chrome\updater\updater.cc:90] Crash reporting initialized.
[16916:16400:0613/180210.937:VERBOSE1:chrome\updater\updater.cc:145] IsUserAdmin: 1, IsUserNonElevatedAdmin: 0, IsUACOn: 1, IsElevatedWithUACOn: 1, LUA: 1
[16916:9304:0613/180210.966:VERBOSE2:chrome\updater\app\server\win\updater_service_delegate.cc:60] Running COM server within the Windows Service
[16916:9304:0613/180210.966:VERBOSE2:chrome\updater\app\app_server.cc:57] ModeCheck
[16916:9304:0613/180210.966:VERBOSE2:chrome\updater\prefs.cc:89] CreateGlobalPrefsInternal
[16916:9304:0613/180210.967:VERBOSE1:chrome\updater\prefs.cc:135] UpdaterPrefsImpl (global): C:\Program Files (x86)\Google\GoogleUpdater
[16916:9304:0613/180210.967:VERBOSE2:chrome\updater\app\app_server.cc:70] This version: 138.0.7194.0, active version: 138.0.7194.0
[16916:9304:0613/180210.967:VERBOSE1:chrome\updater\win\setup\setup_util.cc:263] AreComInterfacesPresent: scope: System: is_internal: 1
[16916:9304:0613/180210.969:VERBOSE2:chrome\updater\win\setup\setup_util.cc:284] AreComInterfacesPresent: all interfaces present
[16916:9304:0613/180210.969:VERBOSE2:chrome\updater\prefs.cc:208] CreateLocalPrefs
[16916:9304:0613/180210.970:VERBOSE1:chrome\updater\prefs.cc:135] UpdaterPrefsImpl (local): C:\Program Files (x86)\Google\GoogleUpdater\138.0.7194.0
[16916:9304:0613/180210.970:VERBOSE1:chrome\updater\prefs.cc:140] ~UpdaterPrefsImpl: C:\Program Files (x86)\Google\GoogleUpdater
[16916:9304:0613/180211.003:VERBOSE2:chrome\updater\app\app_server_win.cc:300] Starting task, Microsoft::WRL::Module count: 2
[16916:9304:0613/180211.003:VERBOSE1:chrome\updater\update_service_internal_impl.cc:25] Run
[16916:9304:0613/180211.003:VERBOSE1:chrome\updater\ipc\update_service_proxy_win.cc:1090] RunPeriodicTasks
[16500:3472:0613/180211.071:VERBOSE1:chrome\updater\updater.cc:328] Version: 138.0.7194.0, opt, 32 bit (x86), command line: "C:\Program Files (x86)\Google\GoogleUpdater\138.0.7194.0\updater.exe" --system --windows-service --service=update
[16500:3472:0613/180211.071:VERBOSE1:chrome\updater\updater.cc:330] OS version: 10.0.22631.5472, System uptime (seconds): 15849, parent pid: 960
[17852:8268:0613/180211.145:VERBOSE1:chrome\updater\updater.cc:328] Version: 138.0.7194.0, opt, 32 bit (x86), command line: "C:\Program Files (x86)\Google\GoogleUpdater\138.0.7194.0\updater.exe" --crash-handler --system "--database=C:\Program Files (x86)\Google\GoogleUpdater\138.0.7194.0\Crashpad" --url=https://clients2.google.com/cr/report --annotation=prod=Update4 --annotation=ver=138.0.7194.0 "--attachment=C:\Program Files (x86)\Google\GoogleUpdater\updater.log" --initial-client-data=0x2c8,0x2cc,0x2d0,0x2a4,0x2d4,0x7629c0,0x7629cc,0x7629d8
[17852:8268:0613/180211.145:VERBOSE1:chrome\updater\updater.cc:330] OS version: 10.0.22631.5472, System uptime (seconds): 15849, parent pid: 16500
[16500:3472:0613/180211.148:VERBOSE1:chrome\updater\crash_reporter.cc:120] Crash handler launched and ready.
[16500:3472:0613/180211.149:VERBOSE1:chrome\updater\crash_client.cc:106] Found 0 completed crash reports
[16500:3472:0613/180211.149:VERBOSE1:chrome\updater\crash_client.cc:124] Found 0 pending crash reports
[16500:3472:0613/180211.150:VERBOSE2:chrome\updater\update_usage_stats_task_win.cc:41] usage stats enabled by app {8a69d345-d564-463c-aff1-a69d9e530f96}
[16500:3472:0613/180211.151:VERBOSE1:chrome\updater\updater.cc:90] Crash reporting initialized.
[16500:3472:0613/180211.153:VERBOSE1:chrome\updater\updater.cc:145] IsUserAdmin: 1, IsUserNonElevatedAdmin: 0, IsUACOn: 1, IsElevatedWithUACOn: 1, LUA: 1
[16500:1868:0613/180211.182:VERBOSE2:chrome\updater\app\server\win\updater_service_delegate.cc:60] Running COM server within the Windows Service
[16500:1868:0613/180211.182:VERBOSE2:chrome\updater\app\app_server.cc:57] ModeCheck
[16500:1868:0613/180211.182:VERBOSE2:chrome\updater\prefs.cc:89] CreateGlobalPrefsInternal
[16500:1868:0613/180211.183:VERBOSE1:chrome\updater\prefs.cc:135] UpdaterPrefsImpl (global): C:\Program Files (x86)\Google\GoogleUpdater
[16500:1868:0613/180211.183:VERBOSE2:chrome\updater\app\app_server.cc:70] This version: 138.0.7194.0, active version: 138.0.7194.0
[16500:1868:0613/180211.183:VERBOSE1:chrome\updater\win\setup\setup_util.cc:263] AreComInterfacesPresent: scope: System: is_internal: 0
[16500:1868:0613/180211.207:VERBOSE2:chrome\updater\win\setup\setup_util.cc:284] AreComInterfacesPresent: all interfaces present
[16500:1868:0613/180211.207:VERBOSE2:chrome\updater\prefs.cc:208] CreateLocalPrefs
[16500:1868:0613/180211.207:VERBOSE1:chrome\updater\prefs.cc:135] UpdaterPrefsImpl (local): C:\Program Files (x86)\Google\GoogleUpdater\138.0.7194.0
[16500:1868:0613/180211.208:VERBOSE1:chrome\enterprise_companion\device_management_storage\dm_storage_win.cc:242] GetDmToken: token not found.
[16500:1868:0613/180211.208:VERBOSE1:chrome\enterprise_companion\device_management_storage\dm_storage.cc:218] No valid DM token.
[16500:1868:0613/180211.228:VERBOSE1:chrome\updater\policy\service.cc:146] Current effective policies:
{
  LastCheckPeriod = 270 (Default)
}

[16500:1868:0613/180211.228:VERBOSE1:chrome\updater\prefs.cc:140] ~UpdaterPrefsImpl: C:\Program Files (x86)\Google\GoogleUpdater\138.0.7194.0
[16500:1868:0613/180211.264:VERBOSE2:chrome\updater\app\app_server_win.cc:300] Starting task, Microsoft::WRL::Module count: 2
[16500:1868:0613/180211.264:VERBOSE2:chrome\updater\util\win_util.cc:1433] OemInstallTime not found
[16500:1868:0613/180211.264:VERBOSE1:chrome\updater\update_service_impl_impl.cc:820] RunPeriodicTasks
[16500:1868:0613/180211.264:VERBOSE1:chrome\updater\update_service_impl_impl.cc:825] last_started updated.
[16500:1868:0613/180211.527:VERBOSE2:chrome\updater\util\win_util.cc:1239] Cohort values: 1:gu:, Stable, 
[16500:3792:0613/180212.546:VERBOSE2:chrome\updater\update_usage_stats_task_win.cc:41] usage stats enabled by app {8a69d345-d564-463c-aff1-a69d9e530f96}
[16500:1868:0613/180213.512:VERBOSE1:chrome\updater\update_service_impl_impl.cc:713] FetchPolicies
[16500:3792:0613/180213.512:VERBOSE1:chrome\enterprise_companion\device_management_storage\dm_storage_win.cc:242] GetDmToken: token not found.
[16500:3792:0613/180213.512:VERBOSE1:chrome\enterprise_companion\device_management_storage\dm_storage_win.cc:40] ReadRegistryString: failed to read registry: Software\Policies\Google\CloudManagement\@EnrollmentToken
[16500:3792:0613/180213.512:VERBOSE1:chrome\enterprise_companion\device_management_storage\dm_storage_win.cc:40] ReadRegistryString: failed to read registry: Software\Policies\Google\Chrome\@CloudManagementEnrollmentToken
[16500:3792:0613/180213.512:VERBOSE1:chrome\enterprise_companion\device_management_storage\dm_storage_win.cc:40] ReadRegistryString: failed to read registry: Software\Google\Update\Clients\{44fc7fe2-65ce-487c-93f4-edee46eeaaab}@CloudManagementEnrollmentToken
[16500:3792:0613/180213.513:VERBOSE1:chrome\enterprise_companion\device_management_storage\dm_storage_win.cc:40] ReadRegistryString: failed to read registry: Software\Google\Update\Clients\{430fd4d0-b729-4f61-aa34-91526481799d}@CloudManagementEnrollmentToken
[16500:1868:0613/180213.513:VERBOSE2:chrome\updater\policy\service.cc:182] Device is not CBCM managed, skipped policy fetch.
[16500:1868:0613/180213.513:VERBOSE1:chrome\updater\policy\service.cc:207] FetchPoliciesDone: 0
[16500:1868:0613/180213.513:VERBOSE1:chrome\updater\policy\service.cc:212] Policies after refresh:
{
  LastCheckPeriod = 270 (Default)
}

[16500:1868:0613/180214.091:VERBOSE1:chrome\updater\update_service_impl_impl.cc:1083] UpdateAll
[16500:1868:0613/180214.096:VERBOSE1:chrome\updater\update_service_impl_impl.cc:128] GetComponents. Same version update: not allowed
[16500:1868:0613/180214.097:VERBOSE1:chrome\updater\installer.cc:134] MakeCrxComponentFromAppInfo for {44fc7fe2-65ce-487c-93f4-edee46eeaaab}
[16500:1868:0613/180214.097:VERBOSE1:chrome\updater\installer.cc:134] MakeCrxComponentFromAppInfo for {8a69d345-d564-463c-aff1-a69d9e530f96}
[16500:1868:0613/180214.099:VERBOSE1:chrome\updater\net\network_fetcher_win.cc:54] Using the system configuration for proxy.
[16500:1868:0613/180214.116:VERBOSE2:chrome\updater\net\network_fetcher_win.cc:203] Impl: Successfully got logged on user token. Impersonate result: 0
[16500:1868:0613/180214.143:VERBOSE2:components\update_client\request_sender.cc:95] url: https://update.googleapis.com/service/update2/json
[16500:1868:0613/180214.144:VERBOSE2:components\update_client\request_sender.cc:104] Sending Omaha request: {"request":{"@os":"win","@updater":"updater","acceptformat":"crx3,download,puff,run,xz,zucc","apps":[{"appid":"{44fc7fe2-65ce-487c-93f4-edee46eeaaab}","cohort":"1:scr:","cohortname":"Everyone","enabled":true,"installdate":6735,"ping":{"ping_freshness":"{2f2c06aa-718a-40b7-9f72-206567fe1b96}","rd":6738},"updatecheck":{},"version":"138.0.7194.0"},{"ap":"x64-statsdef_1","appid":"{8a69d345-d564-463c-aff1-a69d9e530f96}","brand":"ONGR","cached_items":[{"sha256":"a017a3bf1dbaf31d3ae7114cc3cf1767b0ef199ff6dd08303e54083f7a9f5048"}],"cohort":"1:gu:","cohortname":"Stable","enabled":true,"installdate":6735,"lang":"en","ping":{"ad":6738,"ping_freshness":"{5210d652-bc8e-4691-8b42-6e284e93a8f8}","rd":6738},"updatecheck":{},"version":"137.0.7151.104"}],"arch":"x86","dedup":"cr","domainjoined":false,"hw":{"avx":false,"physmemory":16,"sse":true,"sse2":true,"sse3":true,"sse41":true,"sse42":true,"ssse3":true},"ismachine":true,"nacl_arch":"x86-64","os":{"arch":"x86_64","platform":"Windows","version":"10.0.22631.5472"},"prodversion":"138.0.7194.0","protocol":"4.0","requestid":"{56b077a4-f74f-4b8a-bc73-0732e459941f}","sessionid":"{55a15503-136f-44c9-a7e3-a9b93c493a15}","updaterversion":"138.0.7194.0","wow64":true}}
[16500:1868:0613/180214.144:VERBOSE2:chrome\updater\net\network_fetcher_win.cc:123] PostRequest
[16500:3792:0613/180214.144:VERBOSE1:components\winhttp\proxy_configuration.cc:123] Auto-proxy: winhttp uses the user settings for proxy.
[16500:12984:0613/180214.162:VERBOSE1:components\winhttp\network_fetcher.cc:526] hostname: update.googleapis.com
[16500:18032:0613/180214.202:VERBOSE1:components\winhttp\network_fetcher.cc:535] ip: [2607:f8b0:4006:81f::2003]
[16500:1868:0613/180214.413:VERBOSE2:chrome\updater\net\network_fetcher_win.cc:151] PostRequestComplete: response code=200
[16500:1868:0613/180214.413:VERBOSE1:components\update_client\request_sender.cc:188] Request completed from url: https://update.googleapis.com/service/update2/json?cup2key=15:nEOjDE6EjcY-urN7xY7qWrCCPiXgqFsSQFfJGSvmqFs&cup2hreq=1cffb3628dd88c9b5fd4a8a43960f694a8d38be24c4804c052d917bd529adc29
[16500:1868:0613/180214.413:VERBOSE2:components\update_client\request_sender.cc:136] Omaha response received: )]}'
{"response":{"server":"prod","protocol":"4.0","daystart":{"elapsed_seconds":54144,"elapsed_days":6738},"apps":[{"appid":"{44fc7fe2-65ce-487c-93f4-edee46eeaaab}","cohort":"1:scr:","status":"ok","cohortname":"Everyone","ping":{"status":"ok"},"updatecheck":{"status":"noupdate"}},{"appid":"{8a69d345-d564-463c-aff1-a69d9e530f96}","cohort":"1:gu:","status":"ok","cohortname":"Stable","ping":{"status":"ok"},"updatecheck":{"status":"noupdate"}}]}}
[16500:1868:0613/180214.431:VERBOSE1:chrome\updater\update_service_impl_impl.cc:1106] last_checked updated.
[16500:1868:0613/180214.431:INFO:chrome\updater\check_for_updates_task.cc:88] UpdateAll task complete: 0
[16500:1868:0613/180214.811:VERBOSE1:chrome\updater\update_service_impl_impl.cc:928] ForceInstall
[16500:1868:0613/180214.811:INFO:chrome\updater\update_service_impl_impl.cc:884] ForceInstall task complete: 0
[16916:16876:0613/180215.615:VERBOSE2:chrome\updater\ipc\update_service_proxy_win.cc:255] Run
[16916:9304:0613/180215.615:VERBOSE1:chrome\updater\ipc\update_service_proxy_win.cc:1048] ~UpdateServiceProxyImpl
[16916:4072:0613/180215.615:VERBOSE2:chrome\updater\ipc\proxy_impl_base_win.h:62] ~ProxyImplBase
[8860:7628:0613/180215.618:VERBOSE2:chrome\updater\ipc\update_service_internal_proxy_win.cc:65] Run result 0.
[16916:17928:0613/180215.618:VERBOSE2:chrome\updater\app\server\win\com_classes.cc:891] UpdaterInternalImpl::Run. IUpdaterInternalCallback::Run returned 0
[8860:13056:0613/180215.619:VERBOSE1:chrome\updater\ipc\update_service_internal_proxy_win.cc:148] ~UpdateServiceInternalProxyImpl
[8860:13404:0613/180215.619:VERBOSE2:chrome\updater\ipc\proxy_impl_base_win.h:62] ~ProxyImplBase
[8860:13056:0613/180215.622:VERBOSE1:chrome\updater\updater.cc:335] UpdaterMain (--wake) returned 0.
[17888:2032:0613/180215.633:VERBOSE1:chrome\updater\updater.cc:335] UpdaterMain (--crash-handler) returned 0.
[16500:1868:0613/180225.614:VERBOSE2:chrome\updater\app\app_server_win.cc:252] Stop: COM server is shutting down.
[16500:1868:0613/180225.614:VERBOSE2:chrome\updater\app\app_server_win.cc:312] Completed task, Microsoft::WRL::Module count: 0
[16500:3792:0613/180225.614:VERBOSE1:chrome\updater\prefs.cc:235] Prefs committed.
[16500:1868:0613/180225.616:VERBOSE1:chrome\updater\prefs.cc:140] ~UpdaterPrefsImpl: C:\Program Files (x86)\Google\GoogleUpdater
[16500:3472:0613/180225.619:VERBOSE1:chrome\updater\updater.cc:335] UpdaterMain (--windows-service) returned 0.
[16916:9304:0613/180225.629:VERBOSE2:chrome\updater\app\app_server_win.cc:252] Stop: COM server is shutting down.
[16916:9304:0613/180225.629:VERBOSE2:chrome\updater\app\app_server_win.cc:312] Completed task, Microsoft::WRL::Module count: 0
[16916:17928:0613/180225.629:VERBOSE1:chrome\updater\prefs.cc:235] Prefs committed.
[17852:8268:0613/180225.629:VERBOSE1:chrome\updater\updater.cc:335] UpdaterMain (--crash-handler) returned 0.
[16916:9304:0613/180225.629:VERBOSE1:chrome\updater\prefs.cc:140] ~UpdaterPrefsImpl: C:\Program Files (x86)\Google\GoogleUpdater\138.0.7194.0
[16916:16400:0613/180225.632:VERBOSE1:chrome\updater\updater.cc:335] UpdaterMain (--windows-service) returned 0.
[12772:3724:0613/180225.640:VERBOSE1:chrome\updater\updater.cc:335] UpdaterMain (--crash-handler) returned 0.
